player_name,college,position,height,weight,forty_yard_dash,bench_press,vertical_jump,broad_jump,three_cone,shuttle,speed_score,rush_attempts,rush_yards,rush_tds,receptions,rec_yards,rec_tds,total_touchdowns,games_played,team_pass_attempts,team_rec_yards,team_rec_tds,rec_yards_share,rec_td_share,dominator_rating,rec_yards_per_team_pass_att,projected_pick,slap_v5_score,dc_score,delta_vs_dc,slap_tier
Jeremiyah Love,Notre Dame,RB,,214.0,,,,,,,49.7,199.0,1372.0,18.0,27.0,280.0,3.0,21.0,12.0,322.0,3061.0,25.0,9.1,12.0,10.6,0.87,9,97.2,96.4,0.8,Elite
Jadarian Price,Notre Dame,RB,,209.0,,,,,,,49.7,113.0,674.0,11.0,6.0,87.0,2.0,13.0,12.0,322.0,3061.0,25.0,2.8,8.0,5.4,0.27,53,72.6,84.5,-11.9,Strong
Jonah Coleman,Washington,RB,,228.0,,,,,,,42.6,156.0,758.0,15.0,31.0,354.0,2.0,17.0,13.0,370.0,3178.0,26.0,11.1,7.7,9.4,0.96,75,85.4,77.0,8.4,Elite
Emmett Johnson,Nebraska,RB,,200.0,,,,,,,42.6,251.0,1451.0,12.0,46.0,370.0,3.0,15.0,13.0,378.0,2920.0,23.0,12.7,13.0,12.9,0.98,77,85.8,76.6,9.2,Elite
Nick Singleton,Penn State,RB,,219.0,,,,,,,42.6,123.0,549.0,13.0,24.0,219.0,1.0,14.0,13.0,339.0,2439.0,16.0,9.0,6.2,7.6,0.65,113,65.6,63.4,2.2,Strong
Mike Washington Jr.,Arkansas,RB,,217.0,,,,,,,42.6,168.0,1068.0,8.0,28.0,226.0,1.0,9.0,12.0,381.0,3155.0,22.0,7.2,4.5,5.9,0.59,118,60.8,60.8,0.0,Strong
Kaytron Allen,Penn State,RB,,217.0,,,,,,,42.6,210.0,1303.0,15.0,18.0,68.0,0.0,15.0,13.0,339.0,2439.0,16.0,2.8,0.0,1.4,0.2,126,38.8,54.4,-15.6,Long Shot
Seth McGowan,Kentucky,RB,,215.0,,,,,,,42.6,165.0,725.0,12.0,19.0,126.0,0.0,12.0,12.0,367.0,2423.0,15.0,5.2,0.0,2.6,0.34,159,27.8,37.0,-9.2,Long Shot
Kaelon Black,Indiana,RB,,210.0,,,,,,,42.6,187.0,1039.0,10.0,4.0,36.0,0.0,10.0,16.0,406.0,3826.0,46.0,0.9,0.0,0.5,0.09,161,19.5,37.0,-17.5,Long Shot
Adam Randall,Clemson,RB,,230.0,,,,,,,42.6,168.0,814.0,10.0,36.0,254.0,3.0,13.0,13.0,474.0,3481.0,22.0,7.3,13.6,10.5,0.54,194,28.7,25.8,2.9,Long Shot
Demond Claiborne,Wake Forest,RB,,195.0,,,,,,,42.6,179.0,905.0,10.0,28.0,140.0,0.0,10.0,13.0,406.0,3090.0,18.0,4.5,0.0,2.3,0.34,195,20.3,25.2,-4.9,Long Shot
Roman Hemby,Indiana,RB,,208.0,,,,,,,42.6,230.0,1120.0,7.0,17.0,165.0,0.0,7.0,16.0,406.0,3826.0,46.0,4.3,0.0,2.2,0.41,197,20.8,24.3,-3.5,Long Shot
Robert Henry Jr.,UTSA,RB,,210.0,,,,,,,42.6,151.0,1045.0,9.0,18.0,114.0,2.0,11.0,13.0,448.0,3214.0,34.0,3.5,5.9,4.7,0.25,215,11.5,16.8,-5.3,Long Shot
J'Mari Taylor,Virginia,RB,,204.0,,,,,,,42.6,222.0,1062.0,14.0,43.0,253.0,1.0,15.0,14.0,492.0,3348.0,18.0,7.6,5.6,6.6,0.51,222,17.7,14.2,3.5,Long Shot
Eli Heidenreich,Navy,RB,,206.0,,,,,,,42.6,77.0,499.0,3.0,51.0,941.0,6.0,9.0,13.0,182.0,1690.0,12.0,55.7,50.0,52.8,5.17,228,67.4,12.9,54.5,Strong
Le'Veon Moss,Texas A&M,RB,,210.0,,,,,,,42.6,77.0,404.0,6.0,2.0,3.0,0.0,6.0,13.0,408.0,3378.0,26.0,0.1,0.0,0.0,0.01,244,1.0,6.3,-5.3,Long Shot
Rueben Owens,Texas A&M,RB,,215.0,,,,,,,42.6,119.0,639.0,5.0,13.0,130.0,0.0,5.0,13.0,408.0,3378.0,26.0,3.8,0.0,1.9,0.32,250,8.0,4.1,3.9,Long Shot
Kedrick Reescano,Arizona,RB,,213.0,,,,,,,42.6,84.0,396.0,9.0,3.0,12.0,0.0,9.0,13.0,447.0,3318.0,29.0,0.4,0.0,0.2,0.03,250,1.0,4.1,-3.1,Long Shot
Djay Braswell,Georgia State,RB,,215.0,,,,,,,42.6,29.0,104.0,0.0,7.0,17.0,0.0,0.0,12.0,475.0,3053.0,22.0,0.6,0.0,0.3,0.04,250,1.0,4.1,-3.1,Long Shot
Quinten Joyner,Texas Tech,RB,,205.0,,,,,,,42.6,,,,,,,,14.0,486.0,3887.0,33.0,,,,,250,1.0,4.1,-3.1,Long Shot
Samuel Singleton Jr.,Florida State,RB,,205.0,,,,,,,42.6,51.0,360.0,4.0,1.0,16.0,0.0,4.0,12.0,339.0,3041.0,20.0,0.5,0.0,0.3,0.05,250,1.0,4.1,-3.1,Long Shot
Kaden Feagin,Illinois,RB,,250.0,,,,,,,42.6,122.0,507.0,7.0,16.0,188.0,2.0,9.0,13.0,372.0,3065.0,23.0,6.1,8.7,7.4,0.51,250,12.0,4.1,7.9,Long Shot
Branson Robinson,Georgia State,RB,,211.0,,,,,,,42.6,46.0,148.0,1.0,5.0,22.0,0.0,1.0,12.0,475.0,3053.0,22.0,0.7,0.0,0.4,0.05,250,1.0,4.1,-3.1,Long Shot
Derrick Davis Jr.,Pittsburgh,RB,,210.0,,,,,,,42.6,,,,,,,,13.0,443.0,3556.0,29.0,,,,,250,1.0,4.1,-3.1,Long Shot
TJ Harden,SMU,RB,,,,,,,,,42.6,171.0,787.0,9.0,19.0,99.0,1.0,10.0,13.0,460.0,3680.0,26.0,2.7,3.8,3.3,0.22,250,3.6,4.1,-0.5,Long Shot
Noah Whittington,Oregon,RB,,203.0,,,,,,,42.6,129.0,829.0,6.0,19.0,98.0,1.0,7.0,15.0,437.0,3804.0,31.0,2.6,3.2,2.9,0.22,276,1.0,1.0,0.0,Long Shot
Chip Trayanum,Toledo,RB,,233.0,,,,,,,42.6,,,,,212.0,,,13.0,399.0,3095.0,27.0,6.8,,,0.53,327,1.0,1.0,0.0,Long Shot
Kentrel Bullock,South Alabama,RB,,205.0,,,,,,,42.6,218.0,1085.0,14.0,14.0,53.0,1.0,15.0,12.0,310.0,2173.0,13.0,2.4,7.7,5.1,0.17,328,1.0,1.0,0.0,Long Shot
Jaydn Ott,Oklahoma,RB,,205.0,,,,,,,42.6,21.0,68.0,0.0,2.0,10.0,0.0,0.0,13.0,431.0,3066.0,17.0,0.3,0.0,0.2,0.02,347,1.0,1.0,0.0,Long Shot
Jamarion Miller,Alabama,RB,,221.0,,,,,,,42.6,130.0,504.0,3.0,19.0,109.0,0.0,3.0,15.0,523.0,3953.0,32.0,2.8,0.0,1.4,0.21,357,1.0,1.0,0.0,Long Shot
Curtis Allen,Virginia Union,RB,,,,,,,,,42.6,,,,,,,,,,,,,,,,367,1.0,1.0,0.0,Long Shot
C.J. Donaldson,Ohio State,RB,,225.0,,,,,,,42.6,96.0,361.0,10.0,15.0,96.0,1.0,11.0,14.0,408.0,3755.0,33.0,2.6,3.0,2.8,0.24,368,1.0,1.0,0.0,Long Shot
Jamal Haynes,Georgia Tech,RB,,190.0,,,,,,,42.6,124.0,531.0,5.0,33.0,257.0,0.0,5.0,13.0,394.0,3413.0,16.0,7.5,0.0,3.8,0.65,388,1.0,1.0,0.0,Long Shot
Kejon Owens,Florida International,RB,,210.0,,,,,,,42.6,,,,,67.0,,,,429.0,,,,,,0.16,389,1.0,1.0,0.0,Long Shot
Desmond Reid,Pittsburgh,RB,,175.0,,,,,,,42.6,60.0,278.0,2.0,23.0,317.0,2.0,4.0,13.0,464.0,3556.0,29.0,8.9,6.9,7.9,0.68,393,1.0,1.0,0.0,Long Shot
Dean Connors,Houston,RB,,206.0,,,,,,,42.6,200.0,977.0,6.0,34.0,254.0,3.0,9.0,13.0,377.0,2813.0,26.0,9.0,11.5,10.3,0.67,414,1.0,1.0,0.0,Long Shot
Rahsul Faison,South Carolina,RB,,218.0,,,,,,,42.6,96.0,470.0,3.0,19.0,118.0,0.0,3.0,12.0,342.0,2703.0,13.0,4.4,0.0,2.2,0.35,424,1.0,1.0,0.0,Long Shot
Terion Stewart,Virginia Tech,RB,,222.0,,,,,,,42.6,82.0,469.0,0.0,4.0,19.0,0.0,0.0,12.0,319.0,1996.0,17.0,1.0,0.0,0.5,0.06,437,1.0,1.0,0.0,Long Shot
Sedrick Alexander,Vanderbilt,RB,,200.0,,,,,,,42.6,106.0,570.0,11.0,19.0,200.0,4.0,15.0,13.0,400.0,3735.0,30.0,5.4,13.3,9.3,0.5,472,1.0,1.0,0.0,Long Shot
Jaylon Glover,UNLV,RB,,205.0,,,,,,,42.6,64.0,384.0,1.0,6.0,51.0,0.0,1.0,14.0,424.0,3512.0,24.0,1.5,0.0,0.7,0.12,489,1.0,1.0,0.0,Long Shot
TreVonte Citizen,McNeese State,RB,,225.0,,,,,,,42.6,,,,,,,,,,,,,,,,493,1.0,1.0,0.0,Long Shot
Savion Red,Sacramento State,RB,,233.0,,,,,,,42.6,12.0,58.0,0.0,1.0,-3.0,0.0,0.0,12.0,308.0,,,,,,-0.01,511,1.0,1.0,0.0,Long Shot
Richard Reese,Stephen F. Austin,RB,,175.0,,,,,,,42.6,73.0,448.0,3.0,6.0,94.0,1.0,4.0,14.0,510.0,,,,,,0.18,515,1.0,1.0,0.0,Long Shot
Andrew Paul,Jacksonville State,RB,,215.0,,,,,,,42.6,30.0,127.0,3.0,2.0,29.0,0.0,3.0,14.0,328.0,2265.0,13.0,1.3,0.0,0.6,0.09,525,1.0,1.0,0.0,Long Shot
Byron Cardwell,San Diego State,RB,,215.0,,,,,,,42.6,48.0,267.0,1.0,5.0,108.0,1.0,2.0,13.0,290.0,2053.0,10.0,5.3,10.0,7.6,0.37,572,1.0,1.0,0.0,Long Shot
Trevion Cooley,Troy,RB,,208.0,,,,,,,42.6,,,,,,,,14.0,394.0,2929.0,20.0,,,,,574,1.0,1.0,0.0,Long Shot
Kadarius Calloway,New Mexico State,RB,,220.0,,,,,,,42.6,117.0,450.0,3.0,26.0,175.0,0.0,3.0,12.0,472.0,3004.0,17.0,5.8,0.0,2.9,0.37,580,1.0,1.0,0.0,Long Shot
L.J. Johnson Jr.,California,RB,,180.0,,,,,,,42.6,33.0,108.0,2.0,4.0,18.0,0.0,2.0,13.0,361.0,3579.0,20.0,0.5,0.0,0.3,0.05,584,1.0,1.0,0.0,Long Shot
Armoni Goodwin,UT Martin,RB,,195.0,,,,,,,42.6,6.0,13.0,0.0,5.0,18.0,0.0,0.0,12.0,443.0,,,,,,0.04,587,1.0,1.0,0.0,Long Shot
Barika Kpeenu,North Dakota State,RB,,199.0,,,,,,,42.6,191.0,1005.0,20.0,19.0,211.0,1.0,21.0,13.0,270.0,,,,,,0.78,598,1.0,1.0,0.0,Long Shot
Logan Diggs,Mississippi,RB,,215.0,,,,,,,42.6,33.0,189.0,4.0,7.0,56.0,0.0,4.0,15.0,523.0,4700.0,26.0,1.2,0.0,0.6,0.11,603,1.0,1.0,0.0,Long Shot
Alton McCaskill IV,Sam Houston State,RB,,205.0,,,,,,,42.6,,,,,,,,,,,,,,,,607,1.0,1.0,0.0,Long Shot
Roydell Williams,Florida State,RB,,221.0,,,,,,,42.6,15.0,46.0,0.0,2.0,19.0,0.0,0.0,12.0,339.0,3041.0,20.0,0.6,0.0,0.3,0.06,635,1.0,1.0,0.0,Long Shot
E.J. Smith,Texas A&M,RB,,,,,,,,,42.6,44.0,205.0,4.0,4.0,18.0,0.0,4.0,13.0,408.0,3378.0,26.0,0.5,0.0,0.3,0.04,642,1.0,1.0,0.0,Long Shot
Dominic Richardson,Tulsa,RB,,210.0,,,,,,,42.6,212.0,1065.0,5.0,20.0,130.0,0.0,5.0,12.0,409.0,2670.0,15.0,4.9,0.0,2.4,0.32,654,1.0,1.0,0.0,Long Shot
Jalen Berger,UCLA,RB,,215.0,,,,,,,42.6,81.0,364.0,2.0,10.0,70.0,2.0,4.0,12.0,361.0,2163.0,15.0,3.2,13.3,8.3,0.19,660,1.0,1.0,0.0,Long Shot
Cam Porter,Northwestern,RB,,215.0,,,,,,,42.6,18.0,137.0,1.0,3.0,23.0,0.0,1.0,13.0,378.0,2417.0,17.0,1.0,0.0,0.5,0.06,660,1.0,1.0,0.0,Long Shot
