player_name,position,college,draft_year,pick,round,slap_display_score,slap_model_score,dc_score,prospect_profile,dataset,te_breakout_score,te_production_score,ras_score,breakout_age,peak_dominator,rec_yards,team_pass_att,pos_rank
Kenyon Sadiq,TE,Oregon,2026,19,1,82.5,65.13,95.9,31.6,2026_prospect,29.8,14.3,60.0,,14.826581943341278,560.0,437.0,1
Eli Stowers,TE,Vanderbilt,2026,74,3,66.5,57.93,77.6,43.1,2026_prospect,66.4,22.0,40.0,21.0,27.806563039723663,765.0,400.0,2
Max Klare,TE,Ohio State,2026,81,3,63.5,55.32,75.4,39.6,2026_prospect,68.0,11.0,40.0,20.8,30.908269317668324,448.0,408.0,3
Justin Joly,TE,NC State,2026,103,4,59.2,53.7,62.9,44.4,2026_prospect,80.3,11.4,40.0,19.3,25.55604012211077,489.0,413.0,4
Michael Trigg,TE,Baylor,2026,94,3,48.2,48.18,69.3,27.0,2026_prospect,31.8,13.6,40.0,22.8,18.670971213344096,694.0,510.0,5
Tanner Koziol,TE,Houston,2026,158,5,38.4,45.35,37.1,42.8,2026_prospect,66.7,20.9,40.0,20.3,28.34964562942963,727.0,377.0,6
Jack Endries,TE,Texas,2026,125,4,35.9,44.74,52.4,30.1,2026_prospect,46.8,6.8,40.0,21.4,18.59701492537313,346.0,420.0,7
Eli Raridon,TE,Notre Dame,2026,140,5,34.1,43.91,45.7,33.2,2026_prospect,45.6,16.4,40.0,21.8,16.19079610345986,482.0,322.0,8
Oscar Delp,TE,Georgia,2026,113,4,29.8,42.66,59.2,20.5,2026_prospect,23.4,4.6,40.0,,8.432956381260096,261.0,417.0,9
Dallen Bentley,TE,Utah,2026,141,5,29.2,42.21,45.7,29.3,2026_prospect,34.1,17.5,40.0,22.5,23.16890881913304,620.0,373.0,10
Joe Royer,TE,Cincinnati,2026,142,5,21.8,40.61,45.1,25.7,2026_prospect,31.7,10.1,40.0,22.7,18.39323467230444,416.0,363.0,11
John Michael Gyllenborg,TE,Wyoming,2026,178,6,20.6,39.49,26.1,34.6,2026_prospect,62.1,3.4,40.0,20.9,19.200351493848856,217.0,384.0,12
Sam Roush,TE,Stanford,2026,159,5,14.5,37.46,37.1,23.4,2026_prospect,22.7,13.1,40.0,23.4,20.473328324567994,545.0,391.0,13
Dae'Quan Wright,TE,Mississippi,2026,179,6,12.6,35.77,26.1,25.6,2026_prospect,29.0,12.6,40.0,,13.996175908221796,635.0,523.0,14
Seydou Traore,TE,Mississippi State,2026,250,7,9.6,34.41,5.9,42.8,2026_prospect,79.1,8.4,40.0,19.8,23.25925925925926,372.0,390.0,15
Nate Boerkircher,TE,Texas A&M,2026,173,5,9.0,33.81,30.7,18.8,2026_prospect,20.9,2.6,40.0,,5.88410104011887,204.0,408.0,16
Jaren Kanak,TE,Oklahoma,2026,250,7,8.4,32.5,5.9,38.1,2026_prospect,61.1,13.7,40.0,20.8,17.29200652528548,533.0,431.0,17
Marlin Klein,TE,Michigan,2026,187,6,8.4,33.24,25.5,21.7,2026_prospect,25.2,6.0,40.0,,10.214168039538714,248.0,340.0,17
Josh Cuevas,TE,Alabama,2026,197,6,8.4,32.09,21.8,21.9,2026_prospect,25.4,6.3,40.0,,10.423535379152929,411.0,523.0,17
Riley Nowakowski,TE,Indiana,2026,211,6,6.5,30.71,17.5,22.6,2026_prospect,25.1,8.4,40.0,,10.128238680973569,387.0,406.0,20
Jack Velling,TE,Michigan State,2026,250,7,3.4,29.34,5.9,30.2,2026_prospect,45.4,8.4,40.0,21.7,15.777351247600768,359.0,378.0,21
Carsen Ryan,TE,BYU,2026,250,7,1.6,26.89,5.9,24.0,2026_prospect,22.5,14.9,40.0,23.2,20.090732339598187,620.0,403.0,22
Lance Mason,TE,Wisconsin,2026,250,7,1.6,27.07,5.9,24.5,2026_prospect,24.7,14.0,40.0,23.4,24.312767257177764,398.0,272.0,22
Toby Payne,TE,Marshall,2026,250,7,1.6,27.48,5.9,25.5,2026_prospect,30.4,11.0,40.0,22.9,15.770465489566613,387.0,335.0,22
Lake McRee,TE,USC,2026,250,7,1.6,26.86,5.9,24.0,2026_prospect,26.6,10.6,40.0,,11.564449064449065,450.0,420.0,22
Matthew Hibner,TE,SMU,2026,250,7,1.6,26.45,5.9,22.9,2026_prospect,26.8,7.7,40.0,,11.825332248440466,436.0,460.0,22
Chamon Metayer,TE,Arizona State,2026,250,7,1.6,26.58,5.9,23.3,2026_prospect,28.0,7.4,40.0,,12.980269989615785,375.0,430.0,22
Nate Rutchena,TE,UC Davis,2026,250,7,1.6,26.95,5.9,24.2,2026_prospect,31.4,6.5,40.0,,,,,22
Dan Villari,TE,Syracuse,2026,250,7,1.6,25.6,5.9,20.8,2026_prospect,20.4,8.5,40.0,24.1,15.77924601632336,412.0,408.0,22
Ty Thompson,TE,Tulane,2026,250,7,1.6,25.74,5.9,21.2,2026_prospect,23.3,6.5,40.0,,8.252032520325203,,425.0,22
Brett Norfleet,TE,Missouri,2026,250,7,1.6,25.94,5.9,21.7,2026_prospect,25.4,5.7,40.0,,10.39279869067103,254.0,361.0,22
R.J. Maryland,TE,SMU,2026,250,7,1.6,26.23,5.9,22.4,2026_prospect,28.3,4.7,40.0,,13.31619537275064,322.0,460.0,22
Bauer Sharp,TE,LSU,2026,250,7,1.6,26.28,5.9,22.5,2026_prospect,29.5,3.9,40.0,,14.522635589421784,252.0,443.0,22
DJ Rogers,TE,TCU,2026,250,7,1.6,25.56,5.9,20.7,2026_prospect,23.5,5.1,40.0,,8.508935716190983,319.0,460.0,22
Cooper Flanagan,TE,Notre Dame,2026,250,7,1.6,24.76,5.9,18.7,2026_prospect,16.7,6.5,40.0,,1.7421602787456445,,322.0,22
Miles Kitselman,TE,Tennessee,2026,250,7,1.6,25.64,5.9,20.9,2026_prospect,25.5,3.6,40.0,,10.465924895688456,253.0,437.0,22
Ethan Davis,TE,Tennessee,2026,250,7,1.6,25.1,5.9,19.6,2026_prospect,21.8,3.7,40.0,,6.756046267087276,257.0,437.0,22
Jameson Geers,TE,Minnesota,2026,250,7,1.6,25.47,5.9,20.5,2026_prospect,25.1,2.8,40.0,,10.13631597343586,206.0,399.0,22
Jerand Bradley,TE,Kansas State,2026,250,7,1.6,25.3,5.9,20.1,2026_prospect,23.7,3.1,40.0,,8.712871287128712,184.0,342.0,22
Josh Kattus,TE,Kentucky,2026,250,7,1.6,25.18,5.9,19.8,2026_prospect,23.0,3.0,40.0,,7.995079950799508,195.0,367.0,22
Andrew Rappleyea,TE,Penn State,2026,250,7,1.6,25.08,5.9,19.5,2026_prospect,22.4,3.0,40.0,,7.395234182415776,180.0,339.0,22
Jaleel Skinner,TE,Louisville,2026,250,7,1.6,25.02,5.9,19.4,2026_prospect,22.2,2.8,40.0,,7.150368033648791,204.0,418.0,22
Khalil Dinkins,TE,Penn State,2026,250,7,1.6,24.93,5.9,19.1,2026_prospect,21.9,2.5,40.0,,6.86113393590797,167.0,339.0,22
Will Kacmarek,TE,Ohio State,2026,250,7,1.6,25.17,5.9,19.7,2026_prospect,24.2,1.8,40.0,,9.204545454545451,168.0,408.0,22
Benji Gosnell,TE,Virginia Tech,2026,250,7,1.6,25.61,5.9,20.8,2026_prospect,28.9,0.0,40.0,,13.878713878713878,86.0,319.0,22
Tanner Arkin,TE,Illinois,2026,250,7,1.6,24.29,5.9,17.5,2026_prospect,19.9,0.1,40.0,,4.948805460750854,114.0,372.0,22
Amari Niblack,TE,Texas A&M,2026,250,7,1.6,25.11,5.9,19.6,2026_prospect,25.6,0.0,40.0,,10.579100614687803,69.0,408.0,22
Jack Pedersen,TE,UCLA,2026,250,7,1.6,24.15,5.9,17.2,2026_prospect,19.2,0.0,40.0,,4.203997243280496,72.0,361.0,22
Luke Hasz,TE,Mississippi,2026,250,7,1.6,25.21,5.9,19.8,2026_prospect,26.2,0.0,40.0,,11.244444444444444,28.0,523.0,22
Holden Staes,TE,Indiana,2026,250,7,1.6,24.35,5.9,17.7,2026_prospect,20.5,0.0,40.0,,5.472636815920398,62.0,406.0,22
Max Bredeson,TE,Michigan,2026,250,7,1.0,23.9,5.9,16.6,2026_prospect,17.5,0.0,40.0,,2.530003243593902,11.0,340.0,51
Davin Stoffel,TE,Illinois,2026,250,7,1.0,23.64,5.9,15.9,2026_prospect,15.8,0.0,40.0,,0.787143325680551,24.0,372.0,51
Joey Schlaffer,TE,Penn State,2026,250,7,1.0,23.64,5.9,15.9,2026_prospect,15.8,0.0,40.0,,0.780608052588332,19.0,339.0,51
Shamar Easter,TE,North Carolina,2026,250,7,1.0,23.65,5.9,15.9,2026_prospect,15.9,0.0,40.0,,0.8608971454463071,17.0,355.0,51
