player_name,position,draft_year,pick,college,dc_score,breakout_age,breakout_score,ras_raw,ras_score,slap_score,slap_tier,best_season_ppg,hit24,hit12,rank
Saquon Barkley,RB,2018,2,Penn St.,98.71149956490876,18.0,100.0,9.97,94.7,98.63977463017244,Elite,26.805882352941175,1.0,1.0,1
Leonard Fournette,RB,2017,4,LSU,96.73123522513825,18.0,100.0,8.04,75.39999999999999,95.99154994136751,Elite,17.04705882352941,1.0,1.0,2
Ezekiel Elliott,RB,2016,4,Ohio St.,96.73123522513825,19.0,90.0,8.65,81.5,95.29654994136752,Elite,21.8,1.0,1.0,3
Amari Cooper,WR,2015,4,Alabama,96.73123522513825,19.0,90.0,8.57,80.7,95.25654994136751,Elite,14.91764705882353,1.0,1.0,4
Corey Davis,WR,2017,5,Western Michigan,95.89012507645334,18.0,100.0,,68.94822695035461,94.95401766250308,Elite,11.258823529411766,0.0,0.0,5
Carnell Tate,WR,2026,4,Ohio State,96.73123522513825,19.0,90.0,,68.94822695035461,94.66896128888524,Elite,,,,6
Kevin White,WR,2015,7,West Virginia,94.38004324460745,19.0,90.0,9.72,92.2,93.83303675791633,Elite,2.2705882352941176,0.0,0.0,7
Ja'Marr Chase,WR,2021,5,LSU,95.89012507645334,20.0,75.0,9.82,93.2,93.66660631498534,Elite,23.705882352941178,1.0,1.0,8
Mike Williams,WR,2017,7,Clemson,94.38004324460745,18.0,100.0,7.24,67.4,93.59303675791634,Elite,14.505882352941176,1.0,0.0,9
John Ross,WR,2017,9,Washington,93.02779892479941,18.0,100.0,9.5,90.0,93.57362908607949,Elite,5.588235294117647,0.0,0.0,10
Bijan Robinson,RB,2023,8,Texas,93.68781610895526,19.0,90.0,9.85,93.5,93.30964369261197,Elite,20.099999999999998,1.0,1.0,11
Jaylen Waddle,WR,2021,6,Alabama,95.11104923064929,19.0,90.0,,68.94822695035461,93.29180319356962,Elite,15.729411764705885,1.0,1.0,12
Marvin Harrison Jr.,WR,2024,4,Ohio St.,96.73123522513825,20.0,75.0,,68.94822695035461,93.16896128888524,Elite,0.0,0.0,0.0,13
Malik Nabers,WR,2024,6,LSU,95.11104923064929,20.0,75.0,9.67,91.69999999999999,92.92939184605189,Elite,16.094117647058823,1.0,1.0,14
Christian McCaffrey,RB,2017,8,Stanford,93.68781610895526,19.0,90.0,8.52,80.19999999999999,92.64464369261198,Elite,28.25294117647059,1.0,1.0,15
Rome Odunze,WR,2024,9,Washington,93.02779892479941,20.0,75.0,9.92,94.2,91.28362908607949,Elite,8.523529411764706,0.0,0.0,16
Jordyn Tyson,WR,2026,7,Arizona State,94.38004324460745,20.0,75.0,,68.94822695035461,91.17044810543406,Elite,,,,17
Chris Olave,WR,2022,11,Ohio St.,91.78610696647006,19.0,90.0,8.64,81.4,91.08819092149955,Elite,13.605882352941178,1.0,0.0,18
Todd Gurley,RB,2015,10,Georgia,92.39513479671196,19.0,90.0,,66.49597701149425,90.86066342777987,Elite,23.8,1.0,1.0,19
Jeremiyah Love,RB,2026,10,Notre Dame,92.39513479671196,19.0,90.0,,66.49597701149425,90.86066342777987,Elite,,,,20
Corey Coleman,WR,2016,15,Baylor,89.53565074279604,18.0,100.0,9.66,91.6,90.68530313137663,Elite,5.488235294117647,0.0,0.0,21
Drake London,WR,2022,8,USC,93.68781610895526,20.0,75.0,,68.94822695035461,90.5820550401297,Elite,16.51764705882353,1.0,1.0,22
Jahmyr Gibbs,RB,2023,12,Alabama,91.19779246495472,19.0,90.0,8.06,75.60000000000001,90.29812359521151,Elite,22.96470588235294,1.0,1.0,23
DeVante Parker,WR,2015,14,Louisville,90.07432750763405,19.0,90.0,9.75,92.5,90.18817838148894,Elite,14.48235294117647,1.0,0.0,24
Garrett Wilson,WR,2022,10,Ohio St.,92.39513479671196,20.0,75.0,7.77,72.69999999999999,89.67086457720517,Great,14.81764705882353,1.0,0.0,25
Henry Ruggs III,WR,2020,12,Alabama,91.19779246495472,20.0,75.0,9.54,90.39999999999999,89.5381235952115,Great,0.0,0.0,0.0,26
DeVonta Smith,WR,2021,10,Alabama,92.39513479671196,20.0,75.0,,68.94822695035461,89.48327592472289,Great,17.370588235294118,1.0,1.0,27
Melvin Gordon,RB,2015,15,Wisconsin,89.53565074279604,20.0,75.0,8.74,82.4,87.72530313137663,Great,17.435294117647057,1.0,1.0,28
CeeDee Lamb,WR,2020,17,Oklahoma,88.49760662357517,19.0,90.0,7.44,69.4,87.69296563003888,Great,25.04117647058824,1.0,1.0,29
Josh Doctson,WR,2016,22,TCU,86.0877712199221,18.0,100.0,9.41,89.1,87.62960553693378,Great,7.047058823529412,0.0,0.0,30
D.J. Moore,WR,2018,24,Maryland,85.18360526375135,18.0,100.0,9.65,91.5,86.98106447418864,Great,14.005882352941176,1.0,0.0,31
Jameson Williams,WR,2022,12,Alabama,91.19779246495472,21.0,60.0,,68.94822695035461,86.96553494272924,Great,13.36470588235294,1.0,0.0,32
Will Fuller,WR,2016,21,Notre Dame,86.55153502322084,18.0,100.0,7.17,66.7,86.9038047697377,Great,11.111764705882353,0.0,0.0,33
Jerry Jeudy,WR,2020,15,Alabama,89.53565074279604,20.0,75.0,6.76,62.599999999999994,86.73530313137663,Great,14.170588235294119,1.0,0.0,34
Quentin Johnston,WR,2023,21,TCU,86.55153502322084,19.0,90.0,8.68,81.8,86.65880476973771,Great,10.276470588235295,0.0,0.0,35
Makai Lemon,WR,2026,16,USC,89.01046080303611,20.0,75.0,,68.94822695035461,86.60630303009842,Great,,,,36
Treylon Burks,WR,2022,18,Arkansas,87.9960967734834,19.0,90.0,5.79,52.9,86.44168225746088,Great,5.182352941176471,0.0,0.0,37
Travis Etienne,RB,2021,25,Clemson,84.74230353324101,18.0,100.0,9.12,86.19999999999999,86.34095800325487,Great,16.61176470588235,1.0,1.0,38
Jahan Dotson,WR,2022,16,Penn St.,89.01046080303611,20.0,75.0,6.33,58.3,86.0738916825807,Great,7.68235294117647,0.0,0.0,39
Zay Flowers,WR,2023,22,Boston Col.,86.0877712199221,19.0,90.0,8.29,77.89999999999999,86.06960553693378,Great,13.847058823529412,1.0,0.0,40
Jaxon Smith-Njigba,WR,2023,20,Ohio St.,87.02377097693456,20.0,75.0,8.34,78.4,85.39020533039438,Great,14.799999999999999,1.0,0.0,41
Justin Jefferson,WR,2020,22,LSU,86.0877712199221,20.0,75.0,9.69,91.89999999999999,85.26960553693378,Great,22.294117647058822,1.0,1.0,42
Nelson Agholor,WR,2015,20,USC,87.02377097693456,20.0,75.0,7.38,68.8,84.91020533039438,Great,13.064705882352941,1.0,0.0,43
Marquise Brown,WR,2019,25,Oklahoma,84.74230353324101,19.0,90.0,,68.94822695035461,84.4783693507726,Great,13.311764705882354,1.0,0.0,44
Xavier Worthy,WR,2024,28,Texas,83.45697985379842,19.0,90.0,9.41,89.1,84.39343287572865,Great,14.923529411764704,1.0,1.0,45
Kadarius Toney,WR,2021,20,Florida,87.02377097693456,21.0,60.0,8.99,84.9,84.21520533039438,Great,4.8,0.0,0.0,46
Sony Michel,RB,2018,31,Georgia,82.22305120306456,18.0,100.0,8.95,84.5,84.11459352260486,Great,12.388235294117647,1.0,0.0,47
Rashod Bateman,WR,2021,27,Minnesota,83.87932650686992,19.0,90.0,8.04,75.39999999999999,84.06742753083942,Great,11.858823529411765,0.0,0.0,48
Calvin Ridley,WR,2018,26,Alabama,84.3076609651975,18.0,100.0,5.12,46.2,83.97151182041787,Great,16.558823529411764,1.0,1.0,49
Breshad Perriman,WR,2015,26,Central Florida,84.3076609651975,20.0,75.0,9.95,94.5,83.88651182041787,Great,8.123529411764705,0.0,0.0,50
Jalen Reagor,WR,2020,21,TCU,86.55153502322084,20.0,75.0,6.03,55.300000000000004,83.83380476973771,Great,4.776470588235294,0.0,0.0,51
Kevin Concepcion,WR,2026,27,Texas A&M,83.87932650686992,19.0,90.0,,68.94822695035461,83.74483887835716,Great,,,,52
Phillip Dorsett,WR,2015,29,Miami (FL),83.040327760146,19.0,90.0,8.47,79.7,83.5692785961241,Great,6.229411764705882,0.0,0.0,53
Denzel Boston,WR,2026,24,Washington,85.18360526375135,20.0,75.0,,68.94822695035461,83.35347582170637,Great,,,,54
Nick Chubb,RB,2018,35,Georgia,80.64628526255893,18.0,100.0,9.15,86.5,82.87434247317509,Great,16.552941176470586,1.0,1.0,55
Christian Watson,WR,2022,34,North Dakota St.,81.03375665926983,19.0,90.0,9.96,94.60000000000001,82.60869316037936,Great,9.65294117647059,0.0,0.0,56
Zay Jones,WR,2017,37,East Carolina,79.88373711084623,18.0,100.0,9.71,92.10000000000001,82.5061765442193,Great,13.694117647058825,1.0,0.0,57
Josh Jacobs,RB,2019,24,Alabama,85.18360526375135,20.0,75.0,5.65,51.5,82.48106447418864,Great,19.311764705882354,1.0,1.0,58
Brian Thomas,WR,2024,23,LSU,85.63195232697663,21.0,60.0,,68.94822695035461,82.23457082544786,Great,16.705882352941178,1.0,1.0,59
Ricky Pearsall,WR,2024,31,Florida,82.22305120306456,20.0,75.0,9.91,94.1,82.09459352260487,Great,5.5,0.0,0.0,60
Brandon Aiyuk,WR,2020,25,Arizona St.,84.74230353324101,21.0,60.0,8.47,79.7,82.01595800325487,Great,16.41764705882353,1.0,1.0,61
Breece Hall,RB,2022,36,Iowa St.,80.26299861749231,19.0,90.0,9.96,94.60000000000001,81.95354882486846,Great,17.08823529411765,1.0,1.0,62
Najee Harris,RB,2021,24,Alabama,85.18360526375135,21.0,60.0,,66.49597701149425,81.73086332476335,Great,17.852941176470587,1.0,1.0,63
Laquon Treadwell,WR,2016,23,Mississippi,85.63195232697663,20.0,75.0,3.33,28.3,81.70215947793014,Great,4.847058823529412,0.0,0.0,64
Jordan Addison,WR,2023,23,USC,85.63195232697663,21.0,60.0,5.94,54.400000000000006,81.50715947793013,Great,13.01764705882353,1.0,0.0,65
T.J. Yeldon,RB,2015,36,Alabama,80.26299861749231,18.0,100.0,7.05,65.5,81.49854882486846,Great,10.18235294117647,0.0,0.0,66
Jonathan Taylor,RB,2020,41,Wisconsin,78.40408953083528,18.0,100.0,9.53,90.29999999999998,81.15847610120998,Great,21.947058823529414,1.0,1.0,67
D'Andre Swift,RB,2020,35,Georgia,80.64628526255893,19.0,90.0,7.55,70.5,81.0743424731751,Great,12.617647058823529,1.0,0.0,68
Keon Coleman,WR,2024,33,Florida St.,81.42558366090017,,79.73509933774834,8.18,76.8,81.02525604553999,Great,6.982352941176471,0.0,0.0,69
Devin Smith,WR,2015,37,Ohio St.,79.88373711084623,19.0,90.0,8.61,81.1,80.95617654421929,Great,1.5588235294117647,0.0,0.0,70
Deebo Samuel,WR,2019,36,South Carolina,80.26299861749231,19.0,90.0,7.91,74.1,80.92854882486846,Great,22.65294117647059,1.0,1.0,71
Ladd McConkey,WR,2024,34,Georgia,81.03375665926983,20.0,75.0,9.34,88.4,80.79869316037936,Great,16.211764705882356,1.0,1.0,72
Rashaad Penny,RB,2018,27,San Diego St.,83.87932650686992,21.0,60.0,7.26,67.6,80.67742753083942,Great,7.158823529411765,0.0,0.0,73
Sterling Shepard,WR,2016,40,Oklahoma,78.76865523265029,18.0,100.0,7.62,71.2,80.51335694775274,Great,11.452941176470588,0.0,0.0,74
Elijah Moore,WR,2021,34,Mississippi,81.03375665926983,20.0,75.0,8.69,81.89999999999999,80.47369316037936,Great,8.129411764705882,0.0,0.0,75
Curtis Samuel,WR,2017,40,Ohio St.,78.76865523265029,18.0,100.0,7.45,69.5,80.42835694775273,Great,12.476470588235294,0.0,0.0,76
Michael Pittman Jr.,WR,2020,34,USC,81.03375665926983,20.0,75.0,8.27,77.69999999999999,80.26369316037936,Great,0.0,0.0,0.0,77
Xavier Legette,WR,2024,32,South Carolina,81.82194951930317,21.0,60.0,9.9,94.0,80.2486570914077,Great,7.358823529411764,0.0,0.0,78
N'Keal Harry,WR,2019,32,Arizona St.,81.82194951930317,21.0,60.0,8.44,79.39999999999999,79.51865709140769,Good,1.788235294117647,0.0,0.0,79
Dante Pettis,WR,2018,44,Washington,77.33014043640625,18.0,100.0,,68.94822695035461,79.17803071846305,Good,6.088235294117647,0.0,0.0,80
Michael Thomas,WR,2016,47,Ohio St.,76.2836840704932,18.0,100.0,9.11,86.1,79.14613145991922,Good,22.858823529411765,1.0,1.0,81
Courtland Sutton,WR,2018,40,SMU,78.76865523265029,20.0,75.0,9.81,93.10000000000001,79.10835694775274,Good,14.564705882352941,1.0,0.0,82
Dalvin Cook,RB,2017,41,Florida St.,78.40408953083528,18.0,100.0,4.65,41.5,78.71847610120999,Good,19.870588235294118,1.0,1.0,83
Ronald Jones II,RB,2018,38,USC,79.50835134744189,,78.10526315789474,,66.49597701149425,78.71742381168978,Good,0.0,0.0,0.0,84
Javonte Williams,RB,2021,35,North Carolina,80.64628526255893,21.0,60.0,8.79,82.89999999999999,78.69434247317508,Good,12.052941176470588,1.0,0.0,85
Tee Higgins,WR,2020,33,Clemson,81.42558366090017,20.0,75.0,4.12,36.2,78.52174611176515,Good,16.470588235294116,1.0,1.0,86
Ja'Lynn Polk,WR,2024,37,Washington,79.88373711084623,21.0,60.0,8.85,83.5,78.0761765442193,Good,1.9235294117647062,0.0,0.0,87
Anthony Miller,WR,2018,51,Memphis,74.92708446694223,18.0,100.0,9.27,87.69999999999999,78.0730217969009,Good,7.5,0.0,0.0,88
Joe Mixon,RB,2017,48,Oklahoma,75.94055021860186,19.0,90.0,9.46,89.60000000000001,78.02946768581158,Good,20.51764705882353,1.0,1.0,89
Clyde Edwards-Helaire,RB,2020,32,LSU,81.82194951930317,21.0,60.0,5.41,49.1,78.00365709140769,Good,11.435294117647059,1.0,0.0,90
Jonathan Mingo,WR,2023,39,Mississippi,79.1367012454148,21.0,60.0,9.87,93.69999999999999,77.95119605860258,Good,4.988235294117647,0.0,0.0,91
Christian Kirk,WR,2018,47,Texas A&M,76.2836840704932,18.0,100.0,6.23,57.300000000000004,77.7061314599192,Good,16.805882352941175,1.0,1.0,92
Rondale Moore,WR,2021,49,Purdue,75.60012235068056,19.0,90.0,9.33,88.3,77.67510399807848,Good,7.017647058823529,0.0,0.0,93
Cam Akers,RB,2020,52,Florida St.,74.59433316596373,18.0,100.0,8.79,82.89999999999999,77.55018319106917,Good,8.588235294117647,0.0,0.0,94
Zach Charbonnet,RB,2023,52,UCLA,74.59433316596373,18.0,100.0,8.71,82.10000000000001,77.51018319106917,Good,10.805882352941175,0.0,0.0,95
Dorial Green-Beckham,WR,2015,40,Oklahoma,78.76865523265029,20.0,75.0,6.3,58.0,77.35335694775274,Good,6.641176470588236,0.0,0.0,96
Zachariah Branch,WR,2026,47,Georgia,76.2836840704932,19.0,90.0,,68.94822695035461,77.28854280743694,Good,,,,97
Laviska Shenault Jr.,WR,2020,42,Colorado,78.04288751567582,20.0,75.0,6.97,64.69999999999999,77.07145438832444,Good,9.241176470588234,0.0,0.0,98
Kenneth Walker III,RB,2022,41,Michigan St.,78.40408953083528,21.0,60.0,9.24,87.4,77.01347610120999,Good,11.729411764705883,1.0,0.0,99
Tyquan Thornton,WR,2022,50,Baylor,75.2623245415211,19.0,90.0,8.54,80.39999999999999,76.99297586029293,Good,3.9,0.0,0.0,100
George Pickens,WR,2022,52,Georgia,74.59433316596373,19.0,90.0,9.35,88.5,76.83018319106917,Good,12.841176470588236,0.0,0.0,101
Kerryon Johnson,RB,2018,43,Auburn,77.68493914356304,20.0,75.0,7.09,65.89999999999999,76.82719827202858,Good,8.200000000000001,0.0,0.0,102
Alec Pierce,WR,2022,53,Cincinnati,74.26400482294514,19.0,90.0,9.83,93.3,76.78940409950337,Good,9.494117647058824,0.0,0.0,103
A.J. Brown,WR,2019,51,Mississippi,74.92708446694223,19.0,90.0,8.59,80.9,76.7330217969009,Good,19.599999999999998,1.0,1.0,104
John Metchie,WR,2022,44,Alabama,77.33014043640625,20.0,75.0,,68.94822695035461,76.67803071846305,Good,3.864705882352941,0.0,0.0,105
Devin Funchess,WR,2015,41,Michigan,78.40408953083528,20.0,75.0,5.26,47.599999999999994,76.52347610120998,Good,0.0,0.0,0.0,106
Jonathon Brooks,RB,2024,46,Texas,76.62960369267617,,78.10526315789474,,66.49597701149425,76.27048830513893,Good,0.44117647058823534,0.0,0.0,107
Jayden Reed,WR,2023,50,Michigan St.,75.2623245415211,19.0,90.0,6.74,62.400000000000006,76.09297586029294,Good,13.270588235294117,1.0,0.0,108
Rashee Rice,WR,2023,55,SMU,73.61036829159038,19.0,90.0,9.53,90.29999999999998,76.08381304785182,Good,15.952941176470588,1.0,0.0,109
KJ Hamler,WR,2020,46,Penn St.,76.62960369267617,20.0,75.0,,68.94822695035461,76.08257448629247,Good,0.0,0.0,0.0,110
J.K. Dobbins,RB,2020,55,Ohio St.,73.61036829159038,18.0,100.0,,66.49597701149425,75.89361189842653,Good,11.435294117647059,1.0,0.0,111
Derrick Henry,RB,2016,45,Alabama,76.9783930175478,21.0,60.0,8.77,82.69999999999999,75.56663406491563,Good,22.435294117647057,1.0,1.0,112
Chris Bell,WR,2026,43,Louisville,77.68493914356304,21.0,60.0,,68.94822695035461,75.47960961954631,Good,,,,113
Wan'Dale Robinson,WR,2022,43,Kentucky,77.68493914356304,21.0,60.0,7.36,68.6,75.46219827202859,Good,10.74705882352941,0.0,0.0,114
D'Wayne Eskridge,WR,2021,56,Western Michigan,73.28694247866397,18.0,100.0,6.71,62.1,75.39890110686439,Good,1.6647058823529413,0.0,0.0,115
Skyy Moore,WR,2022,54,Western Michigan,73.9360365676696,19.0,90.0,7.58,70.8,75.38563108251917,Good,3.6941176470588233,0.0,0.0,116
Elijah Sarratt,WR,2026,44,Indiana,77.33014043640625,21.0,60.0,,68.94822695035461,75.17803071846305,Good,,,,117
Denzel Mims,WR,2020,59,Baylor,72.3295803529313,19.0,90.0,9.77,92.69999999999999,75.1151432999916,Good,3.570588235294118,0.0,0.0,118
Parris Campbell,WR,2019,59,Ohio St.,72.3295803529313,19.0,90.0,9.76,92.6,75.11014329999159,Good,8.770588235294117,0.0,0.0,119
Chase Claypool,WR,2020,49,Notre Dame,75.60012235068056,21.0,60.0,9.98,94.80000000000001,75.00010399807847,Good,13.988235294117647,1.0,0.0,120
Tyler Boyd,WR,2016,55,Pittsburgh,73.61036829159038,18.0,100.0,4.27,37.699999999999996,74.45381304785182,Good,13.111764705882353,1.0,0.0,121
Ameer Abdullah,RB,2015,54,Nebraska,73.9360365676696,20.0,75.0,8.66,81.6,74.42563108251916,Good,7.364705882352942,0.0,0.0,122
Germie Bernard,WR,2026,52,Alabama,74.59433316596373,20.0,75.0,,68.94822695035461,74.3525945385869,Good,,,,123
Adonai Mitchell,WR,2024,52,Texas,74.59433316596373,21.0,60.0,9.99,94.9,74.15018319106917,Good,3.105882352941176,0.0,0.0,124
AJ Dillon,RB,2020,62,Boston Col.,71.3905481598709,18.0,100.0,,66.49597701149425,74.00676478646498,Good,6.917647058823529,0.0,0.0,125
James Washington,WR,2018,60,Oklahoma St.,72.01459586635139,18.0,100.0,5.55,50.5,73.73740648639868,Good,7.852941176470588,0.0,0.0,126
Miles Sanders,RB,2019,53,Penn St.,74.26400482294514,21.0,60.0,9.48,89.80000000000001,73.61440409950336,Good,14.4,1.0,1.0,127
Van Jefferson,WR,2020,57,Florida,72.96570404937304,,79.73509933774834,,68.94822695035461,73.44176972325965,Good,11.111764705882353,0.0,0.0,128
Jonah Coleman,RB,2026,56,Washington,73.28694247866397,20.0,75.0,,66.49597701149425,73.11869995743909,Good,,,,129
Derrius Guice,RB,2018,59,LSU,72.3295803529313,,78.10526315789474,7.37,68.7,72.72566961578107,Good,3.3764705882352946,0.0,0.0,130
Chris Brazzell,WR,2026,53,Tennessee,74.26400482294514,21.0,60.0,,68.94822695035461,72.5718154470211,Good,,,,131
Tutu Atwell,WR,2021,57,Louisville,72.96570404937304,20.0,75.0,6.25,57.5,72.39584844196709,Good,7.129411764705883,0.0,0.0,132
Royce Freeman,RB,2018,71,Oregon,68.67193564014815,18.0,100.0,8.26,77.6,72.25114529412592,Good,8.364705882352942,0.0,0.0,133
Jalen Hurd,WR,2019,67,Baylor,69.86299160356411,19.0,90.0,8.21,77.10000000000001,72.2385428630295,Good,0.0,0.0,0.0,134
Taywan Taylor,WR,2017,72,Western Kentucky,68.37819198708551,18.0,100.0,8.7,82.0,72.22146318902267,Good,5.152941176470588,0.0,0.0,135
Tyler Lockett,WR,2015,69,Kansas St.,69.2641833889955,19.0,90.0,7.71,72.1,71.47955588064617,Good,16.11764705882353,1.0,1.0,136
JJ Arcega-Whiteside,WR,2019,57,Stanford,72.96570404937304,21.0,60.0,,68.94822695035461,71.46825978948482,Good,0.0,0.0,0.0,137
Marvin Mims,WR,2023,63,Oklahoma,71.08139694751989,20.0,75.0,,68.94822695035461,71.36659875290964,Good,7.811764705882354,0.0,0.0,138
Tank Dell,WR,2023,69,Houston,69.2641833889955,19.0,90.0,,68.94822695035461,71.3219672281639,Good,9.705882352941176,0.0,0.0,139
Malachi Corley,WR,2024,65,Western Kentucky,70.4686321545596,20.0,75.0,7.76,72.6,71.02833733137565,Good,0.4235294117647059,0.0,0.0,140
Terrace Marshall Jr.,WR,2021,59,LSU,72.3295803529313,21.0,60.0,,68.94822695035461,70.92755464750933,Good,1.935294117647059,0.0,0.0,141
Ja'Kobi Lane,WR,2026,65,USC,70.4686321545596,20.0,75.0,,68.94822695035461,70.84574867889339,Good,,,,142
Chris Conley,WR,2015,76,Georgia,67.21839332711826,19.0,90.0,9.68,91.8,70.72563432805052,Good,9.205882352941176,0.0,0.0,143
Mecole Hardman,WR,2019,56,Georgia,73.28694247866397,22.0,45.0,8.3,78.0,70.69390110686439,Good,10.5,0.0,0.0,144
James Cook,RB,2022,63,Georgia,71.08139694751989,21.0,60.0,8.75,82.5,70.54418740539191,Good,19.076470588235296,1.0,1.0,145
Diontae Johnson,WR,2019,66,Toledo,70.1649400864357,19.0,90.0,4.18,36.8,70.48019907347035,Good,16.988235294117647,1.0,1.0,146
Jaelen Strong,WR,2015,70,Arizona St.,68.96725571920754,20.0,75.0,9.14,86.4,70.4421673613264,Good,2.988235294117647,0.0,0.0,147
Trey Benson,RB,2024,66,Florida St.,70.1649400864357,21.0,60.0,9.76,92.6,70.27019907347034,Good,2.764705882352941,0.0,0.0,148
Duke Johnson,RB,2015,77,Miami (FL),66.9320986936365,18.0,100.0,6.98,64.80000000000001,70.13228388959102,Good,12.711764705882352,1.0,0.0,149
JuJu Smith-Schuster,WR,2017,62,USC,71.3905481598709,21.0,60.0,,68.94822695035461,70.129377283408,Good,17.464705882352945,1.0,1.0,150
Cooper Kupp,WR,2017,69,Eastern Washington,69.2641833889955,19.5,90.0,5.0,45.0,70.12455588064617,Good,32.63529411764706,1.0,1.0,151
Kenyan Drake,RB,2016,73,Alabama,68.08599462283559,19.0,90.0,6.98,64.80000000000001,70.11309542941025,Good,12.411764705882353,1.0,0.0,152
Andy Isabella,WR,2019,62,Massachusetts,71.3905481598709,21.0,60.0,7.26,67.6,70.06196593589027,Good,3.2235294117647055,0.0,0.0,153
Tevin Coleman,RB,2015,73,Indiana,68.08599462283559,20.0,75.0,9.72,92.2,69.98309542941026,Average,13.758823529411766,1.0,1.0,154
ArDarius Stewart,WR,2017,79,Alabama,66.36371289664757,18.0,100.0,,68.94822695035461,69.85656730966816,Average,0.9941176470588237,0.0,0.0,155
Darrell Henderson,RB,2019,70,Memphis,68.96725571920754,20.0,75.0,7.68,71.8,69.71216736132641,Average,10.08235294117647,0.0,0.0,156
Josh Palmer,WR,2021,77,Tennessee,66.9320986936365,19.0,90.0,7.59,70.9,69.43728388959103,Average,10.258823529411766,0.0,0.0,157
Cedric Tillman,WR,2023,74,Tennessee,67.79531439030325,20.0,75.0,8.67,81.7,69.21101723175775,Average,4.729411764705882,0.0,0.0,158
David Montgomery,RB,2019,73,Iowa St.,68.08599462283559,19.0,90.0,5.15,46.50000000000001,69.19809542941026,Average,15.758823529411767,1.0,1.0,159
Alvin Kamara,RB,2017,67,Tennessee,69.86299160356411,21.0,60.0,8.08,75.8,69.1735428630295,Average,24.170588235294115,1.0,1.0,160
Braxton Miller,WR,2016,85,Ohio St.,64.69048249230454,18.0,100.0,8.59,80.9,69.03191011845887,Average,2.429411764705882,0.0,0.0,161
DJ Chark,WR,2018,61,LSU,71.70160008687043,22.0,45.0,,68.94822695035461,68.89377142135758,Average,6.794117647058823,0.0,0.0,162
Bryan Edwards,WR,2020,81,South Carolina,65.80076958583709,19.0,90.0,,68.94822695035461,68.37806549547925,Average,6.835294117647059,0.0,0.0,163
Tank Bigsby,RB,2023,88,Auburn,63.870755038336846,18.0,100.0,8.32,78.2,68.20014178258631,Average,7.588235294117647,0.0,0.0,164
Josh Downs,WR,2023,79,North Carolina,66.36371289664757,20.0,75.0,8.99,84.9,68.15415596215044,Average,10.717647058823529,0.0,0.0,165
D.K. Metcalf,WR,2019,64,Mississippi,70.7741049369252,22.0,45.0,,68.94822695035461,68.10540054390414,Average,0.0,0.0,0.0,166
Jalin Hyatt,WR,2023,73,Tennessee,68.08599462283559,21.0,60.0,8.76,82.6,68.00309542941025,Average,3.5470588235294116,0.0,0.0,167
Kendre Miller,RB,2023,71,TCU,68.67193564014815,21.0,60.0,,66.49597701149425,67.69594414470063,Average,2.5470588235294116,0.0,0.0,168
Velus Jones Jr.,WR,2022,71,Tennessee,68.67193564014815,21.0,60.0,7.1,66.0,67.67114529412592,Average,0.0,0.0,0.0,169
Nico Collins,WR,2021,89,Michigan,63.59988204942709,19.0,90.0,9.57,90.7,67.59489974201303,Average,17.305882352941175,1.0,1.0,170
Antonio Gibson,RB,2020,66,Memphis,70.1649400864357,22.0,45.0,,66.49597701149425,67.46499792404505,Average,13.476470588235294,1.0,0.0,171
Damien Harris,RB,2019,87,Alabama,64.14280026523261,18.0,100.0,6.36,58.6,67.45138022544772,Average,12.63529411764706,1.0,0.0,172
Michael Wilson,WR,2023,94,Stanford,62.262482221264236,18.0,100.0,9.55,90.5,67.4481098880746,Average,7.323529411764706,0.0,0.0,173
Jalen Tolbert,WR,2022,88,South Alabama,63.870755038336846,19.0,90.0,8.62,81.19999999999999,67.35014178258632,Average,8.941176470588236,0.0,0.0,174
Carlos Henderson,WR,2017,82,Louisiana Tech,65.52128074753156,19.0,90.0,5.75,52.5,67.31808863540184,Average,0.0,0.0,0.0,175
Jadarian Price,RB,2026,79,Notre Dame,66.36371289664757,20.0,75.0,,66.49597701149425,67.23395481272514,Average,,,,176
Devin Singletary,RB,2019,74,Florida Atlantic,67.79531439030325,19.0,90.0,1.65,11.5,67.20101723175776,Average,13.958823529411765,1.0,1.0,177
Dyami Brown,WR,2021,82,North Carolina,65.52128074753156,20.0,75.0,8.38,78.80000000000001,67.13308863540183,Average,6.370588235294117,0.0,0.0,178
Lynn Bowden Jr.,WR,2020,80,Kentucky,66.0815727265999,20.0,75.0,,68.94822695035461,67.11674816512765,Average,0.0,0.0,0.0,179
Ke'Shawn Vaughn,RB,2020,76,Illinois,67.21839332711826,20.0,75.0,5.17,46.7,66.97063432805051,Average,2.988235294117647,0.0,0.0,180
Tre'Quan Smith,WR,2018,91,Central Florida,63.061580711070775,18.0,100.0,6.85,63.49999999999999,66.77734360441016,Average,7.447058823529411,0.0,0.0,181
Sammie Coates,WR,2015,87,Auburn,64.14280026523261,20.0,75.0,9.86,93.6,66.7013802254477,Average,4.8999999999999995,0.0,0.0,182
Omar Cooper Jr.,WR,2026,76,Indiana,67.21839332711826,21.0,60.0,,68.94822695035461,66.58304567556826,Average,,,,183
Jermaine Burton,WR,2024,80,Alabama,66.0815727265999,21.0,60.0,9.09,85.9,66.46433681760992,Average,0.8647058823529411,0.0,0.0,184
Chad Williams,WR,2017,98,Grambling St.,61.21193317920564,18.0,100.0,9.01,85.1,66.28514320232479,Average,2.411764705882353,0.0,0.0,185
Emmett Johnson,RB,2026,83,Nebraska,65.24308414300828,20.0,75.0,,66.49597701149425,66.28142037213175,Average,,,,186
Terry McLaurin,WR,2019,76,Ohio St.,67.21839332711826,22.0,45.0,9.56,90.6,66.16563432805052,Average,18.970588235294116,1.0,1.0,187
Kareem Hunt,RB,2017,86,Toledo,64.41603636571921,19.0,90.0,5.15,46.50000000000001,66.07863091086132,Average,18.17058823529412,1.0,1.0,188
De'Von Achane,RB,2023,84,Texas A&M,64.96615833500175,20.0,75.0,,66.49597701149425,66.0460334353262,Average,11.570588235294117,1.0,0.0,189
Chris Godwin,WR,2017,84,Penn St.,64.96615833500175,21.0,60.0,9.66,91.6,65.80123458475148,Average,16.241176470588236,1.0,1.0,190
Ty Montgomery,WR,2015,94,Stanford,62.262482221264236,19.0,90.0,7.75,72.5,65.5481098880746,Average,10.547058823529412,0.0,0.0,191
D'Onta Foreman,RB,2017,89,Texas,63.59988204942709,,78.10526315789474,7.82,73.2,65.5304260578025,Average,7.705882352941177,0.0,0.0,192
Leonte Carroo,WR,2016,86,Rutgers,64.41603636571921,20.0,75.0,6.96,64.6,65.48363091086132,Average,1.1058823529411765,0.0,0.0,193
Tyjae Spears,RB,2023,81,Tulane,65.80076958583709,21.0,60.0,7.51,70.1,65.43565414796153,Average,9.047058823529412,0.0,0.0,194
C.J. Prosise,RB,2016,90,Notre Dame,63.33016316021118,,78.10526315789474,8.07,75.7,65.42616500196897,Average,3.588235294117647,0.0,0.0,195
David Johnson,RB,2015,86,Northern Iowa,64.41603636571921,21.0,60.0,9.84,93.4,65.42363091086132,Average,23.988235294117647,1.0,1.0,196
Blake Corum,RB,2024,83,Michigan,65.24308414300828,21.0,60.0,8.29,77.89999999999999,65.35162152155704,Average,1.9705882352941178,0.0,0.0,197
Roman Wilson,WR,2024,84,Michigan,64.96615833500175,21.0,60.0,8.59,80.9,65.26623458475149,Average,0.0,0.0,0.0,198
Jalen McMillan,WR,2024,92,Washington,62.79411750331776,20.0,75.0,8.67,81.7,64.9599998778201,Average,8.323529411764707,0.0,0.0,199
Darrynton Evans,RB,2020,93,Appalachian St.,62.52775678229379,20.0,75.0,9.11,86.1,64.95359326494972,Average,1.7647058823529411,0.0,0.0,200
Zack Moss,RB,2020,86,Utah,64.41603636571921,19.0,90.0,2.8,23.0,64.90363091086132,Average,9.976470588235294,0.0,0.0,201
Trey Sermon,RB,2021,88,Ohio St.,63.870755038336846,21.0,60.0,9.67,91.69999999999999,64.87514178258631,Average,3.164705882352941,0.0,0.0,202
Antonio Williams,WR,2026,85,Clemson,64.69048249230454,21.0,60.0,,68.94822695035461,64.4343214659766,Average,,,,203
MarShawn Lloyd,RB,2024,88,USC,63.870755038336846,21.0,60.0,8.62,81.19999999999999,64.35014178258632,Average,0.16470588235294117,0.0,0.0,204
Tyrion Davis-Price,RB,2022,93,LSU,62.52775678229379,,78.10526315789474,6.65,61.5,64.0341195807392,Average,0.5823529411764706,0.0,0.0,205
Chris Moore,WR,2016,107,Cincinnati,58.906016650653214,18.0,100.0,7.96,74.6,63.800114153055226,Average,6.770588235294118,0.0,0.0,206
Skyler Bell,WR,2026,88,UConn,63.870755038336846,21.0,60.0,,68.94822695035461,63.73755313010405,Average,,,,207
Luke McCaffrey,WR,2024,100,Rice,60.69278011001499,20.0,75.0,9.44,89.4,63.55886309351274,Average,2.0470588235294116,0.0,0.0,208
Malachi Fields,WR,2026,89,Notre Dame,63.59988204942709,21.0,60.0,,68.94822695035461,63.50731108953075,Average,,,,209
Amari Rodgers,WR,2021,85,Clemson,64.69048249230454,21.0,60.0,5.35,48.5,63.411910118458856,Average,2.5352941176470587,0.0,0.0,210
Justice Hill,RB,2019,113,Oklahoma St.,57.409597693011136,18.0,100.0,9.33,88.3,63.213158039059465,Average,8.664705882352942,0.0,0.0,211
Michael Gallup,WR,2018,81,Colorado St.,65.80076958583709,22.0,45.0,5.87,53.7,63.11565414796153,Average,12.511764705882353,0.0,0.0,212
Javon Baker,WR,2024,110,Central Florida,58.15392954892286,18.0,100.0,7.84,73.4,63.10084011658443,Average,0.12941176470588237,0.0,0.0,213
Devin Duvernay,WR,2020,92,Texas,62.79411750331776,21.0,60.0,7.86,73.60000000000001,63.054999877820094,Average,6.476470588235294,0.0,0.0,214
Troy Franklin,WR,2024,102,Oregon,60.177557959621616,20.0,75.0,9.02,85.19999999999999,62.91092426567837,Average,4.735294117647059,0.0,0.0,215
Matt Jones,RB,2015,95,Florida,61.99827790606109,,78.10526315789474,5.23,47.300000000000004,62.874062535941405,Average,6.847058823529412,0.0,0.0,216
Malcolm Mitchell,WR,2016,112,Georgia,57.65686444404836,18.0,100.0,8.08,75.8,62.798334777441106,Average,6.5058823529411764,0.0,0.0,217
Anthony Schwartz,WR,2021,91,Auburn,63.061580711070775,21.0,60.0,6.89,63.89999999999999,62.79734360441016,Average,1.964705882352941,0.0,0.0,218
Rachaad White,RB,2022,91,Arizona St.,63.061580711070775,22.0,45.0,9.87,93.69999999999999,62.78734360441016,Average,17.38235294117647,1.0,1.0,219
Kenny Golladay,WR,2017,96,Northern Illinois,61.73512832043268,21.0,60.0,8.94,84.4,62.69485907236778,Average,14.588235294117647,1.0,1.0,220
DaeSean Hamilton,WR,2018,113,Penn St.,57.409597693011136,18.0,100.0,8.09,75.9,62.59315803905947,Average,3.9,0.0,0.0,221
David Bell,WR,2022,99,Purdue,60.95185845795279,19.0,90.0,3.98,34.8,62.54907968925987,Average,3.652941176470588,0.0,0.0,222
Roschon Johnson,RB,2023,115,Texas,56.917544556895955,18.0,100.0,8.67,81.7,62.46491287336156,Average,6.0058823529411764,0.0,0.0,223
Miles Boykin,WR,2019,93,Notre Dame,62.52775678229379,22.0,45.0,9.94,94.39999999999999,62.36859326494972,Average,4.388235294117647,0.0,0.0,224
Josh Reynolds,WR,2017,117,Texas A&M,56.42873272246869,18.0,100.0,9.1,86.0,62.26442281409838,Average,9.176470588235293,0.0,0.0,225
Alexander Mattison,RB,2019,102,Boise St.,60.177557959621616,,78.10526315789474,6.81,63.099999999999994,62.116450581467845,Average,8.08235294117647,0.0,0.0,226
Jeremy Langford,RB,2015,106,Michigan St.,59.158487311545166,,78.10526315789474,7.52,70.19999999999999,61.60524053060286,Average,8.68235294117647,0.0,0.0,227
Devontez Walker,WR,2024,113,North Carolina,57.409597693011136,,79.73509933774834,9.76,92.6,61.401667972834304,Average,0.5352941176470588,0.0,0.0,228
Amon-Ra St. Brown,WR,2021,112,USC,57.65686444404836,19.0,90.0,7.13,66.3,61.323334777441104,Average,22.735294117647058,1.0,1.0,229
Justin Hardy,WR,2015,107,East Carolina,58.906016650653214,19.0,90.0,4.87,43.7,61.25511415305523,Average,4.064705882352941,0.0,0.0,230
Tre Tucker,WR,2023,100,Cincinnati,60.69278011001499,21.0,60.0,7.16,66.6,60.91886309351274,Average,7.605882352941177,0.0,0.0,231
Antonio Callaway,WR,2018,105,Florida,59.41186469623246,20.0,75.0,6.2,57.0,60.850084991797594,Average,7.782352941176471,0.0,0.0,232
Amara Darboh,WR,2017,106,Michigan,59.158487311545166,21.0,60.0,9.6,91.0,60.83471421481339,Average,0.888235294117647,0.0,0.0,233
Samaje Perine,RB,2017,114,Oklahoma,57.16316107479519,18.0,100.0,4.94,44.400000000000006,60.80868691357591,Average,9.729411764705883,0.0,0.0,234
Nyheim Hines,RB,2018,104,North Carolina St.,59.66616074360643,20.0,75.0,5.68,51.8,60.80623663206546,Average,9.605882352941178,0.0,0.0,235
Dez Fitzpatrick,WR,2021,109,Louisville,58.40374906189059,20.0,75.0,,68.94822695035461,60.59059805012473,Average,0.9352941176470588,0.0,0.0,236
Ricardo Louis,WR,2016,114,Auburn,57.16316107479519,20.0,75.0,9.23,87.30000000000001,60.453686913575915,Average,3.6882352941176473,0.0,0.0,237
Joshua Kelley,RB,2020,112,UCLA,57.65686444404836,,78.10526315789474,7.59,70.9,60.36386109323058,Average,4.776470588235294,0.0,0.0,238
Bryce Love,RB,2019,112,Stanford,57.65686444404836,,78.10526315789474,,66.49597701149425,60.14365994380529,Average,0.0,0.0,0.0,239
Nick Singleton,RB,2026,118,Penn State,56.18551835350469,19.0,90.0,,66.49597701149425,60.0824894510537,Average,,,,240
Kene Nwangwu,RB,2021,119,Iowa St.,55.94308596859041,,78.10526315789474,9.88,93.80000000000001,60.05214938909132,Average,0.6470588235294118,0.0,0.0,241
C.J. Daniels,WR,2026,112,Miami,57.65686444404836,20.0,75.0,,68.94822695035461,59.955746124958836,Below Avg,,,,242
Hakeem Butler,WR,2019,103,Iowa St.,59.92138766628686,22.0,45.0,9.47,89.70000000000002,59.918179516343834,Below Avg,0.0,0.0,0.0,243
James Conner,RB,2017,105,Pittsburgh,59.41186469623246,20.0,75.0,4.33,38.3,59.91508499179759,Below Avg,16.470588235294116,1.0,1.0,244
Jamison Crowder,WR,2015,105,Duke,59.41186469623246,19.0,90.0,1.31,8.100000000000009,59.905084991797594,Below Avg,11.629411764705882,0.0,0.0,245
Gary Jennings Jr,WR,2019,120,West Virginia,55.70142651358927,19.0,90.0,,68.94822695035461,59.79362388406861,Below Avg,0.0,0.0,0.0,246
Danny Gray,WR,2022,105,SMU,59.41186469623246,21.0,60.0,6.76,62.599999999999994,59.630084991797595,Below Avg,0.17058823529411765,0.0,0.0,247
Brian Robinson Jr.,RB,2022,98,Alabama,61.21193317920564,22.0,45.0,6.58,60.8,59.570143202324786,Below Avg,0.0,0.0,0.0,248
Jaylen Wright,RB,2024,120,Tennessee,55.70142651358927,20.0,75.0,9.81,93.10000000000001,59.50121253655088,Below Avg,1.5705882352941178,0.0,0.0,249
Dameon Pierce,RB,2022,107,Florida,58.906016650653214,21.0,60.0,7.09,65.89999999999999,59.36511415305523,Below Avg,9.788235294117648,0.0,0.0,250
Zamir White,RB,2022,122,Georgia,55.220391068257086,20.0,75.0,9.81,93.10000000000001,59.09233240801852,Below Avg,4.347058823529412,0.0,0.0,251
Chuba Hubbard,RB,2021,126,Oklahoma St.,54.26721625603232,19.0,90.0,8.43,79.3,59.09213381762747,Below Avg,14.211764705882352,1.0,0.0,252
Josh Malone,WR,2017,128,Tennessee,53.79494679154125,18.0,100.0,7.03,65.3,58.99070477281006,Below Avg,1.088235294117647,0.0,0.0,253
Tyler Ervin,RB,2016,119,San Jose St.,55.94308596859041,,78.10526315789474,7.7,72.0,58.96214938909132,Below Avg,1.535294117647059,0.0,0.0,254
Michael Carter,RB,2021,107,North Carolina,58.906016650653214,21.0,60.0,6.2,57.0,58.92011415305523,Below Avg,9.08235294117647,0.0,0.0,255
Kaytron Allen,RB,2026,124,Penn State,54.7423430815597,19.0,90.0,,66.49597701149425,58.855790469900455,Below Avg,,,,256
Mark Walton,RB,2018,112,Miami (FL),57.65686444404836,,78.10526315789474,4.55,40.5,58.84386109323058,Below Avg,0.0,0.0,0.0,257
Demarcus Robinson,WR,2016,126,Florida,54.26721625603232,18.0,100.0,5.86,53.6,58.807133817627474,Below Avg,8.070588235294117,0.0,0.0,258
Pharoh Cooper,WR,2016,117,South Carolina,56.42873272246869,18.0,100.0,2.06,15.600000000000001,58.744422814098385,Below Avg,3.264705882352941,0.0,0.0,259
J'Mon Moore,WR,2018,133,Missouri,52.626376413965254,18.0,100.0,8.43,79.3,58.69741995187046,Below Avg,0.20588235294117646,0.0,0.0,260
Joe Williams,RB,2017,121,Utah,55.46053111366024,,78.10526315789474,7.78,72.80000000000001,58.591977762400674,Below Avg,0.0,0.0,0.0,261
Jaleel Scott,WR,2018,132,New Mexico St.,52.85873645151093,18.0,100.0,7.6,71.0,58.479925983784284,Below Avg,0.15294117647058825,0.0,0.0,262
Will Shipley,RB,2024,127,Clemson,54.03072824727209,,78.10526315789474,9.57,90.7,58.27164532597075,Below Avg,1.7294117647058822,0.0,0.0,263
Brenen Thompson,WR,2026,113,Mississippi State,57.409597693011136,21.0,60.0,,68.94822695035461,58.245569386577195,Below Avg,,,,264
Deion Burks,WR,2026,121,Oklahoma,55.46053111366024,20.0,75.0,,68.94822695035461,58.08886279412893,Below Avg,,,,265
Benny Snell Jr.,RB,2019,122,Kentucky,55.220391068257086,,78.10526315789474,,66.49597701149425,58.0726575743827,Below Avg,0.0,0.0,0.0,266
Keke Coutee,WR,2018,103,Texas Tech,59.92138766628686,22.0,45.0,5.64,51.4,58.003179516343835,Below Avg,5.335294117647059,0.0,0.0,267
Mike Davis,RB,2015,126,South Carolina,54.26721625603232,19.0,90.0,6.09,55.9,57.922133817627476,Below Avg,12.147058823529411,1.0,0.0,268
Javorius Allen,RB,2015,125,USC,54.50441856810307,,78.10526315789474,8.02,75.19999999999999,57.89928209867708,Below Avg,9.770588235294117,0.0,0.0,269
Anthony McFarland Jr.,RB,2020,124,Maryland,54.7423430815597,,78.10526315789474,,66.49597701149425,57.66631678568993,Below Avg,0.0,0.0,0.0,270
Dede Westbrook,WR,2017,110,Oklahoma,58.15392954892286,21.0,60.0,4.84,43.4,57.60084011658443,Below Avg,10.323529411764707,0.0,0.0,271
La'Mical Perine,RB,2020,120,Florida,55.70142651358927,,78.10526315789474,5.25,47.5,57.531738852340354,Below Avg,3.088235294117647,0.0,0.0,272
Romeo Doubs,WR,2022,132,Nevada,52.85873645151093,19.0,90.0,,68.94822695035461,57.377337331302016,Below Avg,12.576470588235296,0.0,0.0,273
Kalen Ballage,RB,2018,131,Arizona St.,53.091766375709646,,78.10526315789474,9.12,86.19999999999999,57.24852773514267,Below Avg,5.523529411764706,0.0,0.0,274
Mack Hollins,WR,2017,118,North Carolina,56.18551835350469,21.0,60.0,,68.94822695035461,57.20510194799672,Below Avg,9.058823529411764,0.0,0.0,275
Justin Watson,WR,2018,144,Pennsylvania,50.1127276424061,18.0,100.0,9.61,91.1,57.15081849604518,Below Avg,6.117647058823529,0.0,0.0,276
Riley Ridley,WR,2019,126,Georgia,54.26721625603232,19.0,90.0,4.53,40.300000000000004,57.142133817627474,Below Avg,0.7941176470588235,0.0,0.0,277
Isaiah Spiller,RB,2022,123,Texas A&M,54.980997846306835,,78.10526315789474,5.66,51.6,57.124374485150284,Below Avg,1.1176470588235294,0.0,0.0,278
Erik Ezukanma,WR,2022,125,Texas Tech,54.50441856810307,20.0,75.0,7.03,65.3,57.093755782887605,Below Avg,0.12941176470588237,0.0,0.0,279
Tarik Cohen,RB,2017,119,North Carolina A&T,55.94308596859041,,78.10526315789474,3.92,34.2,57.07214938909132,Below Avg,13.858823529411765,1.0,1.0,280
Pierre Strong,RB,2022,127,South Dakota St.,54.03072824727209,,78.10526315789474,,66.49597701149425,57.061444176545464,Below Avg,2.5176470588235293,0.0,0.0,281
Braelon Allen,RB,2024,134,Wisconsin,52.39467932215801,19.0,90.0,,66.49597701149425,56.86027627440902,Below Avg,5.011764705882353,0.0,0.0,282
Ito Smith,RB,2018,126,Southern Miss,54.26721625603232,,78.10526315789474,6.26,57.6,56.81766013341695,Below Avg,5.747058823529412,0.0,0.0,283
Tony Pollard,RB,2019,128,Memphis,53.79494679154125,20.0,75.0,7.17,66.7,56.56070477281006,Below Avg,15.647058823529411,1.0,1.0,284
Gabriel Davis,WR,2020,128,Central Florida,53.79494679154125,20.0,75.0,6.85,63.49999999999999,56.40070477281006,Below Avg,0.0,0.0,0.0,285
Jaelon Darden,WR,2021,129,North Texas,53.55986428245593,20.0,75.0,7.14,66.4,56.34588464008754,Below Avg,0.6705882352941177,0.0,0.0,286
Jehu Chesson,WR,2017,139,Michigan,51.245903565087225,19.0,90.0,7.94,74.4,56.27901803032414,Below Avg,0.22352941176470587,0.0,0.0,287
Hassan Haskins,RB,2022,131,Michigan,53.091766375709646,,78.10526315789474,,66.49597701149425,56.26332658571738,Below Avg,1.9588235294117646,0.0,0.0,288
Derius Davis,WR,2023,125,TCU,54.50441856810307,,79.73509933774834,4.29,37.9,56.19726571666244,Below Avg,2.423529411764706,0.0,0.0,289
Chase Edmonds,RB,2018,134,Fordham,52.39467932215801,,78.10526315789474,7.89,73.89999999999999,56.04100373962378,Below Avg,9.882352941176471,0.0,0.0,290
Marlon Mack,RB,2017,143,South Florida,50.33815139213819,19.0,90.0,8.78,82.8,55.92742868331746,Below Avg,12.123529411764705,1.0,0.0,291
Ryan Switzer,WR,2017,133,North Carolina,52.626376413965254,19.0,90.0,4.83,43.3,55.89741995187046,Below Avg,4.082352941176471,0.0,0.0,292
Jacob Harris,WR,2021,141,Central Florida,50.79080422061093,,79.73509933774834,9.88,93.80000000000001,55.835693521294125,Below Avg,0.09411764705882353,0.0,0.0,293
Calvin Austin III,WR,2022,138,Memphis,51.47438583883613,20.0,75.0,9.05,85.5,55.52822796301071,Below Avg,3.552941176470588,0.0,0.0,294
Kenneth Dixon,RB,2016,134,Louisiana Tech,52.39467932215801,,78.10526315789474,6.86,63.6,55.52600373962378,Below Avg,6.023529411764706,0.0,0.0,295
Rhamondre Stevenson,RB,2021,120,Oklahoma,55.70142651358927,21.0,60.0,3.98,34.8,55.08621253655088,Below Avg,14.652941176470588,1.0,1.0,296
Bucky Irving,RB,2024,125,Oregon,54.50441856810307,,78.10526315789474,2.22,17.200000000000003,54.99928209867708,Below Avg,15.335294117647061,1.0,1.0,297
Rashad Greene,WR,2015,139,Florida St.,51.245903565087225,19.0,90.0,5.37,48.7,54.99401803032414,Below Avg,2.3705882352941177,0.0,0.0,298
Demond Claiborne,RB,2026,136,Wake Forest,51.93324682456018,20.0,75.0,,66.49597701149425,54.96805865145086,Below Avg,,,,299
Vince Mayle,WR,2015,123,Washington St.,54.980997846306835,21.0,60.0,4.63,41.3,54.79884816936081,Below Avg,0.3647058823529412,0.0,0.0,300
Tyler Scott,WR,2023,133,Cincinnati,52.626376413965254,21.0,60.0,8.61,81.1,54.78741995187046,Below Avg,2.1117647058823534,0.0,0.0,301
Ryquell Armstead,RB,2019,140,Temple,51.018045072501344,,78.10526315789474,7.71,72.1,54.78086462741561,Below Avg,3.011764705882353,0.0,0.0,302
Tajae Sharpe,WR,2016,140,Massachusetts,51.018045072501344,19.0,90.0,5.3,48.0,54.76533831162614,Below Avg,6.194117647058824,0.0,0.0,303
Khalil Shakir,WR,2022,148,Boise St.,49.21691753018262,19.0,90.0,8.31,78.1,54.73937990065523,Below Avg,12.81764705882353,0.0,0.0,304
Tylan Wallace,WR,2021,131,Oklahoma St.,53.091766375709646,20.0,75.0,4.71,42.1,54.733001419353194,Below Avg,2.5352941176470587,0.0,0.0,305
Jacob Cowing,WR,2024,135,Arizona,52.163638358282164,20.0,75.0,6.28,57.800000000000004,54.72909260453984,Below Avg,0.7470588235294118,0.0,0.0,306
Isaac Guerendo,RB,2024,129,Louisville,53.55986428245593,22.0,45.0,9.9,94.0,54.72588464008754,Below Avg,5.658823529411765,0.0,0.0,307
Charlie Jones,WR,2023,131,Purdue,53.091766375709646,21.0,60.0,,68.94822695035461,54.575412766870926,Below Avg,0.8647058823529411,0.0,0.0,308
Ainias Smith,WR,2024,152,Texas A&M,48.330261866611345,18.0,100.0,7.36,68.6,54.51072258661964,Below Avg,1.0411764705882351,0.0,0.0,309
Donnel Pumphrey,RB,2017,132,San Diego St.,52.85873645151093,,78.10526315789474,4.01,35.099999999999994,54.49545229957376,Below Avg,0.0,0.0,0.0,310
DeAndre Smelter,WR,2015,132,Georgia Tech,52.85873645151093,21.0,60.0,,68.94822695035461,54.377337331302016,Below Avg,0.19411764705882353,0.0,0.0,311
Ted Hurst,WR,2026,132,Georgia State,52.85873645151093,21.0,60.0,,68.94822695035461,54.377337331302016,Below Avg,,,,312
Jamaal Williams,RB,2017,134,BYU,52.39467932215801,,78.10526315789474,4.55,40.5,54.37100373962378,Below Avg,13.288235294117648,1.0,0.0,313
Paul Perkins,RB,2016,149,UCLA,48.99440866994782,18.0,100.0,5.39,48.9,54.090247369455646,Below Avg,5.029411764705882,0.0,0.0,314
Wayne Gallman,RB,2017,140,Clemson,51.018045072501344,,78.10526315789474,6.28,57.800000000000004,54.065864627415614,Below Avg,8.035294117647059,0.0,0.0,315
DeAndre Washington,RB,2016,143,Texas Tech,50.33815139213819,,78.10526315789474,7.31,68.1,54.00295499910693,Below Avg,7.170588235294118,0.0,0.0,316
Jordan Payton,WR,2016,154,UCLA,47.89026274987726,18.0,100.0,6.84,63.4,53.876723337395674,Below Avg,0.07647058823529412,0.0,0.0,317
DeeJay Dallas,RB,2020,144,Miami (FL),50.1127276424061,,78.10526315789474,,66.49597701149425,53.731143662409366,Below Avg,3.5352941176470587,0.0,0.0,318
Joe Reed,WR,2020,151,Virginia,48.551086004790726,,79.73509933774834,9.35,88.5,53.666933037846945,Below Avg,0.5235294117647059,0.0,0.0,319
David Cobb,RB,2015,138,Minnesota,51.47438583883613,,78.10526315789474,4.55,40.5,53.58875427880018,Below Avg,1.2588235294117647,0.0,0.0,320
Devontae Booker,RB,2016,136,Utah,51.93324682456018,21.0,60.0,,66.49597701149425,53.46805865145086,Below Avg,8.476470588235296,0.0,0.0,321
Trevor Davis,WR,2016,163,California,45.936531045873316,18.0,100.0,9.14,86.4,53.36605138899232,Below Avg,1.788235294117647,0.0,0.0,322
Israel Abanikanda,RB,2023,143,Pittsburgh,50.33815139213819,21.0,60.0,9.63,91.30000000000001,53.352428683317456,Below Avg,1.076470588235294,0.0,0.0,323
Antonio Gandy-Golden,WR,2020,142,Liberty,50.56417497245892,20.0,75.0,6.13,56.3,53.29454872659008,Below Avg,0.20588235294117646,0.0,0.0,324
Jay Ajayi,RB,2015,149,Boise St.,48.99440866994782,20.0,75.0,8.63,81.30000000000001,53.210247369455644,Below Avg,13.105882352941178,1.0,1.0,325
Anthony Gould,WR,2024,142,Oregon St.,50.56417497245892,21.0,60.0,8.87,83.69999999999999,53.164548726590084,Below Avg,0.19411764705882353,0.0,0.0,326
Justin Shorter,WR,2023,150,Florida,48.77246656402318,,79.73509933774834,7.94,74.4,53.15010651319454,Below Avg,0.0,0.0,0.0,327
Tyreek Hill,WR,2016,165,West Alabama,45.50798876586117,18.0,100.0,9.39,88.9,53.12679045098199,Below Avg,23.15294117647059,1.0,1.0,328
Kenneth Gainwell,RB,2021,150,Memphis,48.77246656402318,19.0,90.0,5.66,51.6,53.0365965794197,Below Avg,8.229411764705883,0.0,0.0,329
Chad Hansen,WR,2017,141,California,50.79080422061093,21.0,60.0,7.39,68.9,52.61718358751929,Below Avg,2.7411764705882353,0.0,0.0,330
Kenny Bell,WR,2015,162,Nebraska,46.15155112223164,19.0,90.0,9.2,87.0,52.57881845389689,Below Avg,0.0,0.0,0.0,331
Audric Estime,RB,2024,147,Notre Dame,49.439998436199026,20.0,75.0,6.57,60.7,52.55899867076917,Below Avg,2.864705882352941,0.0,0.0,332
Stefon Diggs,WR,2015,146,Maryland,49.66365676525262,20.0,75.0,5.66,51.6,52.294108250464724,Below Avg,23.04117647058824,1.0,1.0,333
JJ Nelson,WR,2015,159,Ala-Birmingham,46.79965853300224,19.0,90.0,,68.94822695035461,52.22712110056963,Below Avg,0.0,0.0,0.0,334
Ray Davis,RB,2024,128,Kentucky,53.79494679154125,23.0,30.0,,66.49597701149425,52.05050362338477,Below Avg,7.394117647058824,0.0,0.0,335
Wendell Smallwood,RB,2016,153,West Virginia,48.10998910400404,,78.10526315789474,7.09,65.89999999999999,51.99901705419291,Below Avg,7.5470588235294125,0.0,0.0,336
Kyle Philips,WR,2022,163,UCLA,45.936531045873316,19.0,90.0,8.31,78.1,51.95105138899232,Below Avg,1.947058823529412,0.0,0.0,337
Tyler Johnson,WR,2020,161,Minnesota,46.36707616249658,19.0,90.0,,68.94822695035461,51.859426085639825,Below Avg,4.794117647058823,0.0,0.0,338
Hunter Renfrow,WR,2019,149,Clemson,48.99440866994782,19.0,90.0,2.91,24.099999999999998,51.850247369455644,Below Avg,16.052941176470586,1.0,1.0,339
Snoop Conner,RB,2022,154,Mississippi,47.89026274987726,,78.10526315789474,7.03,65.3,51.78224965318515,Below Avg,0.6,0.0,0.0,340
Dontayvion Wicks,WR,2023,159,Virginia,46.79965853300224,20.0,75.0,9.17,86.7,51.614709753051905,Below Avg,7.629411764705882,0.0,0.0,341
Brian Hill,RB,2017,156,Wyoming,47.452429780384286,,78.10526315789474,7.4,69.0,51.59509162911612,Below Avg,5.611764705882353,0.0,0.0,342
Daurice Fountain,WR,2018,159,Northern Iowa,46.79965853300224,,79.73509933774834,7.98,74.80000000000001,51.49321968682674,Below Avg,0.2529411764705883,0.0,0.0,343
Marquez Valdes-Scantling,WR,2018,174,South Florida,43.60345922205765,18.0,100.0,9.26,87.6,51.442940338749004,Below Avg,9.770588235294117,0.0,0.0,344
Jordan Howard,RB,2016,150,Indiana,48.77246656402318,20.0,75.0,5.41,49.1,51.4115965794197,Below Avg,13.535294117647059,1.0,1.0,345
Karlos Williams,RB,2015,155,Florida St.,47.67107791381047,,78.10526315789474,6.41,59.1,51.285942542528375,Below Avg,7.311764705882353,0.0,0.0,346
Montrell Washington,WR,2022,162,Samford,46.15155112223164,18.0,100.0,4.32,38.2,51.13881845389689,Below Avg,0.4235294117647059,0.0,0.0,347
Collin Johnson,WR,2020,165,Texas,45.50798876586117,19.0,90.0,,68.94822695035461,51.12920179849972,Below Avg,3.4823529411764707,0.0,0.0,348
Jonathan Williams,RB,2016,156,Arkansas,47.452429780384286,,78.10526315789474,6.4,59.0,51.09509162911612,Below Avg,2.3764705882352946,0.0,0.0,349
Bryce Lance,WR,2026,150,North Dakota State,48.77246656402318,21.0,60.0,,68.94822695035461,50.90400792693743,Below Avg,,,,350
Qadree Ollison,RB,2019,152,Pittsburgh,48.330261866611345,,78.10526315789474,4.43,39.3,50.85624890240912,Below Avg,1.8058823529411765,0.0,0.0,351
Ihmir Smith-Marsette,WR,2021,157,Iowa,47.23431360755732,20.0,75.0,6.81,63.099999999999994,50.804166566423724,Below Avg,1.6823529411764706,0.0,0.0,352
Tyler Allgeier,RB,2022,151,BYU,48.551086004790726,21.0,60.0,7.4,69.0,50.718423104072116,Below Avg,9.376470588235295,0.0,0.0,353
Jordan Scarlett,RB,2019,154,Florida,47.89026274987726,,78.10526315789474,4.71,42.1,50.62224965318514,Below Avg,0.052941176470588235,0.0,0.0,354
Rodney Adams,WR,2017,170,South Florida,44.44517844407706,18.0,100.0,6.02,55.199999999999996,50.538401677465494,Below Avg,0.0,0.0,0.0,355
Eric Gray,RB,2023,172,Oklahoma,44.02338900352743,18.0,100.0,6.56,60.599999999999994,50.44988065299831,Below Avg,1.1352941176470588,0.0,0.0,356
Jeremy McNichols,RB,2017,162,Boise St.,46.15155112223164,,78.10526315789474,,66.49597701149425,50.364143620261075,Below Avg,4.329411764705883,0.0,0.0,357
Kevin Coleman Jr.,WR,2026,162,Missouri,46.15155112223164,20.0,75.0,,68.94822695035461,50.17622980141462,Below Avg,,,,358
DeAngelo Yancey,WR,2017,175,Purdue,43.39418247364378,19.0,90.0,9.08,85.8,50.17505510259721,Below Avg,0.0,0.0,0.0,359
Rasheen Ali,RB,2024,165,Marshall,45.50798876586117,,78.10526315789474,,66.49597701149425,49.817115617346175,Poor,0.1823529411764706,0.0,0.0,360
Tony Lippett,WR,2015,156,Michigan St.,47.452429780384286,20.0,75.0,3.99,34.900000000000006,49.57956531332664,Poor,0.0,0.0,0.0,361
Keilan Robinson,RB,2024,167,Texas,45.08141589586066,,78.10526315789474,7.32,68.2,49.53972982727103,Poor,0.0,0.0,0.0,362
Jerome Ford,RB,2022,156,Cincinnati,47.452429780384286,21.0,60.0,6.91,64.1,49.53956531332664,Poor,12.964705882352941,1.0,0.0,363
Darnell Mooney,WR,2020,173,Tulane,43.81319351407827,19.0,90.0,7.04,65.4,49.51121448696653,Poor,12.923529411764704,0.0,0.0,364
Jamari Thrash,WR,2024,156,Louisville,47.452429780384286,21.0,60.0,6.77,62.699999999999996,49.46956531332664,Poor,0.3058823529411765,0.0,0.0,365
Jordan Wilkins,RB,2018,169,Mississippi,44.65677995993028,,78.10526315789474,7.74,72.4,49.38878928173021,Poor,3.605882352941176,0.0,0.0,366
Kyren Williams,RB,2022,164,Notre Dame,45.722011663192845,19.0,90.0,3.46,29.599999999999998,49.343709913713916,Poor,17.63529411764706,1.0,1.0,367
Shelton Gibson,WR,2017,166,West Virginia,45.29445820618241,19.0,90.0,3.98,34.8,49.240289475255054,Poor,0.34117647058823536,0.0,0.0,368
Isaiah Davis,RB,2024,173,South Dakota St.,43.81319351407827,,78.10526315789474,8.86,83.6,49.231740802756,Poor,2.7,0.0,0.0,369
Jason Huntley,RB,2020,172,New Mexico St.,44.02338900352743,,78.10526315789474,8.08,75.8,49.02040696878778,Poor,0.30000000000000004,0.0,0.0,370
Aaron Jones,RB,2017,182,Texas-El Paso,41.94175972374306,19.0,90.0,9.21,87.10000000000001,49.00549576518161,Poor,21.158823529411766,1.0,1.0,371
Evan Hull,RB,2023,176,Northwestern,43.185359664653696,,78.10526315789474,9.33,88.3,48.93308203074511,Poor,0.1,0.0,0.0,372
Moritz Boehringer,WR,2016,180,,42.354537423956494,,79.73509933774834,9.98,94.80000000000001,48.71486674413786,Poor,0.0,0.0,0.0,373
Ty Chandler,RB,2022,169,North Carolina,44.65677995993028,,78.10526315789474,6.35,58.5,48.69378928173021,Poor,5.9411764705882355,0.0,0.0,374
Isaiah Coulter,WR,2020,171,Rhode Island,44.2340493948423,,79.73509933774834,6.68,61.8,48.66245191939079,Poor,0.0,0.0,0.0,375
Damion Ratley,WR,2018,175,Texas A&M,43.39418247364378,20.0,75.0,9.02,85.19999999999999,48.64505510259721,Poor,2.235294117647059,0.0,0.0,376
Geremy Davis,WR,2015,186,Connecticut,41.12133897642805,19.0,90.0,9.66,91.6,48.53313812996384,Poor,0.39999999999999997,0.0,0.0,377
K.J. Osborn,WR,2020,176,Miami (FL),43.185359664653696,,79.73509933774834,8.0,75.0,48.431065648730474,Poor,9.741176470588234,0.0,0.0,378
Mike Washington Jr.,RB,2026,163,Arkansas,45.936531045873316,21.0,60.0,,66.49597701149425,48.370850239567034,Poor,,,,379
Trent Taylor,WR,2017,177,Louisiana Tech,42.97698723959096,18.0,100.0,4.0,35.0,48.28043915365232,Poor,5.764705882352941,0.0,0.0,380
Bub Means,WR,2024,170,Pittsburgh,44.44517844407706,21.0,60.0,9.35,88.5,48.20340167746549,Poor,1.576470588235294,0.0,0.0,381
Chase Brown,RB,2023,163,Illinois,45.936531045873316,22.0,45.0,9.81,93.10000000000001,48.20105138899232,Poor,15.0,1.0,1.0,382
Jha'Quan Jackson,WR,2024,182,Tulane,41.94175972374306,18.0,100.0,5.34,48.4,48.070495765181604,Poor,0.07647058823529412,0.0,0.0,383
Travis Fulgham,WR,2019,184,Old Dominion,41.53070215783976,19.0,90.0,8.01,75.1,48.0560968341638,Poor,6.81764705882353,0.0,0.0,384
John Hightower,WR,2020,168,Boise St.,44.86885780479906,21.0,60.0,8.02,75.19999999999999,47.8985291340792,Poor,1.6941176470588235,0.0,0.0,385
Jakeem Grant,WR,2016,186,Texas Tech,41.12133897642805,18.0,100.0,6.39,58.9,47.89813812996384,Poor,4.7823529411764705,0.0,0.0,386
Evan Spencer,WR,2015,187,Ohio St.,40.917284913571535,19.0,90.0,8.37,78.69999999999999,47.714692176535806,Poor,0.0,0.0,0.0,387
Tyrone Tracy Jr.,RB,2024,166,Purdue,45.29445820618241,22.0,45.0,9.78,92.8,47.64028947525505,Poor,0.0,0.0,0.0,388
Cameron Artis-Payne,RB,2015,174,Auburn,43.60345922205765,,78.10526315789474,6.0,55.0,47.623466654538475,Poor,2.1705882352941175,0.0,0.0,389
Parker Washington,WR,2023,185,Penn St.,41.325810352464025,19.0,90.0,,68.94822695035461,47.57435014711215,Poor,5.352941176470588,0.0,0.0,390
T.J. Logan,RB,2017,179,North Carolina,42.56157955714502,,78.10526315789474,7.56,70.6,47.51786893936274,Poor,0.6411764705882353,0.0,0.0,391
KeeSean Johnson,WR,2019,174,Fresno St.,43.60345922205765,19.0,90.0,3.18,26.8,47.402940338749005,Poor,2.7058823529411766,0.0,0.0,392
Ty Johnson,RB,2019,186,Maryland,41.12133897642805,,78.10526315789474,9.74,92.4,47.38366444575331,Poor,6.882352941176471,0.0,0.0,393
Johnny Wilson,WR,2024,185,Florida St.,41.325810352464025,20.0,75.0,9.7,92.0,47.22693879959442,Poor,0.8705882352941177,0.0,0.0,394
Eric McAlister,WR,2026,171,TCU,44.2340493948423,21.0,60.0,,68.94822695035461,47.04635333313369,Poor,,,,395
Isaiah McKenzie,WR,2017,172,Georgia,44.02338900352743,21.0,60.0,,68.94822695035461,46.86729200051604,Poor,7.223529411764706,0.0,0.0,396
Donovan Peoples-Jones,WR,2020,187,Michigan,40.917284913571535,20.0,75.0,9.63,91.30000000000001,46.8446921765358,Poor,9.476470588235294,0.0,0.0,397
Adam Randall,RB,2026,180,Clemson,42.354537423956494,20.0,75.0,,66.49597701149425,46.82615566093773,Poor,,,,398
Tremon Smith,WR,2018,196,Central Arkansas,39.0990823378889,18.0,100.0,,68.94822695035461,46.68163133472329,Poor,0.0,0.0,0.0,399
Alex Collins,RB,2016,171,Arkansas,44.2340493948423,,78.10526315789474,2.96,24.6,46.63946830140543,Poor,10.058823529411764,1.0,0.0,400
Kevin Harris,RB,2022,183,South Carolina,41.73601754906463,,78.10526315789474,7.13,66.3,46.601141232494406,Poor,1.2529411764705882,0.0,0.0,401
Simi Fehoko,WR,2021,179,Stanford,42.56157955714502,21.0,60.0,9.18,86.8,46.51734262357327,Poor,0.9764705882352942,0.0,0.0,402
Quintez Cephus,WR,2020,166,Wisconsin,45.29445820618241,21.0,60.0,4.5,40.0,46.50028947525505,Poor,3.935294117647059,0.0,0.0,403
John Kelly,RB,2018,176,Tennessee,43.185359664653696,,78.10526315789474,4.43,39.3,46.48308203074511,Poor,0.711764705882353,0.0,0.0,404
Puka Nacua,WR,2023,177,BYU,42.97698723959096,20.0,75.0,5.18,46.8,46.37043915365231,Poor,19.49411764705882,1.0,1.0,405
Keith Mumphery,WR,2015,175,Michigan St.,43.39418247364378,20.0,75.0,4.36,38.6,46.31505510259721,Poor,1.5823529411764705,0.0,0.0,406
Darius Slayton,WR,2019,171,Auburn,44.2340493948423,22.0,45.0,8.91,84.1,46.30394198561596,Poor,10.0,0.0,0.0,407
Cody Core,WR,2016,199,Mississippi,38.500104329470645,18.0,100.0,7.38,68.8,46.16508868005005,Poor,2.176470588235294,0.0,0.0,408
Jase McClellan,RB,2024,186,Alabama,41.12133897642805,,78.10526315789474,,66.49597701149425,46.08846329632803,Poor,0.18823529411764706,0.0,0.0,409
Chris Rodriguez,RB,2023,193,Kentucky,39.70155451210871,19.0,90.0,,66.49597701149425,46.071120185867116,Poor,1.8529411764705883,0.0,0.0,410
Equanimeous St. Brown,WR,2018,207,Notre Dame,36.919368987448195,18.0,100.0,9.85,93.5,46.05646363933096,Poor,3.6882352941176473,0.0,0.0,411
Kayshon Boutte,WR,2023,187,LSU,40.917284913571535,19.0,90.0,4.99,44.900000000000006,46.0246921765358,Poor,7.170588235294118,0.0,0.0,412
Kimani Vidal,RB,2024,181,Troy,42.147931921338625,21.0,60.0,8.88,83.80000000000001,46.01574213313783,Poor,1.9235294117647062,0.0,0.0,413
De'Zhaun Stribling,WR,2026,186,Ole Miss,41.12133897642805,20.0,75.0,,68.94822695035461,45.90054947748157,Poor,,,,414
Eric Rivers,WR,2026,178,Georgia Tech,42.76906169071699,21.0,60.0,,68.94822695035461,45.80111378462717,Poor,,,,415
Elijah McGuire,RB,2017,188,Louisiana,40.71364508735466,,78.10526315789474,,66.49597701149425,45.74192349061565,Poor,5.052941176470589,0.0,0.0,416
Jordan Lasley,WR,2018,162,UCLA,46.15155112223164,22.0,45.0,4.47,39.699999999999996,45.71381845389689,Poor,0.0,0.0,0.0,417
Robert Davis,WR,2017,209,Georgia St.,36.527834756947215,18.0,100.0,9.79,92.89999999999999,45.69365954340513,Poor,0.21764705882352942,0.0,0.0,418
Noah Thomas,WR,2026,196,Georgia,39.0990823378889,19.0,90.0,,68.94822695035461,45.68163133472329,Poor,,,,419
Deon Cain,WR,2018,185,Clemson,41.325810352464025,20.0,75.0,6.47,59.699999999999996,45.61193879959442,Poor,1.2588235294117647,0.0,0.0,420
Elijah Mitchell,RB,2021,194,Louisiana,39.500337629514114,20.0,75.0,9.5,90.0,45.575286985087,Poor,11.799999999999999,1.0,0.0,421
Trayveon Williams,RB,2019,182,Texas A&M,41.94175972374306,,78.10526315789474,4.6,41.0,45.511022080971074,Poor,1.2764705882352942,0.0,0.0,422
Rashard Higgins,WR,2016,172,Colorado St.,44.02338900352743,20.0,75.0,1.65,11.5,45.49488065299831,Poor,8.205882352941176,0.0,0.0,423
Keenan Reynolds,RB,2016,182,Navy,41.94175972374306,,78.10526315789474,4.55,40.5,45.486022080971075,Poor,0.0,0.0,0.0,424
A.T. Perry,WR,2023,195,Wake Forest,39.29951449939654,20.0,75.0,9.62,91.19999999999999,45.464587324487056,Poor,3.5647058823529414,0.0,0.0,425
Frank Darby,WR,2021,187,Arizona St.,40.917284913571535,,79.73509933774834,5.89,53.9,45.44820211031064,Poor,0.14705882352941177,0.0,0.0,426
Jalen Nailor,WR,2022,191,Michigan St.,40.10518084262188,20.0,75.0,8.09,75.9,45.3844037162286,Poor,6.547058823529412,0.0,0.0,427
Malik Washington,WR,2024,184,Virginia,41.53070215783976,21.0,60.0,8.63,81.30000000000001,45.3660968341638,Poor,3.341176470588235,0.0,0.0,428
Cornell Powell,WR,2021,181,Clemson,42.147931921338625,21.0,60.0,7.57,70.7,45.36074213313783,Poor,0.0,0.0,0.0,429
Russell Gage,WR,2018,194,LSU,39.500337629514114,,79.73509933774834,8.0,75.0,45.29879691886183,Poor,10.323529411764707,0.0,0.0,430
Dexter Williams,RB,2019,194,Notre Dame,39.500337629514114,,78.10526315789474,8.13,76.30000000000001,45.20081330087647,Poor,0.06470588235294118,0.0,0.0,431
Kaelin Clay,WR,2015,184,Utah,41.53070215783976,19.0,90.0,2.18,16.800000000000004,45.141096834163804,Poor,1.3764705882352941,0.0,0.0,432
Mike Thomas,WR,2016,206,Southern Miss,37.115674968761425,18.0,100.0,7.66,71.6,45.12832372344721,Poor,1.7823529411764707,0.0,0.0,433
Noah Whittington,RB,2026,183,Oregon,41.73601754906463,21.0,60.0,,66.49597701149425,44.80041376727965,Poor,,,,434
Chris Evans,RB,2021,202,Michigan,37.904547996459925,,78.10526315789474,9.84,93.4,44.69939211278041,Poor,3.0823529411764707,0.0,0.0,435
Keelan Marion,WR,2026,193,Miami,39.70155451210871,20.0,75.0,,68.94822695035461,44.69373268281013,Poor,,,,436
Cedrick Wilson Jr.,WR,2018,208,Boise St.,36.72342304569737,18.0,100.0,,68.94822695035461,44.662320936360494,Poor,4.488235294117647,0.0,0.0,437
Tejhaun Palmer,WR,2024,191,Ala-Birmingham,40.10518084262188,21.0,60.0,9.57,90.7,44.6244037162286,Poor,0.0,0.0,0.0,438
Lewis Bond,WR,2026,185,Boston College,41.325810352464025,21.0,60.0,,68.94822695035461,44.57435014711215,Poor,,,,439
Marcus Green,WR,2019,203,La-Monroe,37.70677743241549,19.0,90.0,7.22,67.2,44.41076081755317,Poor,0.0,0.0,0.0,440
Boston Scott,RB,2018,201,Louisiana Tech,38.10269095611306,,78.10526315789474,8.85,83.5,44.37281362848557,Poor,6.417647058823529,0.0,0.0,441
Keaontay Ingram,RB,2022,201,USC,38.10269095611306,,78.10526315789474,8.67,81.7,44.28281362848557,Poor,1.0647058823529412,0.0,0.0,442
Casey Washington,WR,2024,187,Illinois,40.917284913571535,21.0,60.0,7.15,66.5,44.104692176535806,Poor,0.14117647058823532,0.0,0.0,443
Xavier Hutchinson,WR,2023,205,Iowa St.,37.312343403797485,19.0,90.0,7.27,67.69999999999999,44.10049189322786,Poor,2.1941176470588233,0.0,0.0,444
Tyler Badie,RB,2022,196,Missouri,39.0990823378889,,78.10526315789474,6.38,58.8,43.984746302995035,Poor,0.6,0.0,0.0,445
Trenton Cannon,RB,2018,204,Virginia St.,37.50937673477087,,78.10526315789474,9.07,85.7,43.97849654034471,Poor,2.864705882352941,0.0,0.0,446
Ray-Ray McCloud,WR,2018,187,Clemson,40.917284913571535,20.0,75.0,3.71,32.1,43.8846921765358,Poor,8.382352941176471,0.0,0.0,447
Scott Miller,WR,2019,208,Bowling Green,36.72342304569737,19.0,90.0,7.76,72.6,43.84490958884277,Poor,7.117647058823529,0.0,0.0,448
Aaron Anderson,WR,2026,199,LSU,38.500104329470645,20.0,75.0,,68.94822695035461,43.67250002756778,Poor,,,,449
Jalen Camp,WR,2021,209,Georgia Tech,36.527834756947215,,79.73509933774834,9.75,92.5,43.647169477179965,Poor,0.1,0.0,0.0,450
Michael Woods II,WR,2022,202,Oklahoma,37.904547996459925,,79.73509933774834,,68.94822695035461,43.6397870782835,Poor,0.0,0.0,0.0,451
Travis Homer,RB,2019,204,Miami (FL),37.50937673477087,,78.10526315789474,8.34,78.4,43.61349654034471,Poor,3.2823529411764705,0.0,0.0,452
Quez Watkins,WR,2020,200,Southern Miss,38.301208870560295,20.0,75.0,7.4,69.0,43.50602753997625,Poor,7.147058823529412,0.0,0.0,453
Marquez Stevenson,WR,2021,203,Houston,37.70677743241549,19.0,90.0,5.37,48.7,43.48576081755317,Poor,0.0,0.0,0.0,454
Bud Sasser,WR,2015,201,Missouri,38.10269095611306,20.0,75.0,7.45,69.5,43.3622873126961,Poor,0.0,0.0,0.0,455
Elijah Higgins,WR,2023,197,Stanford,38.89903839489586,21.0,60.0,8.94,84.4,43.28418263566148,Poor,0.0,0.0,0.0,456
Dylan Cantrell,WR,2018,191,Texas Tech,40.10518084262188,22.0,45.0,9.86,93.6,43.269403716228595,Poor,0.0,0.0,0.0,457
Dane Key,WR,2026,202,Nebraska,37.904547996459925,20.0,75.0,,68.94822695035461,43.16627714450866,Poor,,,,458
Dylan Laube,RB,2024,208,New Hampshire,36.72342304569737,,78.10526315789474,8.78,82.8,43.16543590463224,Poor,-0.11764705882352941,0.0,0.0,459
James Proche,WR,2020,201,SMU,38.10269095611306,19.0,90.0,4.04,35.4,43.1572873126961,Poor,2.1294117647058823,0.0,0.0,460
Racey McMath,WR,2021,205,LSU,37.312343403797485,,79.73509933774834,7.43,69.3,43.15400182700269,Poor,0.3764705882352941,0.0,0.0,461
Gary Brightwell,RB,2021,196,Arizona,39.0990823378889,,78.10526315789474,4.57,40.7,43.079746302995034,Poor,1.7647058823529411,0.0,0.0,462
Josh Cameron,WR,2026,194,Baylor,39.500337629514114,21.0,60.0,,68.94822695035461,43.022698332604726,Poor,,,,463
Trey Palmer,WR,2023,191,Nebraska,40.10518084262188,21.0,60.0,6.18,56.8,42.92940371622859,Poor,6.729411764705882,0.0,0.0,464
Darren Waller,WR,2015,204,Georgia Tech,37.50937673477087,20.0,75.0,,68.94822695035461,42.830381572072966,Poor,0.0,0.0,0.0,465
Juwann Winfree,WR,2019,187,Colorado,40.917284913571535,22.0,45.0,7.14,66.4,42.599692176535804,Poor,0.6941176470588236,0.0,0.0,466
Brandon Wilson,RB,2017,207,Houston,36.919368987448195,,78.10526315789474,,66.49597701149425,42.51678880569514,Poor,0.0,0.0,0.0,467
David Moore,WR,2017,226,East Central (OK),33.25536729822588,18.0,100.0,8.99,84.9,42.51206220349199,Poor,7.076470588235294,0.0,0.0,468
Deuce Vaughn,RB,2023,212,Kansas St.,35.94319234776309,18.0,100.0,4.32,38.2,42.461713495598616,Poor,0.8823529411764706,0.0,0.0,469
De'Angelo Henderson,RB,2017,203,Coastal Carolina,37.70677743241549,,78.10526315789474,5.66,51.6,42.44128713334264,Poor,0.0,0.0,0.0,470
Isaiah Hodgins,WR,2020,207,Oregon St.,36.919368987448195,20.0,75.0,7.56,70.6,42.41146363933096,Poor,7.411764705882353,0.0,0.0,471
Roman Hemby,RB,2026,197,Indiana,38.89903839489586,21.0,60.0,,66.49597701149425,42.38898148623619,Poor,,,,472
Darius Jackson,RB,2016,216,Eastern Michigan,35.1685361424386,,78.10526315789474,9.85,93.5,42.378782036862276,Poor,0.09411764705882353,0.0,0.0,473
Kolby Listenbee,WR,2016,192,TCU,39.903167965411214,22.0,45.0,7.91,74.1,42.12269277059953,Poor,0.0,0.0,0.0,474
Freddie Swain,WR,2020,214,Florida,35.55517645503487,,79.73509933774834,8.29,77.89999999999999,42.090409920554464,Poor,5.088235294117647,0.0,0.0,475
Ryan Flournoy,WR,2024,216,SE Missouri St.,35.1685361424386,20.0,75.0,9.89,93.9,42.088255721072805,Poor,1.0705882352941178,0.0,0.0,476
Dezmon Patmon,WR,2020,212,Washington St.,35.94319234776309,20.0,75.0,8.46,79.60000000000001,42.03171349559862,Poor,0.5941176470588235,0.0,0.0,477
Trestan Ebner,RB,2022,203,Baylor,37.70677743241549,,78.10526315789474,4.77,42.699999999999996,41.99628713334264,Poor,0.48235294117647065,0.0,0.0,478
Zach Evans,RB,2023,215,Mississippi,35.36168545697983,,78.10526315789474,8.75,82.5,41.99295895422233,Poor,0.11176470588235293,0.0,0.0,479
Andre Debose,WR,2015,221,Florida,34.207839313634366,19.0,90.0,8.13,76.30000000000001,41.89166341658921,Poor,0.0,0.0,0.0,480
Demetric Felton,RB,2021,211,UCLA,36.13772172752879,,78.10526315789474,,66.49597701149425,41.852388634763656,Poor,2.9705882352941178,0.0,0.0,481
Rodney Anderson,RB,2019,211,Oklahoma,36.13772172752879,,78.10526315789474,,66.49597701149425,41.852388634763656,Poor,0.0,0.0,0.0,482
DeMario Douglas,WR,2023,210,Liberty,36.332601761788666,20.0,75.0,,68.94822695035461,41.83012284503809,Poor,0.0,0.0,0.0,483
Darwin Thompson,RB,2019,214,Utah St.,35.55517645503487,,78.10526315789474,7.99,74.9,41.777426302569104,Poor,1.9529411764705884,0.0,0.0,484
Jordan Hudson,WR,2026,211,SMU,36.13772172752879,20.0,75.0,,68.94822695035461,41.6644748159172,Poor,,,,485
Jawhar Jordan,RB,2024,205,Louisville,37.312343403797485,,78.10526315789474,4.6,41.0,41.576018209017334,Poor,0.0,0.0,0.0,486
Caleb Douglas,WR,2026,212,Texas Tech,35.94319234776309,20.0,75.0,,68.94822695035461,41.49912484311635,Poor,,,,487
Larry Rountree,RB,2021,198,Missouri,38.699379953515,,78.10526315789474,2.01,15.099999999999994,41.45999927627722,Poor,0.9176470588235294,0.0,0.0,488
Braxton Berrios,WR,2018,210,Miami (FL),36.332601761788666,,79.73509933774834,5.68,51.8,41.4462214312952,Poor,6.770588235294118,0.0,0.0,489
Jordan Whittington,WR,2024,213,Texas,35.74901134195683,20.0,75.0,,68.94822695035461,41.33407098818103,Poor,3.2176470588235295,0.0,0.0,490
Neal Sterling,WR,2015,220,Monmouth,34.399312454218645,19.0,90.0,6.62,61.2,41.29941558608585,Poor,0.0,0.0,0.0,491
Bo Melton,WR,2022,229,Rutgers,32.687727412828664,19.0,90.0,9.23,87.30000000000001,41.14956830090437,Poor,3.323529411764706,0.0,0.0,492
Shi Smith,WR,2021,204,South Carolina,37.50937673477087,21.0,60.0,6.78,62.800000000000004,41.02297022455524,Poor,3.623529411764706,0.0,0.0,493
Dareke Young,WR,2022,233,Lenoir-Rhyne,31.93525043772044,19.0,90.0,9.93,94.3,40.85996287206238,Poor,0.38235294117647056,0.0,0.0,494
Reggie Virgil,WR,2026,216,Texas Tech,35.1685361424386,20.0,75.0,,68.94822695035461,40.840667068590534,Poor,,,,495
Andrei Iosivas,WR,2023,206,Princeton,37.115674968761425,22.0,45.0,9.96,94.60000000000001,40.778323723447215,Poor,7.052941176470589,0.0,0.0,496
Mike Weber,RB,2019,218,Ohio St.,34.78325386350022,,78.10526315789474,7.01,65.1,40.631292099764664,Poor,0.0,0.0,0.0,497
Aaron Burbridge,WR,2016,213,Michigan St.,35.74901134195683,19.0,90.0,2.78,22.799999999999997,40.526659640663304,Poor,0.9294117647058824,0.0,0.0,498
Devin Lucien,WR,2016,225,Arizona St.,33.445215911948296,19.0,90.0,6.68,61.8,40.518433525156055,Poor,0.0,0.0,0.0,499
Stacy Coley,WR,2017,219,Miami (FL),34.591116608286086,19.0,90.0,4.46,39.6,40.38244911704317,Poor,0.0,0.0,0.0,500
Cullen Gillaspia,RB,2019,220,Texas A&M,34.399312454218645,,78.10526315789474,,66.49597701149425,40.37474075245004,Poor,0.0,0.0,0.0,501
Marcell Ateman,WR,2018,228,Oklahoma St.,32.876624975929246,18.0,100.0,5.18,46.8,40.28513122953986,Poor,2.1411764705882352,0.0,0.0,502
Devin Fuller,WR,2016,238,UCLA,31.00152182589578,18.0,100.0,8.34,78.4,40.271293552011414,Poor,0.0,0.0,0.0,503
Seth Williams,WR,2021,219,Auburn,34.591116608286086,20.0,75.0,6.86,63.6,40.082449117043176,Poor,0.25882352941176473,0.0,0.0,504
Kerrith Whyte Jr,RB,2019,222,Florida Atlantic,34.016695121333115,,78.10526315789474,,66.49597701149425,40.04951601949733,Poor,0.0,0.0,0.0,505
Khalil Herbert,RB,2021,217,Virginia Tech,34.97572633033664,20.0,75.0,6.14,56.4,40.049367380786144,Poor,6.929411764705883,0.0,0.0,506
Josh Robinson,RB,2015,205,Mississippi St.,37.312343403797485,,78.10526315789474,1.1,5.999999999999993,39.826018209017334,Poor,0.6588235294117647,0.0,0.0,507
DeWayne McBride,RB,2023,222,Ala-Birmingham,34.016695121333115,20.0,75.0,,66.49597701149425,39.73898970370786,Poor,0.0,0.0,0.0,508
Kelvin Harmon,WR,2019,206,North Carolina St.,37.115674968761425,21.0,60.0,4.88,43.8,39.73832372344721,Poor,3.911764705882353,0.0,0.0,509
Kelvin Taylor,RB,2016,211,Florida,36.13772172752879,,78.10526315789474,2.66,21.6,39.607589784188946,Poor,0.0,0.0,0.0,510
Da'Ron Brown,WR,2015,233,Northern Illinois,31.93525043772044,19.0,90.0,,68.94822695035461,39.59237421958011,Poor,0.0,0.0,0.0,511
Jake Funk,RB,2021,233,Maryland,31.93525043772044,,78.10526315789474,9.76,92.6,39.585489187851856,Poor,0.18823529411764706,0.0,0.0,512
Antoine Green,WR,2023,219,North Carolina,34.591116608286086,21.0,60.0,8.68,81.8,39.49244911704318,Poor,0.07058823529411765,0.0,0.0,513
Noah Brown,WR,2017,239,Ohio St.,30.815673988275364,18.0,100.0,6.88,63.8,39.38332289003405,Poor,7.2,0.0,0.0,514
Eno Benjamin,RB,2020,222,Arizona St.,34.016695121333115,,78.10526315789474,5.76,52.599999999999994,39.354717168922626,Poor,5.2705882352941185,0.0,0.0,515
Mike Strachan,WR,2021,229,Charleston (WV),32.687727412828664,,79.73509933774834,,68.94822695035461,39.205489582196925,Poor,0.5235294117647059,0.0,0.0,516
Dwayne Washington,RB,2016,236,Washington,31.374110141410995,,78.10526315789474,9.82,93.2,39.13851993598881,Poor,2.864705882352941,0.0,0.0,517
Javon Wims,WR,2018,224,Georgia,33.6353854310527,,79.73509933774834,5.44,49.400000000000006,39.03358755016962,Poor,2.5058823529411764,0.0,0.0,518
Dillon Mitchell,WR,2019,239,Oregon,30.815673988275364,19.0,90.0,7.96,74.6,38.92332289003405,Poor,0.0,0.0,0.0,519
Daniel Lasco,RB,2016,237,California,31.187666633411297,,78.10526315789474,9.61,91.1,38.87504295418908,Poor,0.37058823529411766,0.0,0.0,520
Bo Scarbrough,RB,2018,236,Alabama,31.374110141410995,,78.10526315789474,9.25,87.5,38.853519935988814,Poor,2.5411764705882356,0.0,0.0,521
Isaiah Ford,WR,2017,237,Virginia Tech,31.187666633411297,18.0,100.0,5.05,45.5,38.7845166383996,Poor,3.2705882352941176,0.0,0.0,522
Richie James,WR,2018,240,Middle Tenn. St.,30.630121407180937,18.0,100.0,5.99,54.900000000000006,38.78060319610379,Poor,9.276470588235295,0.0,0.0,523
K.J. Hill,WR,2020,220,Ohio St.,34.399312454218645,20.0,75.0,3.89,33.900000000000006,38.43441558608585,Poor,0.8411764705882353,0.0,0.0,524
Chandler Cox,RB,2019,233,Auburn,31.93525043772044,,78.10526315789474,,66.49597701149425,38.28028803842656,Poor,0.0,0.0,0.0,525
David Williams,RB,2018,226,Arkansas,33.25536729822588,,78.10526315789474,4.76,42.599999999999994,38.20758851928147,Poor,0.0,0.0,0.0,526
Dezmin Lewis,WR,2015,234,Central Arkansas,31.7479002688044,19.0,90.0,4.77,42.699999999999996,38.12071522848374,Poor,0.0,0.0,0.0,527
Vinny Anthony II,WR,2026,224,Wisconsin,33.6353854310527,21.0,60.0,,68.94822695035461,38.03748896391252,Poor,,,,528
Lew Nichols,RB,2023,235,Central Michigan,31.560854097950696,,78.10526315789474,,66.49597701149425,37.96205114962227,Poor,0.0,0.0,0.0,529
Keith Marshall,RB,2016,242,Georgia,30.25989524574358,,78.10526315789474,9.35,88.5,37.956437274671515,Poor,0.0,0.0,0.0,530
Amare Thomas,WR,2026,250,Houston,28.79046960395864,18.0,100.0,,68.94822695035461,37.919310510882575,Poor,,,,531
Terry Godwin,WR,2019,237,Georgia,31.187666633411297,19.0,90.0,5.26,47.599999999999994,37.889516638399606,Poor,0.38235294117647056,0.0,0.0,532
Ronnie Bell,WR,2023,253,Michigan,28.244056507249695,18.0,100.0,8.2,76.99999999999999,37.85744803116224,Poor,1.811764705882353,0.0,0.0,533
Mario Alford,WR,2015,238,West Virginia,31.00152182589578,19.0,90.0,5.4,49.00000000000001,37.801293552011415,Poor,0.14705882352941177,0.0,0.0,534
Brenden Rice,WR,2024,225,USC,33.445215911948296,21.0,60.0,7.17,66.7,37.76343352515605,Poor,0.0,0.0,0.0,535
Tre McBride,WR,2015,245,William & Mary,29.706728556907052,,79.73509933774834,9.56,90.6,37.754229207145826,Poor,1.3176470588235294,0.0,0.0,536
Devante Mays,RB,2017,238,Utah St.,31.00152182589578,,78.10526315789474,7.66,71.6,37.741819867800885,Poor,0.06470588235294118,0.0,0.0,537
Tyrie Cleveland,WR,2020,252,Florida,28.42591925759298,19.0,90.0,9.65,91.5,37.737031368954035,Poor,0.723529411764706,0.0,0.0,538
Daniel Braverman,WR,2016,230,Western Michigan,32.499143045455526,19.0,90.0,2.56,20.6,37.6542715886372,Poor,0.0,0.0,0.0,539
Nick Bawden,RB,2018,237,San Diego St.,31.187666633411297,,78.10526315789474,,66.49597701149425,37.644841804763786,Poor,0.0,0.0,0.0,540
Myles Gaskin,RB,2019,234,Washington,31.7479002688044,,78.10526315789474,5.93,54.3,37.51124154427322,Poor,10.211764705882352,0.0,0.0,541
Charone Peake,WR,2016,241,Clemson,30.444862386220947,19.0,90.0,5.76,52.599999999999994,37.50813302828781,Poor,2.211764705882353,0.0,0.0,542
Isiah Pacheco,RB,2022,251,Rutgers,28.608056453145068,19.0,90.0,8.85,83.5,37.49184798517331,Poor,16.423529411764704,1.0,1.0,543
Tre Nixon,WR,2021,242,Central Florida,30.25989524574358,20.0,75.0,8.97,84.70000000000002,37.45591095888204,Poor,0.0,0.0,0.0,544
Dazz Newsome,WR,2021,221,North Carolina,34.207839313634366,20.0,75.0,2.13,16.299999999999997,37.39166341658921,Poor,0.2529411764705882,0.0,0.0,545
Olabisi Johnson,WR,2019,247,Colorado St.,29.339380105472458,19.0,90.0,,68.94822695035461,37.38588443716932,Poor,4.864705882352942,0.0,0.0,546
Khalfani Muhammad,RB,2017,241,California,30.444862386220947,,78.10526315789474,7.52,70.19999999999999,37.19865934407728,Poor,0.0,0.0,0.0,547
Gerrid Doaks,RB,2021,244,Cincinnati,29.890829969930095,,78.10526315789474,8.3,78.0,37.11773179023005,Poor,0.0,0.0,0.0,548
Colton Dowell,WR,2023,228,UT Martin,32.876624975929246,22.0,45.0,9.78,92.8,37.085131229539854,Poor,0.07647058823529412,0.0,0.0,549
Kawaan Baker,WR,2021,255,South Alabama,27.881148372763306,19.0,90.0,9.08,85.8,36.98897611684881,Poor,0.0,0.0,0.0,550
Jaden Greathouse,WR,2026,250,Notre Dame,28.79046960395864,19.0,90.0,,68.94822695035461,36.919310510882575,Poor,,,,551
Barion Brown,WR,2026,250,LSU,28.79046960395864,19.0,90.0,,68.94822695035461,36.919310510882575,Poor,,,,552
Shelton Sampson Jr.,WR,2026,250,Louisiana,28.79046960395864,19.0,90.0,,68.94822695035461,36.919310510882575,Poor,,,,553
Caullin Lacy,WR,2026,231,Louisville,32.31086999617516,21.0,60.0,,68.94822695035461,36.91165084426661,Poor,,,,554
Jauan Jennings,WR,2020,217,Tennessee,34.97572633033664,21.0,60.0,2.7,22.000000000000004,36.829367380786145,Poor,12.382352941176471,0.0,0.0,555
Devaughn Vele,WR,2024,235,Utah,31.560854097950696,21.0,60.0,8.47,79.7,36.811725983258086,Poor,6.264705882352941,0.0,0.0,556
Quinten Joyner,RB,2026,250,Texas Tech,28.79046960395864,19.0,90.0,,66.49597701149425,36.79669801393956,Poor,,,,557
Jaydn Ott,RB,2026,250,California,28.79046960395864,19.0,90.0,,66.49597701149425,36.79669801393956,Poor,,,,558
Raymond Calais,RB,2020,245,Louisiana,29.706728556907052,,78.10526315789474,7.6,71.0,36.61124558916046,Poor,0.0,0.0,0.0,559
C.J. Donaldson,RB,2026,242,Ohio State,30.25989524574358,20.0,75.0,,66.49597701149425,36.54570980945675,Poor,,,,560
Zac Brooks,RB,2016,247,Clemson,29.339380105472458,,78.10526315789474,7.94,74.4,36.46899940544106,Poor,0.0,0.0,0.0,561
Cornelius Johnson,WR,2024,253,Michigan,28.244056507249695,,79.73509933774834,9.46,89.60000000000001,36.46095796493708,Poor,0.0,0.0,0.0,562
Justin Jackson,RB,2018,251,Northwestern,28.608056453145068,,78.10526315789474,8.84,83.4,36.29737430096279,Poor,5.070588235294117,0.0,0.0,563
Malcolm Perry,RB,2020,246,Navy,29.522912468546167,,78.10526315789474,,66.49597701149425,36.22980076462842,Poor,1.4529411764705882,0.0,0.0,564
Chris Carson,RB,2017,249,Oklahoma St.,28.97316023447314,,78.10526315789474,7.91,74.1,36.142712515091645,Poor,13.68235294117647,1.0,0.0,565
Elijah Hood,RB,2017,242,North Carolina,30.25989524574358,,78.10526315789474,5.69,51.900000000000006,36.12643727467152,Poor,0.0,0.0,0.0,566
Kenny McIntosh,RB,2023,237,Georgia,31.187666633411297,,78.10526315789474,4.08,35.8,36.110042954189076,Poor,1.3176470588235294,0.0,0.0,567
Ben Skowronek,WR,2021,249,Notre Dame,28.97316023447314,,79.73509933774834,,68.94822695035461,36.04810748059473,Poor,4.958823529411766,0.0,0.0,568
Jalen Brooks,WR,2023,244,South Carolina,29.890829969930095,,79.73509933774834,5.6,50.99999999999999,35.93071540821541,Poor,2.1,0.0,0.0,569
Jamarion Miller,RB,2026,246,Alabama,29.522912468546167,20.0,75.0,,66.49597701149425,35.91927444883895,Poor,,,,570
London Humphreys,WR,2026,250,Georgia,28.79046960395864,,79.73509933774834,,68.94822695035461,35.89282044465741,Poor,,,,571
C.J. Williams,WR,2026,250,Stanford,28.79046960395864,,79.73509933774834,,68.94822695035461,35.89282044465741,Poor,,,,572
Mikey Matthews,WR,2026,250,UCLA,28.79046960395864,,79.73509933774834,,68.94822695035461,35.89282044465741,Poor,,,,573
Kobe Prentice,WR,2026,250,Baylor,28.79046960395864,,79.73509933774834,,68.94822695035461,35.89282044465741,Poor,,,,574
Kyion Grayes,WR,2026,250,California,28.79046960395864,,79.73509933774834,,68.94822695035461,35.89282044465741,Poor,,,,575
Braylin Presley,WR,2026,250,Tulsa,28.79046960395864,,79.73509933774834,,68.94822695035461,35.89282044465741,Poor,,,,576
Talyn Shettron,WR,2026,250,Oklahoma State,28.79046960395864,,79.73509933774834,,68.94822695035461,35.89282044465741,Poor,,,,577
Tobias Merriweather,WR,2026,250,Utah,28.79046960395864,,79.73509933774834,,68.94822695035461,35.89282044465741,Poor,,,,578
Zavion Thomas,WR,2026,250,LSU,28.79046960395864,,79.73509933774834,,68.94822695035461,35.89282044465741,Poor,,,,579
Braylon James,WR,2026,250,Notre Dame,28.79046960395864,,79.73509933774834,,68.94822695035461,35.89282044465741,Poor,,,,580
Dillon Bell,WR,2026,250,Georgia,28.79046960395864,,79.73509933774834,,68.94822695035461,35.89282044465741,Poor,,,,581
Donavon Greene,WR,2026,250,Virginia Tech,28.79046960395864,,79.73509933774834,,68.94822695035461,35.89282044465741,Poor,,,,582
Tyler Brown,WR,2026,250,Clemson,28.79046960395864,,79.73509933774834,,68.94822695035461,35.89282044465741,Poor,,,,583
Andre Greene Jr.,WR,2026,250,Virginia,28.79046960395864,,79.73509933774834,,68.94822695035461,35.89282044465741,Poor,,,,584
Antonio Gates Jr.,WR,2026,250,Michigan State,28.79046960395864,,79.73509933774834,,68.94822695035461,35.89282044465741,Poor,,,,585
J.Michael Sturdivant,WR,2026,250,Florida,28.79046960395864,,79.73509933774834,,68.94822695035461,35.89282044465741,Poor,,,,586
Brandon Inniss,WR,2026,250,Ohio State,28.79046960395864,,79.73509933774834,,68.94822695035461,35.89282044465741,Poor,,,,587
Emmanuel Henderson,WR,2026,250,Kansas,28.79046960395864,,79.73509933774834,,68.94822695035461,35.89282044465741,Poor,,,,588
Hank Beatty,WR,2026,250,Illinois,28.79046960395864,,79.73509933774834,,68.94822695035461,35.89282044465741,Poor,,,,589
Jeff Caldwell,WR,2026,250,Cincinnati,28.79046960395864,,79.73509933774834,,68.94822695035461,35.89282044465741,Poor,,,,590
Malik Benson,WR,2026,250,Oregon,28.79046960395864,,79.73509933774834,,68.94822695035461,35.89282044465741,Poor,,,,591
Chris Hilton,WR,2026,250,LSU,28.79046960395864,,79.73509933774834,,68.94822695035461,35.89282044465741,Poor,,,,592
Kaden Wetjen,WR,2026,250,Iowa,28.79046960395864,,79.73509933774834,,68.94822695035461,35.89282044465741,Poor,,,,593
Ryan Niblett,WR,2026,250,Texas,28.79046960395864,,79.73509933774834,,68.94822695035461,35.89282044465741,Poor,,,,594
Cordale Russell,WR,2026,250,Colorado,28.79046960395864,,79.73509933774834,,68.94822695035461,35.89282044465741,Poor,,,,595
Ayden Williams,WR,2026,250,Mississippi State,28.79046960395864,,79.73509933774834,,68.94822695035461,35.89282044465741,Poor,,,,596
Eli Heidenreich,WR,2026,250,Navy,28.79046960395864,,79.73509933774834,,68.94822695035461,35.89282044465741,Poor,,,,597
Ja'Mori Maclin,WR,2026,250,Kentucky,28.79046960395864,,79.73509933774834,,68.94822695035461,35.89282044465741,Poor,,,,598
E.J. Williams,WR,2026,250,Indiana,28.79046960395864,,79.73509933774834,,68.94822695035461,35.89282044465741,Poor,,,,599
Max Tomzcak,WR,2026,250,Northern Illinois,28.79046960395864,,79.73509933774834,,68.94822695035461,35.89282044465741,Poor,,,,600
Joseph Manjack IV,WR,2026,250,TCU,28.79046960395864,,79.73509933774834,,68.94822695035461,35.89282044465741,Poor,,,,601
Jaden Bray,WR,2026,250,West Virginia,28.79046960395864,,79.73509933774834,,68.94822695035461,35.89282044465741,Poor,,,,602
Jared Brown,WR,2026,250,South Carolina,28.79046960395864,,79.73509933774834,,68.94822695035461,35.89282044465741,Poor,,,,603
Cyrus Allen,WR,2026,250,Cincinnati,28.79046960395864,,79.73509933774834,,68.94822695035461,35.89282044465741,Poor,,,,604
Rara Thomas,WR,2026,250,Troy,28.79046960395864,,79.73509933774834,,68.94822695035461,35.89282044465741,Poor,,,,605
Chase Roberts,WR,2026,250,BYU,28.79046960395864,,79.73509933774834,,68.94822695035461,35.89282044465741,Poor,,,,606
Andrel Anthony,WR,2026,250,Duke,28.79046960395864,,79.73509933774834,,68.94822695035461,35.89282044465741,Poor,,,,607
Jerand Bradley,WR,2026,250,Kansas State,28.79046960395864,,79.73509933774834,,68.94822695035461,35.89282044465741,Poor,,,,608
Deion Colzie,WR,2026,250,Miami (OH),28.79046960395864,,79.73509933774834,,68.94822695035461,35.89282044465741,Poor,,,,609
Malik McClain,WR,2026,250,Arizona State,28.79046960395864,,79.73509933774834,,68.94822695035461,35.89282044465741,Poor,,,,610
Kyron Ware-Hudson,WR,2026,250,Penn State,28.79046960395864,,79.73509933774834,,68.94822695035461,35.89282044465741,Poor,,,,611
Cody Jackson,WR,2026,250,Tarleton State,28.79046960395864,,79.73509933774834,,68.94822695035461,35.89282044465741,Poor,,,,612
Dacari Collins,WR,2026,250,Louisville,28.79046960395864,,79.73509933774834,,68.94822695035461,35.89282044465741,Poor,,,,613
JoJo Earle,WR,2026,250,UNLV,28.79046960395864,,79.73509933774834,,68.94822695035461,35.89282044465741,Poor,,,,614
Jayden Thomas,WR,2026,250,Virginia,28.79046960395864,,79.73509933774834,,68.94822695035461,35.89282044465741,Poor,,,,615
Jalen Walthall,WR,2026,250,Incarnate Word,28.79046960395864,,79.73509933774834,,68.94822695035461,35.89282044465741,Poor,,,,616
Romello Brinson,WR,2026,250,SMU,28.79046960395864,,79.73509933774834,,68.94822695035461,35.89282044465741,Poor,,,,617
Jalil Farooq,WR,2026,250,Maryland,28.79046960395864,,79.73509933774834,,68.94822695035461,35.89282044465741,Poor,,,,618
Griffin Wilde,WR,2026,250,Northwestern,28.79046960395864,,79.73509933774834,,68.94822695035461,35.89282044465741,Poor,,,,619
Jordan Dwyer,WR,2026,250,TCU,28.79046960395864,,79.73509933774834,,68.94822695035461,35.89282044465741,Poor,,,,620
Kaleb Brown,WR,2026,250,UAB,28.79046960395864,,79.73509933774834,,68.94822695035461,35.89282044465741,Poor,,,,621
Jayden McGowan,WR,2026,250,Charlotte,28.79046960395864,,79.73509933774834,,68.94822695035461,35.89282044465741,Poor,,,,622
Jalen Brown,WR,2026,250,Arkansas,28.79046960395864,,79.73509933774834,,68.94822695035461,35.89282044465741,Poor,,,,623
Ja'Varrius Johnson,WR,2026,250,Auburn,28.79046960395864,,79.73509933774834,,68.94822695035461,35.89282044465741,Poor,,,,624
Nathan Leacock,WR,2026,250,North Carolina,28.79046960395864,,79.73509933774834,,68.94822695035461,35.89282044465741,Poor,,,,625
Raymond Cottrell,WR,2026,250,Texas A&M,28.79046960395864,,79.73509933774834,,68.94822695035461,35.89282044465741,Poor,,,,626
Squirrel White,WR,2026,250,Florida State,28.79046960395864,,79.73509933774834,,68.94822695035461,35.89282044465741,Poor,,,,627
Jaquaize Pettaway,WR,2026,250,East Carolina,28.79046960395864,,79.73509933774834,,68.94822695035461,35.89282044465741,Poor,,,,628
Trebor Pena,WR,2026,250,Penn State,28.79046960395864,,79.73509933774834,,68.94822695035461,35.89282044465741,Poor,,,,629
Jaron Glover,WR,2026,250,Michigan State,28.79046960395864,,79.73509933774834,,68.94822695035461,35.89282044465741,Poor,,,,630
Justus Ross-Simmons,WR,2026,250,Syracuse,28.79046960395864,,79.73509933774834,,68.94822695035461,35.89282044465741,Poor,,,,631
Jayden Ballard,WR,2026,250,Wisconsin,28.79046960395864,,79.73509933774834,,68.94822695035461,35.89282044465741,Poor,,,,632
Christian Leary,WR,2026,250,Western Michigan,28.79046960395864,,79.73509933774834,,68.94822695035461,35.89282044465741,Poor,,,,633
Anthony Evans III,WR,2026,250,Mississippi State,28.79046960395864,,79.73509933774834,,68.94822695035461,35.89282044465741,Poor,,,,634
Tahj Washington,WR,2024,241,USC,30.444862386220947,20.0,75.0,5.13,46.3,35.693133028287804,Poor,0.0,0.0,0.0,635
Kentrel Bullock,RB,2026,250,South Alabama,28.79046960395864,,78.10526315789474,,66.49597701149425,35.607224329729036,Poor,,,,636
Max Bredeson,RB,2026,250,Michigan,28.79046960395864,,78.10526315789474,,66.49597701149425,35.607224329729036,Poor,,,,637
Chip Trayanum,RB,2026,250,Toledo,28.79046960395864,,78.10526315789474,,66.49597701149425,35.607224329729036,Poor,,,,638
Robert Henry Jr.,RB,2026,250,UTSA,28.79046960395864,,78.10526315789474,,66.49597701149425,35.607224329729036,Poor,,,,639
Roydell Williams,RB,2026,250,Florida State,28.79046960395864,,78.10526315789474,,66.49597701149425,35.607224329729036,Poor,,,,640
Alton McCaskill IV,RB,2026,250,Houston,28.79046960395864,,78.10526315789474,,66.49597701149425,35.607224329729036,Poor,,,,641
Logan Diggs,RB,2026,250,Ole Miss,28.79046960395864,,78.10526315789474,,66.49597701149425,35.607224329729036,Poor,,,,642
E.J. Smith,RB,2026,250,Texas A&M,28.79046960395864,,78.10526315789474,,66.49597701149425,35.607224329729036,Poor,,,,643
Jalen Berger,RB,2026,250,UCLA,28.79046960395864,,78.10526315789474,,66.49597701149425,35.607224329729036,Poor,,,,644
Dominic Richardson,RB,2026,250,Tulsa,28.79046960395864,,78.10526315789474,,66.49597701149425,35.607224329729036,Poor,,,,645
Cam Porter,RB,2026,250,Northwestern,28.79046960395864,,78.10526315789474,,66.49597701149425,35.607224329729036,Poor,,,,646
Barika Kpeenu,RB,2026,250,North Dakota State,28.79046960395864,,78.10526315789474,,66.49597701149425,35.607224329729036,Poor,,,,647
Rueben Owens,RB,2026,250,Texas A&M,28.79046960395864,,78.10526315789474,,66.49597701149425,35.607224329729036,Poor,,,,648
Kedrick Reescano,RB,2026,250,Arizona,28.79046960395864,,78.10526315789474,,66.49597701149425,35.607224329729036,Poor,,,,649
Djay Braswell,RB,2026,250,Georgia State,28.79046960395864,,78.10526315789474,,66.49597701149425,35.607224329729036,Poor,,,,650
Terion Stewart,RB,2026,250,Virginia Tech,28.79046960395864,,78.10526315789474,,66.49597701149425,35.607224329729036,Poor,,,,651
Jaylon Glover,RB,2026,250,UNLV,28.79046960395864,,78.10526315789474,,66.49597701149425,35.607224329729036,Poor,,,,652
Branson Robinson,RB,2026,250,Georgia State,28.79046960395864,,78.10526315789474,,66.49597701149425,35.607224329729036,Poor,,,,653
Savion Red,RB,2026,250,Nevada,28.79046960395864,,78.10526315789474,,66.49597701149425,35.607224329729036,Poor,,,,654
Andrew Paul,RB,2026,250,Jacksonville State,28.79046960395864,,78.10526315789474,,66.49597701149425,35.607224329729036,Poor,,,,655
Trevion Cooley,RB,2026,250,Georgia Tech,28.79046960395864,,78.10526315789474,,66.49597701149425,35.607224329729036,Poor,,,,656
Richard Reese,RB,2026,250,Stephen F. Austin,28.79046960395864,,78.10526315789474,,66.49597701149425,35.607224329729036,Poor,,,,657
Armoni Goodwin,RB,2026,250,UT Martin,28.79046960395864,,78.10526315789474,,66.49597701149425,35.607224329729036,Poor,,,,658
L.J. Johnson Jr.,RB,2026,250,Texas State,28.79046960395864,,78.10526315789474,,66.49597701149425,35.607224329729036,Poor,,,,659
Kadarius Calloway,RB,2026,250,New Mexico State,28.79046960395864,,78.10526315789474,,66.49597701149425,35.607224329729036,Poor,,,,660
Samuel Singleton Jr.,RB,2026,250,Kansas State,28.79046960395864,,78.10526315789474,,66.49597701149425,35.607224329729036,Poor,,,,661
Rahsul Faison,RB,2026,250,South Carolina,28.79046960395864,,78.10526315789474,,66.49597701149425,35.607224329729036,Poor,,,,662
Seth McGowan,RB,2026,250,Kentucky,28.79046960395864,,78.10526315789474,,66.49597701149425,35.607224329729036,Poor,,,,663
Byron Cardwell,RB,2026,250,San Diego State,28.79046960395864,,78.10526315789474,,66.49597701149425,35.607224329729036,Poor,,,,664
Derrick Davis Jr.,RB,2026,250,LSU,28.79046960395864,,78.10526315789474,,66.49597701149425,35.607224329729036,Poor,,,,665
Sedrick Alexander,RB,2026,250,Vanderbilt,28.79046960395864,,78.10526315789474,,66.49597701149425,35.607224329729036,Poor,,,,666
Kaelon Black,RB,2026,250,Indiana,28.79046960395864,,78.10526315789474,,66.49597701149425,35.607224329729036,Poor,,,,667
TreVonte Citizen,RB,2026,250,LSU,28.79046960395864,,78.10526315789474,,66.49597701149425,35.607224329729036,Poor,,,,668
Kaden Feagin,RB,2026,250,Illinois,28.79046960395864,,78.10526315789474,,66.49597701149425,35.607224329729036,Poor,,,,669
Demarcus Ayers,WR,2016,229,Houston,32.687727412828664,20.0,75.0,0.89,3.8999999999999986,35.47956830090437,Poor,0.0,0.0,0.0,670
Hykeem Williams,WR,2026,250,Colorado,28.79046960395864,20.0,75.0,,68.94822695035461,35.419310510882575,Poor,,,,671
Harrison Wallace III,WR,2026,250,Ole Miss,28.79046960395864,20.0,75.0,,68.94822695035461,35.419310510882575,Poor,,,,672
Zander Horvath,RB,2022,260,Purdue,26.978577810256013,,78.10526315789474,9.83,93.3,35.40731745450709,Poor,1.0941176470588236,0.0,0.0,673
Marcus Murphy,RB,2015,230,Missouri,32.499143045455526,,78.10526315789474,0.24,-2.6000000000000014,35.30479790442667,Poor,2.2705882352941176,0.0,0.0,674
Matthew Dayes,RB,2017,252,North Carolina St.,28.42591925759298,,78.10526315789474,,66.49597701149425,35.297356535318215,Poor,0.0,0.0,0.0,675
Le'Veon Moss,RB,2026,250,Texas A&M,28.79046960395864,20.0,75.0,,66.49597701149425,35.29669801393956,Poor,,,,676
Dean Connors,RB,2026,250,Houston,28.79046960395864,20.0,75.0,,66.49597701149425,35.29669801393956,Poor,,,,677
Desmond Reid,RB,2026,250,Pittsburgh,28.79046960395864,20.0,75.0,,66.49597701149425,35.29669801393956,Poor,,,,678
Kenny Hilliard,RB,2015,235,LSU,31.560854097950696,,78.10526315789474,0.91,4.100000000000001,34.84225229904756,Poor,0.0,0.0,0.0,679
Kylin Hill,RB,2021,256,Mississippi St.,27.70010003873648,,78.10526315789474,7.28,67.8,34.74561134871548,Poor,0.22941176470588234,0.0,0.0,680
Auden Tate,WR,2018,253,Florida St.,28.244056507249695,18.0,100.0,1.82,13.200000000000003,34.66744803116224,Poor,5.970588235294118,0.0,0.0,681
J'Mari Taylor,RB,2026,245,Virginia,29.706728556907052,21.0,60.0,,66.49597701149425,34.575518123945706,Poor,,,,682
Grant Dubose,WR,2023,256,Charlotte,27.70010003873648,20.0,75.0,,68.94822695035461,34.49249638044374,Poor,0.0,0.0,0.0,683
Brittain Brown,RB,2022,250,UCLA,28.79046960395864,,78.10526315789474,4.75,42.5,34.40742547915432,Poor,0.0,0.0,0.0,684
Malachi Dupre,WR,2017,247,LSU,29.339380105472458,21.0,60.0,7.2,67.0,34.28847308965159,Poor,0.0,0.0,0.0,685
John Ursua,WR,2019,236,Hawaii,31.374110141410995,22.0,45.0,6.44,59.400000000000006,34.137993620199346,Poor,0.12352941176470589,0.0,0.0,686
Colbie Young,WR,2026,250,Georgia,28.79046960395864,21.0,60.0,,68.94822695035461,33.919310510882575,Poor,,,,687
Kendrick Law,WR,2026,250,Kentucky,28.79046960395864,21.0,60.0,,68.94822695035461,33.919310510882575,Poor,,,,688
Kenny Lawler,WR,2016,243,California,30.075218322602993,20.0,75.0,2.09,15.899999999999999,33.858935574212545,Poor,0.0,0.0,0.0,689
Jamal Haynes,RB,2026,250,Georgia Tech,28.79046960395864,21.0,60.0,,66.49597701149425,33.79669801393956,Poor,,,,690
Austin Proehl,WR,2018,255,North Carolina,27.881148372763306,20.0,75.0,3.62,31.2,32.75897611684881,Poor,0.0,0.0,0.0,691
Jermar Jefferson,RB,2021,257,Oregon St.,27.519320249783064,,78.10526315789474,2.22,17.200000000000003,32.06194852810508,Poor,1.5117647058823531,0.0,0.0,692
Samori Toure,WR,2022,258,Nebraska,27.338807564968334,21.0,60.0,6.14,56.4,32.05798643022308,Poor,1.1294117647058823,0.0,0.0,693
Trey Quinn,WR,2018,256,SMU,27.70010003873648,22.0,45.0,7.01,65.1,31.300085032926006,Poor,3.0470588235294116,0.0,0.0,694
Dax Milne,WR,2021,258,BYU,27.338807564968334,21.0,60.0,4.56,40.599999999999994,31.267986430223086,Poor,0.9235294117647058,0.0,0.0,695
