player_name,position,college,draft_year,pick,round,slap_display_score,slap_model_score,dc_score,prospect_profile,dataset,enhanced_breakout,teammate_score,early_declare_score,breakout_age,peak_dominator,rush_yards,rec_yards,team_pass_att,nfl_hit24,nfl_hit12,nfl_first_3yr_ppg,nfl_career_ppg,nfl_best_ppr,nfl_best_ppg,nfl_seasons_10ppg_3yr
Amari Cooper,WR,Alabama,2015,4,1,97.9,92.69,98.6,83.3,backtest,99.9,0.0,100.0,19.0,47.2,23.0,,,1.0,1.0,14.51875,15.40625,246.5,,3.0
Kevin White,WR,West Virginia,2015,7,1,93.9,85.74,97.0,65.6,backtest,98.4,0.0,0.0,19.0,36.8,0.0,,,0.0,0.0,,,38.6,,
Nelson Agholor,WR,USC,2015,20,1,90.6,82.16,92.0,70.8,backtest,81.2,0.0,100.0,20.0,32.4,3.0,,,1.0,0.0,11.71875,11.71875,187.5,,1.0
DeVante Parker,WR,Louisville,2015,14,1,90.1,81.53,94.1,61.6,backtest,92.4,0.0,0.0,19.0,24.8,0.0,,,1.0,1.0,11.675,15.3875,246.2,,3.0
Breshad Perriman,WR,Central Florida,2015,26,1,88.7,80.68,87.8,72.2,backtest,83.3,0.0,100.0,20.0,36.6,0.0,,,0.0,0.0,6.74,9.864286,138.1,,0.0
Devin Smith,WR,Ohio St.,2015,37,2,85.7,78.6,83.3,75.6,backtest,93.4,80.0,0.0,19.0,26.8,3.0,,,0.0,0.0,,,26.5,,
Phillip Dorsett,WR,Miami (FL),2015,29,1,84.7,77.84,86.8,65.7,backtest,98.6,0.0,0.0,19.0,37.1,-6.0,,,0.0,0.0,6.586667,9.163636,100.8,,0.0
Devin Funchess,WR,Michigan,2015,41,2,83.3,76.68,81.1,72.6,backtest,84.0,0.0,100.0,20.0,37.9,-11.0,,,0.0,0.0,12.1875,12.1875,0.0,,1.0
Dorial Green-Beckham,WR,Oklahoma,2015,40,2,81.7,75.32,81.8,67.3,backtest,80.9,80.0,0.0,20.0,31.8,0.0,,,0.0,0.0,8.064286,8.064286,112.9,,0.0
Jaelen Strong,WR,Arizona St.,2015,70,3,75.4,69.39,69.4,70.4,backtest,80.5,0.0,100.0,20.0,31.1,0.0,,,0.0,0.0,4.81,4.81,48.1,,0.0
Tyler Lockett,WR,Kansas St.,2015,69,3,73.4,68.46,70.2,66.6,backtest,99.9,0.0,0.0,19.0,44.2,17.0,,,1.0,1.0,10.4625,16.5875,265.4,,1.0
Chris Conley,WR,Georgia,2015,76,3,70.3,66.01,67.5,63.2,backtest,94.8,0.0,0.0,19.0,29.6,0.0,,,0.0,0.0,6.0625,9.78125,156.5,,0.0
Ty Montgomery,WR,Stanford,2015,94,3,65.4,62.58,60.4,63.3,backtest,95.0,0.0,0.0,19.0,17.6,144.0,,,0.0,0.0,11.45,11.45,140.5,,2.0
Jamison Crowder,WR,Duke,2015,105,4,62.7,60.75,56.8,63.9,backtest,95.8,0.0,0.0,19.0,31.6,9.0,,,0.0,0.0,12.34375,14.335,197.7,,2.0
Sammie Coates,WR,Auburn,2015,87,3,61.9,60.65,62.9,52.5,backtest,78.8,0.0,0.0,20.0,27.5,0.0,,,0.0,0.0,7.081818,7.081818,77.9,,0.0
Justin Hardy,WR,East Carolina,2015,107,4,61.4,60.39,55.8,63.9,backtest,95.8,0.0,0.0,19.0,31.6,7.0,,,0.0,0.0,6.01,6.01,65.3,,0.0
Stefon Diggs,WR,Maryland,2015,146,5,54.9,56.46,43.5,72.3,backtest,83.5,0.0,100.0,20.0,27.0,28.0,,,1.0,1.0,14.869231,20.5375,328.6,,3.0
Rashad Greene,WR,Florida St.,2015,139,5,50.8,53.87,45.5,60.0,backtest,90.0,0.0,0.0,19.0,17.6,0.0,,,0.0,0.0,5.144444,5.144444,46.3,,0.0
JJ Nelson,WR,Ala-Birmingham,2015,159,5,48.1,52.18,40.1,64.7,backtest,97.1,0.0,0.0,19.0,24.2,45.0,,,0.0,0.0,9.935714,9.935714,139.1,,0.0
DeAndre Smelter,WR,Georgia Tech,2015,132,4,47.8,51.79,48.4,49.3,backtest,73.9,0.0,0.0,21.0,37.9,103.0,,,0.0,0.0,,,3.3,,
Tony Lippett,WR,Michigan St.,2015,156,5,46.8,51.08,41.5,59.5,backtest,89.3,0.0,0.0,20.0,38.6,51.0,,,0.0,0.0,,,0.0,,
Kenny Bell,WR,Nebraska,2015,162,5,46.5,50.99,38.9,62.3,backtest,93.4,0.0,0.0,19.0,26.8,0.0,,,0.0,0.0,,,0.0,,
Vince Mayle,WR,Washington St.,2015,123,4,45.7,50.78,51.6,41.0,backtest,61.5,0.0,0.0,21.0,22.9,0.0,,,0.0,0.0,,,6.2,,
Geremy Davis,WR,Connecticut,2015,186,6,40.8,48.76,29.0,66.6,backtest,99.9,0.0,0.0,19.0,32.1,203.0,,,0.0,0.0,,,6.8,,
Kaelin Clay,WR,Utah,2015,184,6,38.1,47.09,30.5,60.1,backtest,90.1,0.0,0.0,19.0,20.2,4.0,,,0.0,0.0,2.109091,2.109091,23.4,,0.0
Evan Spencer,WR,Ohio St.,2015,187,6,37.3,46.64,27.8,60.0,backtest,90.0,0.0,0.0,19.0,5.6,9.0,,,0.0,0.0,,,0.0,,
Keith Mumphery,WR,Michigan St.,2015,175,5,37.0,46.38,33.2,53.3,backtest,80.0,0.0,0.0,20.0,13.0,85.0,,,0.0,0.0,3.3625,3.3625,26.9,,0.0
Bud Sasser,WR,Missouri,2015,201,6,32.4,43.65,23.6,56.6,backtest,84.9,0.0,0.0,20.0,42.9,0.0,,,0.0,0.0,,,0.0,,
Da'Ron Brown,WR,Northern Illinois,2015,233,7,28.6,42.33,11.2,66.6,backtest,99.9,0.0,0.0,19.0,35.6,108.0,,,0.0,0.0,,,0.0,,
Neal Sterling,WR,Monmouth,2015,220,7,28.3,42.08,14.9,60.0,backtest,90.0,0.0,0.0,19.0,14.1,0.0,,,0.0,0.0,,,0.0,,
Darren Waller,WR,Georgia Tech,2015,204,6,28.1,42.04,22.0,52.6,backtest,78.9,0.0,0.0,20.0,27.8,0.0,,,0.0,0.0,3.8125,17.4125,0.0,,0.0
Mario Alford,WR,West Virginia,2015,238,7,24.8,40.96,8.9,64.2,backtest,96.3,0.0,0.0,19.0,32.6,14.0,,,0.0,0.0,,,2.5,,
Dezmin Lewis,WR,Central Arkansas,2015,234,7,21.3,40.22,10.7,60.0,backtest,90.0,0.0,0.0,19.0,16.4,0.0,,,0.0,0.0,,,0.0,,
J.J. Nelson,WR,Ala-Birmingham,2015,159,5,14.8,37.76,40.1,16.7,backtest,25.0,0.0,0.0,,,,,,,,,,,,
Andre Debose,WR,Florida,2015,221,7,5.9,31.29,14.4,24.5,backtest,36.7,0.0,0.0,,16.7,30.0,,,0.0,0.0,,,0.0,,
Tre McBride,WR,William & Mary,2015,245,7,1.5,26.63,5.3,19.5,backtest,29.2,0.0,0.0,,14.2,6.0,,,0.0,0.0,,,22.4,,
Corey Coleman,WR,Baylor,2016,15,1,91.1,82.65,93.7,66.6,backtest,74.9,0.0,100.0,21.0,40.8,111.0,,,0.0,0.0,9.33,9.33,93.3,,0.0
Laquon Treadwell,WR,Mississippi,2016,23,1,89.0,80.84,89.4,69.7,backtest,79.5,0.0,100.0,20.0,29.0,-5.0,,,0.0,0.0,4.746667,6.866667,82.4,,0.0
Tyler Boyd,WR,Pittsburgh,2016,55,2,80.3,73.82,76.0,74.3,backtest,86.5,0.0,100.0,20.0,33.0,349.0,,,1.0,0.0,15.792857,15.792857,222.9,,1.0
Will Fuller,WR,Notre Dame,2016,21,1,79.2,72.59,91.1,40.0,backtest,60.0,0.0,0.0,21.0,17.6,0.0,,,0.0,0.0,11.32,17.172727,188.9,,1.0
Josh Doctson,WR,TCU,2016,22,1,76.5,70.53,90.3,34.2,backtest,51.3,0.0,0.0,22.0,32.6,6.0,,,0.0,0.0,7.986667,7.986667,119.8,,0.0
Michael Thomas,WR,Ohio St.,2016,47,2,75.2,69.36,79.4,53.2,backtest,54.8,100.0,0.0,22.0,39.6,0.0,,,1.0,1.0,19.71875,23.4125,374.6,,3.0
Sterling Shepard,WR,Oklahoma,2016,40,2,74.4,69.19,81.8,46.8,backtest,50.3,80.0,0.0,22.0,30.5,5.0,,,0.0,0.0,13.136364,14.18,184.4,,3.0
Pharoh Cooper,WR,South Carolina,2016,117,4,65.2,62.48,52.6,76.6,backtest,89.9,0.0,100.0,20.0,43.1,111.0,,,0.0,0.0,2.825,5.045455,55.5,,0.0
Leonte Carroo,WR,Rutgers,2016,86,3,59.7,59.07,63.3,46.6,backtest,69.9,0.0,0.0,21.0,42.6,0.0,,,0.0,0.0,,,18.8,,
Braxton Miller,WR,Ohio St.,2016,85,3,53.2,55.28,63.7,33.3,backtest,50.0,0.0,0.0,22.0,14.8,260.0,,,0.0,0.0,4.13,4.13,41.3,,0.0
Demarcus Robinson,WR,Florida,2016,126,4,52.4,54.99,50.7,56.7,backtest,60.0,0.0,100.0,21.0,14.0,1.0,,,0.0,0.0,5.342857,10.925,123.5,,0.0
Ricardo Louis,WR,Auburn,2016,114,4,51.4,54.21,53.0,47.3,backtest,71.0,0.0,0.0,21.0,31.9,158.0,,,0.0,0.0,4.478571,4.478571,62.7,,0.0
Tajae Sharpe,WR,Massachusetts,2016,140,5,48.4,52.24,45.1,55.1,backtest,82.6,0.0,0.0,20.0,35.2,-3.0,,,0.0,0.0,6.58125,6.58125,105.3,,0.0
Chris Moore,WR,Cincinnati,2016,107,4,44.6,50.37,55.8,30.5,backtest,45.7,0.0,0.0,22.0,21.4,10.0,,,0.0,0.0,5.99,7.673333,115.1,,0.0
Rashard Higgins,WR,Colorado St.,2016,172,5,43.8,50.27,34.7,64.9,backtest,72.3,0.0,100.0,21.0,34.6,20.0,,,0.0,0.0,9.092308,10.075,120.9,,0.0
Malcolm Mitchell,WR,Georgia,2016,112,4,39.2,47.94,53.9,25.3,backtest,37.9,0.0,0.0,23.0,35.8,0.0,,,0.0,0.0,8.008333,8.008333,96.1,,0.0
Tyreek Hill,WR,West Alabama,2016,165,5,33.2,44.86,37.5,43.3,backtest,65.0,0.0,0.0,21.0,19.4,237.0,,,1.0,1.0,20.875,23.525,376.4,,3.0
Jordan Payton,WR,UCLA,2016,154,5,30.8,43.36,41.9,32.8,backtest,49.2,0.0,0.0,22.0,28.4,0.0,,,0.0,0.0,,,1.3,,
Demarcus Ayers,WR,Houston,2016,229,7,27.8,42.0,12.1,63.7,backtest,70.6,0.0,100.0,21.0,31.2,147.0,,,0.0,0.0,,,16.1,,
Trevor Davis,WR,California,2016,163,5,25.4,41.16,38.2,30.0,backtest,45.0,0.0,0.0,22.0,10.6,4.0,,,0.0,0.0,,,30.4,,
Kolby Listenbee,WR,TCU,2016,192,6,20.2,39.93,25.6,40.0,backtest,60.0,0.0,0.0,21.0,13.0,11.0,,,0.0,0.0,,,0.0,,
Jakeem Grant,WR,Texas Tech,2016,186,6,19.4,39.32,29.0,35.1,backtest,52.7,0.0,0.0,22.0,25.4,68.0,,,0.0,0.0,7.23,7.23,87.3,,0.0
Aaron Burbridge,WR,Michigan St.,2016,213,6,19.1,39.29,17.2,47.5,backtest,71.3,0.0,0.0,21.0,32.6,44.0,,,0.0,0.0,1.975,1.975,15.8,,0.0
Mike Thomas,WR,Southern Miss,2016,206,6,18.9,39.24,20.8,44.2,backtest,66.3,0.0,0.0,21.0,32.6,0.0,,,0.0,0.0,,3.03,30.3,,
Cody Core,WR,Mississippi,2016,199,6,18.1,38.95,24.3,40.0,backtest,60.0,0.0,0.0,21.0,13.1,1.0,,,0.0,0.0,3.7,3.7,37.0,,0.0
Kenny Lawler,WR,California,2016,243,7,16.7,38.59,6.1,58.4,backtest,62.7,0.0,100.0,21.0,25.3,5.0,,,0.0,0.0,,,0.0,,
Moritz Boehringer,WR,,2016,180,6,10.5,35.49,31.6,19.5,backtest,29.2,0.0,0.0,,14.2,0.0,,,0.0,0.0,,,0.0,,
Daniel Braverman,WR,Western Michigan,2016,230,7,8.6,33.73,11.6,36.6,backtest,54.9,0.0,0.0,22.0,39.9,13.0,,,0.0,0.0,,,0.0,,
Devin Fuller,WR,UCLA,2016,238,7,8.3,33.7,8.9,40.0,backtest,60.0,0.0,0.0,21.0,17.6,0.0,,,0.0,0.0,,,0.0,,
Devin Lucien,WR,Arizona St.,2016,225,7,7.5,33.13,13.6,32.4,backtest,48.6,0.0,0.0,22.0,27.1,0.0,,,0.0,0.0,,,0.0,,
Charone Peake,WR,Clemson,2016,241,7,4.5,30.31,7.1,30.0,backtest,45.0,0.0,0.0,22.0,15.3,0.0,,,0.0,0.0,3.418182,3.418182,37.6,,0.0
John Ross,WR,Washington,2017,9,1,94.9,87.52,95.9,74.7,backtest,87.0,0.0,100.0,20.0,34.0,102.0,,,0.0,0.0,11.875,11.875,95.0,,1.0
Corey Davis,WR,Western Michigan,2017,5,1,89.8,81.1,98.1,46.6,backtest,69.9,0.0,0.0,21.0,50.0,0.0,,,0.0,0.0,11.475,13.671429,191.4,,1.0
Curtis Samuel,WR,Ohio St.,2017,40,2,87.6,80.04,81.8,83.0,backtest,84.5,60.0,100.0,20.0,29.0,771.0,,,1.0,0.0,11.566667,14.14,212.1,,2.0
Mike Williams,WR,Clemson,2017,7,1,86.3,78.65,97.0,41.9,backtest,47.9,60.0,0.0,22.0,25.8,0.0,,,1.0,0.0,11.2625,15.4125,246.6,,2.0
JuJu Smith-Schuster,WR,USC,2017,62,2,81.1,74.76,72.3,82.6,backtest,98.9,0.0,100.0,19.0,27.9,27.0,,,1.0,1.0,18.55625,18.55625,296.9,,2.0
Zay Jones,WR,East Carolina,2017,37,2,77.1,70.62,83.3,49.0,backtest,73.5,0.0,0.0,21.0,37.0,24.0,,,0.0,0.0,10.325,12.38125,198.1,,1.0
Carlos Henderson,WR,Louisiana Tech,2017,82,3,73.8,68.58,64.8,75.7,backtest,88.6,0.0,100.0,20.0,37.2,133.0,,,0.0,0.0,,,0.0,,
Chris Godwin,WR,Penn St.,2017,84,3,71.1,66.72,64.2,70.8,backtest,81.2,0.0,100.0,20.0,32.4,13.0,,,1.0,1.0,19.721429,19.721429,276.1,,2.0
Taywan Taylor,WR,Western Kentucky,2017,72,3,65.7,62.72,68.7,49.5,backtest,74.3,0.0,0.0,21.0,38.6,36.0,,,0.0,0.0,6.738462,6.738462,87.6,,0.0
ArDarius Stewart,WR,Alabama,2017,79,3,61.1,60.36,66.5,46.4,backtest,54.5,60.0,0.0,22.0,29.1,68.0,,,0.0,0.0,1.877778,1.877778,16.900000000000002,,0.0
Josh Malone,WR,Tennessee,2017,128,4,60.3,59.19,50.0,71.8,backtest,82.7,0.0,100.0,20.0,35.3,0.0,,,0.0,0.0,2.055556,2.055556,18.5,,0.0
Cooper Kupp,WR,Eastern Washington,2017,69,3,56.8,57.46,70.2,29.9,backtest,44.9,0.0,0.0,23.0,40.4,29.0,,,1.0,1.0,16.90625,25.852941,439.5,,3.0
Chad Williams,WR,Grambling St.,2017,98,3,55.4,56.56,59.7,45.7,backtest,68.6,0.0,0.0,21.0,37.1,0.0,,,0.0,0.0,4.1,4.1,41.0,,0.0
Kenny Golladay,WR,Northern Illinois,2017,96,3,52.7,55.19,60.0,39.9,backtest,59.9,0.0,0.0,22.0,41.6,192.0,,,1.0,1.0,15.5,15.5,248.0,,2.0
Josh Reynolds,WR,Texas A&M,2017,117,4,50.5,53.47,52.6,46.6,backtest,69.8,0.0,0.0,21.0,39.7,0.0,,,0.0,0.0,9.090909,9.090909,128.8,,0.0
Dede Westbrook,WR,Oklahoma,2017,110,4,49.5,52.52,54.6,39.4,backtest,59.1,0.0,0.0,22.0,38.2,101.0,,,0.0,0.0,11.34375,11.34375,181.5,,2.0
Amara Darboh,WR,Michigan,2017,106,3,47.6,51.72,56.2,34.4,backtest,51.6,0.0,0.0,22.0,33.1,0.0,,,0.0,0.0,1.8875,1.8875,15.1,,0.0
Ryan Switzer,WR,North Carolina,2017,133,4,42.1,49.3,47.4,41.5,backtest,62.3,0.0,0.0,21.0,24.6,14.0,,,0.0,0.0,4.3375,4.3375,69.4,,0.0
Chad Hansen,WR,California,2017,141,4,40.5,48.76,44.7,44.0,backtest,66.1,0.0,0.0,21.0,32.1,0.0,,,0.0,0.0,,,46.6,,
Brendan Langley,WR,Lamar,2017,101,3,38.6,47.3,58.7,16.7,backtest,25.0,0.0,0.0,,,,,,,,,,,,
Jehu Chesson,WR,Michigan,2017,139,4,35.7,45.87,45.5,33.3,backtest,50.0,0.0,0.0,22.0,14.1,63.0,,,0.0,0.0,,,3.8,,
Shelton Gibson,WR,West Virginia,2017,166,5,35.4,45.67,36.7,46.5,backtest,69.8,0.0,0.0,21.0,29.6,29.0,,,0.0,0.0,,,5.800000000000001,,
Mack Hollins,WR,North Carolina,2017,118,4,34.6,45.33,52.2,20.0,backtest,30.0,0.0,0.0,23.0,10.7,0.0,,,0.0,0.0,4.054545,9.068235,154.2,,0.0
Isaiah McKenzie,WR,Georgia,2017,172,5,34.3,45.26,34.7,48.2,backtest,72.2,0.0,0.0,21.0,34.5,134.0,,,0.0,0.0,5.275,7.986667,119.8,,0.0
DeAngelo Yancey,WR,Purdue,2017,175,5,32.7,44.72,33.2,47.8,backtest,71.7,0.0,0.0,21.0,33.4,26.0,,,0.0,0.0,,,0.0,,
Noah Brown,WR,Ohio St.,2017,239,7,32.1,43.64,8.2,73.6,backtest,75.3,40.0,100.0,20.0,20.7,0.0,,,0.0,0.0,,10.16,114.5,,
Isaiah Ford,WR,Virginia Tech,2017,237,7,31.6,43.45,9.5,72.1,backtest,83.1,0.0,100.0,20.0,26.2,33.0,,,0.0,0.0,6.0625,6.177778,55.6,,0.0
Rodney Adams,WR,South Florida,2017,170,5,26.2,41.4,35.8,34.3,backtest,51.4,0.0,0.0,22.0,22.9,231.0,,,0.0,0.0,,,0.0,,
Trent Taylor,WR,Louisiana Tech,2017,177,5,21.8,40.25,32.3,33.9,backtest,50.8,0.0,0.0,22.0,31.7,0.0,,,0.0,0.0,6.533333,6.533333,98.0,,0.0
Robert Davis,WR,Georgia St.,2017,209,6,17.0,38.68,18.7,43.7,backtest,65.5,0.0,0.0,21.0,31.1,0.0,,,0.0,0.0,,,3.7,,
Malachi Dupre,WR,LSU,2017,247,7,15.3,38.09,4.8,58.5,backtest,62.7,0.0,100.0,21.0,25.5,0.0,,,0.0,0.0,,,0.0,,
Stacy Coley,WR,Miami (FL),2017,219,7,13.2,36.94,15.6,42.4,backtest,48.6,60.0,0.0,22.0,27.2,0.0,,,0.0,0.0,,,0.0,,
Jamal Agnew,WR,San Diego,2017,165,5,12.9,36.86,37.5,16.7,backtest,25.0,0.0,0.0,,,,,,,,,,,,
David Moore,WR,East Central (OK),2017,226,7,12.6,36.85,13.2,45.2,backtest,67.9,0.0,0.0,21.0,25.7,74.0,,,0.0,0.0,7.214286,7.425,118.8,,0.0
D.J. Moore,WR,Maryland,2018,24,1,90.9,82.61,88.7,76.6,backtest,89.9,0.0,100.0,20.0,53.3,61.0,,,1.0,1.0,15.366667,16.852941,286.5,,2.0
Christian Kirk,WR,Texas A&M,2018,47,2,89.5,81.08,79.4,92.3,backtest,88.4,100.0,100.0,20.0,36.8,31.0,,,1.0,1.0,12.853846,14.347059,243.9,,3.0
Dante Pettis,WR,Washington,2018,44,2,78.4,72.29,80.2,60.5,backtest,70.8,80.0,0.0,21.0,31.6,50.0,,,0.0,0.0,11.5,11.5,103.5,,1.0
Calvin Ridley,WR,Alabama,2018,26,1,78.2,71.69,87.8,42.3,backtest,48.4,60.0,0.0,22.0,26.8,17.0,,,1.0,1.0,18.766667,18.766667,281.5,,3.0
Courtland Sutton,WR,SMU,2018,40,2,69.5,65.27,81.8,33.8,backtest,50.7,0.0,0.0,22.0,31.3,2.0,,,1.0,0.0,13.90125,15.01875,240.3,,1.0
DJ Chark,WR,LSU,2018,61,2,67.6,63.73,72.7,45.1,backtest,67.7,0.0,0.0,21.0,25.3,63.0,,,1.0,0.0,15.053333,15.053333,225.8,,2.0
James Washington,WR,Oklahoma St.,2018,60,2,67.3,63.7,73.0,44.3,backtest,66.4,0.0,0.0,21.0,32.9,12.0,,,0.0,0.0,8.9,8.9,133.5,,0.0
Keke Coutee,WR,Texas Tech,2018,103,4,66.0,63.02,57.6,70.3,backtest,80.4,0.0,100.0,20.0,30.8,15.0,,,0.0,0.0,11.125,11.125,89.0,,1.0
Antonio Callaway,WR,Florida,2018,105,4,64.3,61.71,56.8,67.1,backtest,75.6,0.0,100.0,20.0,21.2,0.0,,,0.0,0.0,8.26875,8.26875,132.3,,0.0
Anthony Miller,WR,Memphis,2018,51,2,63.8,61.43,77.7,29.9,backtest,44.9,0.0,0.0,23.0,39.9,25.0,,,0.0,0.0,8.587143,8.587143,127.5,,0.0
Michael Gallup,WR,Colorado St.,2018,81,3,60.0,59.13,65.3,43.6,backtest,65.3,0.0,0.0,21.0,30.7,0.0,,,1.0,0.0,15.192857,15.192857,212.7,,2.0
Tre'Quan Smith,WR,Central Florida,2018,91,3,58.9,58.21,61.8,46.9,backtest,70.3,0.0,0.0,21.0,30.7,23.0,,,0.0,0.0,7.930769,8.77,103.1,,0.0
Jordan Lasley,WR,UCLA,2018,162,5,50.0,53.18,38.9,69.6,backtest,79.4,0.0,100.0,20.0,28.8,-6.0,,,0.0,0.0,,,0.0,,
Deon Cain,WR,Clemson,2018,185,6,43.0,49.81,29.7,69.6,backtest,64.4,60.0,100.0,21.0,28.8,0.0,,,0.0,0.0,1.945455,1.945455,21.4,,0.0
DaeSean Hamilton,WR,Penn St.,2018,113,4,42.7,49.73,53.4,31.8,backtest,47.7,0.0,0.0,22.0,25.4,2.0,,,0.0,0.0,8.2875,8.2875,66.3,,0.0
Ray-Ray McCloud,WR,Clemson,2018,187,6,42.4,49.64,27.8,70.0,backtest,80.0,0.0,100.0,20.0,10.6,30.0,,,0.0,0.0,3.109091,8.382353,142.5,,0.0
Justin Watson,WR,Pennsylvania,2018,144,5,39.4,48.08,43.8,43.3,backtest,65.0,0.0,0.0,21.0,11.7,52.0,,,0.0,0.0,,5.933333,89.0,,
Jaleel Scott,WR,New Mexico St.,2018,132,4,37.5,46.76,48.4,32.5,backtest,48.8,0.0,0.0,22.0,27.6,0.0,,,0.0,0.0,,,2.6,,
Tremon Smith,WR,Central Arkansas,2018,196,6,36.7,46.37,24.8,63.3,backtest,95.0,0.0,0.0,19.0,30.0,0.0,,,0.0,0.0,,,0.0,,
J'Mon Moore,WR,Missouri,2018,133,4,36.5,46.32,47.4,31.6,backtest,47.4,0.0,0.0,22.0,24.8,0.0,,,0.0,0.0,,,3.5,,
Daurice Fountain,WR,Northern Iowa,2018,159,5,32.9,44.76,40.1,40.0,backtest,60.0,0.0,0.0,21.0,20.0,0.0,,,0.0,0.0,,,4.3,,
Equanimeous St. Brown,WR,Notre Dame,2018,207,6,29.4,42.95,20.1,57.0,backtest,60.5,0.0,100.0,21.0,21.1,0.0,,,0.0,0.0,4.936364,4.936364,62.7,,0.0
Damion Ratley,WR,Texas A&M,2018,175,6,27.3,41.8,33.2,38.1,backtest,47.1,40.0,0.0,22.0,24.3,0.0,,,0.0,0.0,4.222222,4.222222,38.0,,0.0
Auden Tate,WR,Florida St.,2018,253,7,25.6,41.23,3.2,71.5,backtest,82.3,0.0,100.0,20.0,34.6,0.0,,,0.0,0.0,8.458333,8.458333,101.5,,0.0
Russell Gage,WR,LSU,2018,194,6,23.5,40.65,25.4,43.3,backtest,65.0,0.0,0.0,21.0,14.2,232.0,,,0.0,0.0,11.31625,12.538462,181.1,,1.0
Cedrick Wilson Jr.,WR,Boise St.,2018,208,6,18.6,39.11,19.4,44.7,backtest,67.0,0.0,0.0,21.0,34.0,13.0,,,0.0,0.0,5.162,10.558571,147.8,,0.0
Braxton Berrios,WR,Miami (FL),2018,210,6,15.9,38.23,18.2,42.7,backtest,49.0,60.0,0.0,22.0,28.0,9.0,,,0.0,0.0,7.484615,8.073333,121.1,,0.0
Marquez Valdes-Scantling,WR,South Florida,2018,174,5,15.6,38.19,33.9,25.6,backtest,38.4,0.0,0.0,23.0,26.7,108.0,,,0.0,0.0,9.807143,9.807143,137.3,,0.0
Dylan Cantrell,WR,Texas Tech,2018,191,6,8.9,34.07,26.3,20.0,backtest,30.0,0.0,0.0,23.0,19.4,3.0,,,0.0,0.0,,,0.0,,
Javon Wims,WR,Georgia,2018,224,7,7.8,33.37,14.0,32.7,backtest,34.1,60.0,0.0,23.0,28.2,0.0,,,0.0,0.0,3.872727,3.872727,42.6,,0.0
Trey Quinn,WR,SMU,2018,256,7,7.2,32.86,1.9,44.9,backtest,67.4,0.0,0.0,21.0,34.7,0.0,,,0.0,0.0,4.316667,4.316667,51.8,,0.0
Richie James,WR,Middle Tenn. St.,2018,240,7,6.1,31.44,7.6,33.3,backtest,50.0,0.0,0.0,22.0,11.0,57.0,,,0.0,0.0,,9.892857,138.5,,
Marcell Ateman,WR,Oklahoma St.,2018,228,7,3.7,29.24,12.8,20.7,backtest,31.1,0.0,0.0,23.0,22.2,0.0,,,0.0,0.0,,,36.4,,
Austin Proehl,WR,North Carolina,2018,255,7,3.2,28.52,2.5,30.0,backtest,45.0,0.0,0.0,22.0,8.7,0.0,,,0.0,0.0,,,0.0,,
Marquise Brown,WR,Oklahoma,2019,25,1,94.1,85.94,88.3,88.7,backtest,93.1,60.0,100.0,19.0,26.2,0.0,,,1.0,0.0,14.14375,14.14375,226.3,,3.0
Deebo Samuel,WR,South Carolina,2019,36,2,86.8,79.14,83.8,76.5,backtest,99.8,60.0,0.0,19.0,29.6,26.0,,,1.0,1.0,21.185,21.185,339.0,,2.0
A.J. Brown,WR,Mississippi,2019,51,2,82.8,76.43,77.7,79.9,backtest,94.9,0.0,100.0,19.0,29.8,0.0,,,1.0,1.0,17.678571,17.678571,299.6,,3.0
N'Keal Harry,WR,Arizona St.,2019,32,1,82.2,76.26,86.1,63.3,backtest,69.9,0.0,100.0,21.0,40.5,10.0,,,0.0,0.0,5.838462,5.838462,30.4,,0.0
Parris Campbell,WR,Ohio St.,2019,59,2,76.0,69.71,73.6,63.6,backtest,95.4,0.0,0.0,19.0,20.8,102.0,,,0.0,0.0,,8.770588,149.1,,
Jalen Hurd,WR,Baylor,2019,67,3,73.0,68.06,70.8,63.9,backtest,95.8,0.0,0.0,19.0,21.6,209.0,,,0.0,0.0,,,0.0,,
Diontae Johnson,WR,Toledo,2019,66,3,71.4,67.64,71.1,61.8,backtest,92.6,0.0,0.0,19.0,25.3,17.0,,,1.0,1.0,17.15,17.15,274.4,,3.0
Mecole Hardman,WR,Georgia,2019,56,2,70.8,66.3,75.3,50.0,backtest,50.0,0.0,100.0,22.0,18.7,36.0,,,0.0,0.0,8.288235,11.725,140.9,,0.0
JJ Arcega-Whiteside,WR,Stanford,2019,57,2,69.0,64.95,74.6,46.3,backtest,69.4,0.0,0.0,21.0,38.8,0.0,,,0.0,0.0,4.1125,4.1125,32.9,,0.0
Andy Isabella,WR,Massachusetts,2019,62,2,68.7,64.95,72.3,49.9,backtest,74.9,0.0,0.0,21.0,47.8,79.0,,,0.0,0.0,4.981818,4.981818,54.8,,0.0
D.K. Metcalf,WR,Mississippi,2019,64,2,66.8,63.54,71.7,46.7,backtest,45.0,0.0,100.0,22.0,18.1,0.0,,,1.0,1.0,17.08125,17.08125,273.3,,3.0
Riley Ridley,WR,Georgia,2019,126,4,58.7,58.21,50.7,67.4,backtest,91.1,40.0,0.0,19.0,22.2,0.0,,,0.0,0.0,,,12.9,,
Miles Boykin,WR,Notre Dame,2019,93,3,57.3,57.81,60.8,46.8,backtest,50.2,80.0,0.0,22.0,30.5,0.0,,,0.0,0.0,5.353846,5.353846,69.6,,0.0
Gary Jennings Jr,WR,West Virginia,2019,120,4,57.0,57.78,51.9,62.6,backtest,93.9,0.0,0.0,19.0,27.9,0.0,,,0.0,0.0,,,0.0,,
Terry McLaurin,WR,Ohio St.,2019,76,3,54.1,56.05,67.5,30.0,backtest,45.0,0.0,0.0,22.0,18.0,0.0,,,1.0,1.0,14.92,15.752941,267.8,,3.0
Hakeem Butler,WR,Iowa St.,2019,103,4,49.7,52.92,57.6,36.6,backtest,54.9,0.0,0.0,22.0,43.6,0.0,,,0.0,0.0,,,0.0,,
Hunter Renfrow,WR,Clemson,2019,149,5,48.6,52.3,43.0,60.0,backtest,90.0,0.0,0.0,19.0,7.9,0.0,,,1.0,1.0,15.241176,15.241176,259.1,,2.0
KeeSean Johnson,WR,Fresno St.,2019,174,6,43.2,49.83,33.9,64.4,backtest,96.6,0.0,0.0,19.0,33.1,14.0,,,0.0,0.0,4.6,4.6,46.0,,0.0
Travis Fulgham,WR,Old Dominion,2019,184,6,40.0,48.73,30.5,65.5,backtest,98.3,0.0,0.0,19.0,36.6,0.0,,,0.0,0.0,9.658333,9.658333,115.9,,0.0
Dillon Mitchell,WR,Oregon,2019,239,7,35.9,46.12,8.2,81.8,backtest,97.7,0.0,100.0,19.0,35.5,5.0,,,0.0,0.0,,,0.0,,
Marcus Green,WR,La-Monroe,2019,203,6,35.1,45.6,22.7,64.0,backtest,96.0,0.0,0.0,19.0,22.1,189.0,,,0.0,0.0,,,0.0,,
Scott Miller,WR,Bowling Green,2019,208,6,34.0,45.22,19.4,65.1,backtest,97.6,0.0,0.0,19.0,35.2,16.0,,,0.0,0.0,7.321429,7.321429,102.5,,0.0
Darius Slayton,WR,Auburn,2019,171,5,22.4,40.3,35.2,31.1,backtest,46.7,0.0,0.0,22.0,23.3,0.0,,,0.0,0.0,12.142857,12.142857,170.0,,1.0
Terry Godwin,WR,Georgia,2019,237,7,19.7,39.83,9.5,60.0,backtest,90.0,0.0,0.0,19.0,10.3,0.0,,,0.0,0.0,,,6.5,,
Kelvin Harmon,WR,North Carolina St.,2019,206,6,17.8,38.87,20.8,43.0,backtest,64.4,0.0,0.0,21.0,28.9,0.0,,,0.0,0.0,5.149231,5.149231,66.9,,0.0
Olabisi Johnson,WR,Colorado St.,2019,247,7,16.4,38.54,4.8,60.0,backtest,90.0,0.0,0.0,19.0,18.5,0.0,,,0.0,0.0,6.076923,6.076923,79.0,,0.0
Juwann Winfree,WR,Colorado,2019,187,6,14.5,37.64,27.8,30.0,backtest,45.0,0.0,0.0,22.0,10.7,0.0,,,0.0,0.0,,,11.8,,
John Ursua,WR,Hawaii,2019,236,7,7.0,32.37,9.9,34.7,backtest,52.0,0.0,0.0,22.0,34.1,4.0,,,0.0,0.0,,,2.1,,
Bisi Johnson,WR,Colorado State,2019,247,7,1.3,25.54,4.8,16.7,backtest,25.0,0.0,0.0,,,,,,,,,,,,
Jerry Jeudy,WR,Alabama,2020,15,1,96.6,90.37,93.7,92.3,backtest,93.5,80.0,100.0,19.0,27.0,1.0,,,1.0,1.0,13.613333,14.170588,240.9,,1.0
Justin Jefferson,WR,LSU,2020,22,1,95.8,88.5,90.3,94.1,backtest,96.2,80.0,100.0,19.0,32.4,0.0,,,1.0,1.0,21.685882,21.685882,368.7,,3.0
CeeDee Lamb,WR,Oklahoma,2020,17,1,94.7,86.93,93.0,83.3,backtest,99.9,0.0,100.0,19.0,38.1,20.0,,,1.0,1.0,17.741176,23.835294,405.2,,3.0
Jalen Reagor,WR,TCU,2020,21,1,93.5,85.57,91.1,83.3,backtest,99.9,0.0,100.0,18.0,44.2,89.0,,,0.0,0.0,7.927273,7.927273,87.2,,0.0
Tee Higgins,WR,Clemson,2020,33,2,92.8,84.97,85.6,93.2,backtest,99.9,60.0,100.0,19.0,29.7,36.0,,,1.0,0.0,15.778571,18.508333,222.1,,3.0
Laviska Shenault Jr.,WR,Colorado,2020,42,2,87.4,79.61,80.9,83.3,backtest,99.9,0.0,100.0,19.0,32.7,161.0,,,0.0,0.0,11.221429,11.221429,157.1,,1.0
KJ Hamler,WR,Penn St.,2020,46,2,86.0,78.62,79.8,83.3,backtest,99.9,0.0,100.0,19.0,31.7,43.0,,,0.0,0.0,7.508333,7.508333,90.1,,0.0
Henry Ruggs III,WR,Alabama,2020,12,1,83.0,76.48,94.5,42.1,backtest,38.2,0.0,100.0,,18.2,75.0,,,0.0,0.0,6.469231,6.469231,84.5,,0.0
Chase Claypool,WR,Notre Dame,2020,49,2,81.4,75.26,78.8,74.5,backtest,66.7,80.0,100.0,21.0,33.4,0.0,,,1.0,0.0,13.43125,13.43125,214.9,,2.0
Brandon Aiyuk,WR,Arizona St.,2020,25,1,80.0,73.3,88.3,46.6,backtest,69.9,0.0,0.0,21.0,40.6,6.0,,,1.0,0.0,15.375,15.575,249.2,,3.0
Michael Pittman Jr.,WR,USC,2020,34,2,79.8,72.76,84.7,53.4,backtest,80.2,0.0,0.0,20.0,30.3,0.0,,,1.0,0.0,14.035294,15.7625,252.2,,2.0
Bryan Edwards,WR,South Carolina,2020,81,3,77.3,71.04,65.3,83.3,backtest,99.9,0.0,100.0,18.0,48.4,22.0,,,0.0,0.0,6.81875,6.81875,109.1,,0.0
Denzel Mims,WR,Baylor,2020,59,2,76.8,70.56,73.6,66.4,backtest,99.6,0.0,0.0,19.0,39.3,0.0,,,0.0,0.0,6.744444,6.744444,60.7,,0.0
Lynn Bowden Jr.,WR,Kentucky,2020,80,3,68.1,63.96,65.8,59.0,backtest,88.5,0.0,0.0,20.0,37.0,1468.0,,,0.0,0.0,5.953333,5.953333,53.6,,0.0
Gabriel Davis,WR,Central Florida,2020,128,4,64.6,62.09,50.0,81.4,backtest,97.2,0.0,100.0,19.0,34.3,0.0,,,0.0,0.0,11.44,11.44,171.6,,1.0
Devin Duvernay,WR,Texas,2020,92,3,58.4,58.2,61.2,47.5,backtest,71.2,0.0,0.0,21.0,32.5,24.0,,,0.0,0.0,8.292857,8.292857,116.1,,0.0
Van Jefferson,WR,Florida,2020,57,2,58.1,58.04,74.6,23.2,backtest,34.8,0.0,0.0,,19.8,7.0,,,0.0,0.0,9.894118,9.894118,168.2,,0.0
Tyler Johnson,WR,Minnesota,2020,161,5,56.5,57.44,39.4,83.3,backtest,99.9,0.0,100.0,19.0,61.3,-1.0,,,0.0,0.0,4.8,5.554545,72.0,,0.0
Antonio Gandy-Golden,WR,Liberty,2020,142,4,49.2,52.37,44.2,56.6,backtest,84.9,0.0,0.0,20.0,40.3,0.0,,,0.0,0.0,,,3.5,,
Donovan Peoples-Jones,WR,Michigan,2020,187,6,48.9,52.36,27.8,79.1,backtest,93.6,0.0,100.0,19.0,27.2,-7.0,,,0.0,0.0,9.829412,9.829412,167.1,,0.0
Quintez Cephus,WR,Wisconsin,2020,166,5,47.0,51.26,36.7,65.2,backtest,97.8,0.0,0.0,19.0,35.5,0.0,,,0.0,0.0,6.081818,6.081818,66.9,,0.0
Isaiah Hodgins,WR,Oregon St.,2020,207,6,45.9,50.82,20.1,83.3,backtest,99.9,0.0,100.0,19.0,40.8,0.0,,,0.0,0.0,11.133333,11.133333,100.2,,1.0
Darnell Mooney,WR,Tulane,2020,173,5,45.4,50.65,34.3,66.6,backtest,99.9,0.0,0.0,19.0,47.5,0.0,,,1.0,0.0,12.923529,12.923529,219.7,,1.0
Joe Reed,WR,Virginia,2020,151,5,44.9,50.61,42.4,55.4,backtest,83.1,0.0,0.0,20.0,26.2,42.0,,,0.0,0.0,,,8.9,,
Quez Watkins,WR,Southern Miss,2020,200,6,41.1,48.78,24.0,73.2,backtest,84.8,0.0,100.0,20.0,39.7,0.0,,,0.0,0.0,6.823529,6.823529,116.0,,0.0
Collin Johnson,WR,Texas,2020,165,5,38.9,47.48,37.5,52.1,backtest,78.1,0.0,0.0,20.0,26.2,15.0,,,0.0,0.0,5.92,5.92,59.2,,0.0
Isaiah Coulter,WR,Rhode Island,2020,171,5,27.5,41.8,35.2,36.1,backtest,29.2,0.0,100.0,,14.2,0.0,,,0.0,0.0,,,0.0,,
James Proche,WR,SMU,2020,201,6,23.7,40.65,23.6,46.6,backtest,69.9,0.0,0.0,21.0,39.9,18.0,,,0.0,0.0,,,36.2,,
Tyrie Cleveland,WR,Florida,2020,252,7,20.5,39.94,3.8,66.8,backtest,90.2,40.0,0.0,19.0,20.4,0.0,,,0.0,0.0,,,12.3,,
John Hightower,WR,Boise St.,2020,168,5,18.3,38.99,36.2,25.3,backtest,37.9,0.0,0.0,23.0,25.8,139.0,,,0.0,0.0,2.88,2.88,28.8,,0.0
Freddie Swain,WR,Florida,2020,214,6,14.0,37.61,16.7,42.4,backtest,38.6,0.0,100.0,,18.6,27.0,,,0.0,0.0,5.40625,5.40625,86.5,,0.0
K.J. Osborn,WR,Miami (FL),2020,176,5,12.4,36.77,32.7,21.8,backtest,32.7,0.0,0.0,,17.7,15.0,,,0.0,0.0,9.323529,9.323529,158.5,,0.0
Jauan Jennings,WR,Tennessee,2020,217,7,11.6,36.27,16.2,39.3,backtest,58.9,0.0,0.0,22.0,37.9,51.0,,,1.0,0.0,6.323077,14.033333,210.5,,0.0
Dezmon Patmon,WR,Washington St.,2020,212,6,11.0,36.1,17.8,36.5,backtest,29.7,0.0,100.0,,14.7,0.0,,,0.0,0.0,,,10.1,,
K.J. Hill,WR,Ohio St.,2020,220,7,5.6,30.89,14.9,22.7,backtest,34.0,0.0,0.0,,19.0,1.0,,,0.0,0.0,,,14.3,,
Ja'Marr Chase,WR,LSU,2021,5,1,98.7,95.24,98.1,93.7,backtest,95.6,80.0,100.0,19.0,31.2,0.0,,,1.0,1.0,20.2,23.705882,403.0,,3.0
DeVonta Smith,WR,Alabama,2021,10,1,94.4,86.66,95.3,73.3,backtest,84.9,100.0,0.0,20.0,47.3,6.0,,,1.0,1.0,14.976471,15.338462,254.6,,3.0
Rashod Bateman,WR,Minnesota,2021,27,1,92.2,83.7,87.4,83.3,backtest,99.9,0.0,100.0,18.0,43.7,0.0,,,0.0,0.0,8.625,10.9125,174.6,,0.0
Jaylen Waddle,WR,Alabama,2021,6,1,92.0,83.47,97.5,56.3,backtest,64.4,80.0,0.0,21.0,28.9,12.0,,,1.0,1.0,15.4875,15.4875,259.2,,3.0
Elijah Moore,WR,Mississippi,2021,34,2,90.3,81.7,84.7,83.3,backtest,99.9,0.0,100.0,19.0,45.5,64.0,,,0.0,0.0,12.563636,12.563636,138.2,,1.0
Rondale Moore,WR,Purdue,2021,49,2,84.9,77.9,78.8,83.3,backtest,99.9,0.0,100.0,18.0,37.2,32.0,,,0.0,0.0,10.9875,10.9875,111.1,,1.0
Terrace Marshall Jr.,WR,LSU,2021,59,2,84.4,77.61,73.6,89.9,backtest,84.9,100.0,100.0,20.0,46.4,0.0,,,0.0,0.0,6.384615,6.384615,83.0,,0.0
Kadarius Toney,WR,Florida,2021,20,1,82.5,76.29,92.0,51.2,backtest,66.8,40.0,0.0,21.0,23.7,161.0,,,0.0,0.0,9.151111,9.151111,82.4,,0.0
Tutu Atwell,WR,Louisville,2021,57,2,81.9,76.05,74.6,83.2,backtest,99.8,0.0,100.0,19.0,39.7,-2.0,,,0.0,0.0,8.028571,8.028571,112.4,,0.0
Dyami Brown,WR,North Carolina,2021,82,3,76.3,69.9,64.8,80.1,backtest,95.2,0.0,100.0,19.0,30.4,0.0,,,0.0,0.0,3.122222,4.7,67.4,,0.0
Amon-Ra St. Brown,WR,USC,2021,112,4,74.9,69.34,53.9,96.6,backtest,99.9,80.0,100.0,18.0,33.1,0.0,,,1.0,1.0,20.68125,20.68125,330.9,,3.0
D'Wayne Eskridge,WR,Western Michigan,2021,56,2,74.6,69.28,75.3,59.9,backtest,89.9,0.0,0.0,20.0,44.8,43.0,,,0.0,0.0,3.5375,3.5375,28.3,,0.0
Anthony Schwartz,WR,Auburn,2021,91,3,72.5,68.0,61.8,79.5,backtest,94.3,0.0,100.0,19.0,28.6,-6.0,,,0.0,0.0,2.783333,2.783333,33.4,,0.0
Nico Collins,WR,Michigan,2021,89,3,66.2,63.04,62.2,61.7,backtest,92.6,0.0,0.0,19.0,25.2,0.0,,,1.0,1.0,17.36,17.55,260.4,,1.0
Josh Palmer,WR,Tennessee,2021,77,3,64.9,62.44,67.1,52.0,backtest,77.9,0.0,0.0,20.0,25.9,0.0,,,0.0,0.0,10.67,10.67,169.3,,2.0
Amari Rodgers,WR,Clemson,2021,85,3,61.6,60.63,63.7,51.2,backtest,76.7,0.0,0.0,20.0,23.5,0.0,,,0.0,0.0,4.788889,4.788889,43.1,,0.0
Dez Fitzpatrick,WR,Louisville,2021,109,4,60.6,59.33,55.1,61.5,backtest,92.2,0.0,0.0,19.0,24.5,0.0,,,0.0,0.0,,,15.9,,
Jaelon Darden,WR,North Texas,2021,129,4,52.2,54.47,49.5,56.6,backtest,84.9,0.0,0.0,20.0,61.1,-3.0,,,0.0,0.0,,,11.4,,
Tylan Wallace,WR,Oklahoma St.,2021,131,4,51.1,54.14,49.1,56.6,backtest,84.9,0.0,0.0,20.0,41.7,7.0,,,0.0,0.0,,4.5375,36.3,,
Ihmir Smith-Marsette,WR,Iowa,2021,157,5,46.2,50.84,41.1,59.3,backtest,88.9,0.0,0.0,20.0,37.8,54.0,,,0.0,0.0,,,32.5,,
Seth Williams,WR,Auburn,2021,219,6,41.6,49.19,15.6,83.3,backtest,99.9,0.0,100.0,18.0,35.5,199.0,,,0.0,0.0,,,4.4,,
Simi Fehoko,WR,Stanford,2021,179,5,31.9,43.63,31.9,46.1,backtest,69.2,0.0,0.0,21.0,38.3,-1.0,,,0.0,0.0,,,16.6,,
Marquez Stevenson,WR,Houston,2021,203,6,31.0,43.37,22.7,56.6,backtest,84.9,0.0,0.0,20.0,42.3,16.0,,,0.0,0.0,,,0.0,,
Jacob Harris,WR,Central Florida,2021,141,4,27.0,41.57,44.7,20.1,backtest,30.1,0.0,0.0,23.0,20.2,0.0,,,0.0,0.0,,,1.6,,
Frank Darby,WR,Arizona St.,2021,187,6,26.7,41.5,27.8,42.9,backtest,64.3,0.0,0.0,21.0,28.6,0.0,,,0.0,0.0,,,2.5,,
Dazz Newsome,WR,North Carolina,2021,221,6,23.2,40.6,14.4,55.5,backtest,83.2,0.0,0.0,20.0,26.5,21.0,,,0.0,0.0,,,4.3,,
Shi Smith,WR,South Carolina,2021,204,6,21.6,40.24,22.0,46.6,backtest,69.9,0.0,0.0,21.0,46.2,6.0,,,0.0,0.0,4.106667,4.106667,61.6,,0.0
Cornell Powell,WR,Clemson,2021,181,5,17.5,38.69,31.3,30.6,backtest,45.9,0.0,0.0,22.0,21.8,0.0,,,0.0,0.0,,,0.0,,
Dax Milne,WR,BYU,2021,258,7,15.1,38.09,1.4,63.2,backtest,69.8,0.0,100.0,21.0,29.5,67.0,,,0.0,0.0,1.711111,1.711111,15.7,,0.0
Kawaan Baker,WR,South Alabama,2021,255,7,13.5,37.29,2.5,59.2,backtest,88.8,0.0,0.0,20.0,37.7,42.0,,,0.0,0.0,,,0.0,,
Racey McMath,WR,LSU,2021,205,6,10.7,35.86,21.4,32.5,backtest,23.7,0.0,100.0,,8.7,0.0,,,0.0,0.0,,,6.4,,
Jalen Camp,WR,Georgia Tech,2021,209,6,9.7,34.98,18.7,31.4,backtest,47.0,0.0,0.0,22.0,24.1,0.0,,,0.0,0.0,,,1.7,,
Ben Skowronek,WR,Notre Dame,2021,249,7,4.2,30.21,4.2,33.1,backtest,34.6,60.0,0.0,23.0,29.3,17.0,,,0.0,0.0,6.021429,6.021429,84.3,,0.0
Mike Strachan,WR,Charleston (WV),2021,229,7,3.4,28.72,12.1,19.5,backtest,29.2,0.0,0.0,,14.2,0.0,,,0.0,0.0,,,8.9,,
Tre Nixon,WR,Central Florida,2021,242,7,2.6,28.14,6.5,23.2,backtest,34.8,0.0,0.0,,19.8,0.0,,,0.0,0.0,,,0.0,,
Jameson Williams,WR,Alabama,2022,12,1,97.6,90.95,94.5,90.4,backtest,85.6,100.0,100.0,20.0,31.1,23.0,,,1.0,1.0,14.146667,14.146667,219.1,,1.0
Garrett Wilson,WR,Ohio St.,2022,10,1,97.4,90.77,95.3,87.0,backtest,85.4,80.0,100.0,20.0,30.9,76.0,,,1.0,1.0,14.817647,14.817647,251.9,,3.0
Drake London,WR,USC,2022,8,1,97.0,90.56,96.4,83.3,backtest,99.9,0.0,100.0,19.0,47.7,2.0,,,1.0,1.0,16.517647,16.825,280.8,,3.0
Chris Olave,WR,Ohio St.,2022,11,1,95.2,87.58,94.9,77.8,backtest,96.6,80.0,0.0,19.0,33.3,0.0,,,1.0,1.0,14.45625,16.875,270.0,,2.0
Jahan Dotson,WR,Penn St.,2022,16,1,92.5,84.29,93.3,73.3,backtest,84.9,100.0,0.0,20.0,44.3,18.0,,,0.0,0.0,10.883333,10.883333,130.6,,1.0
George Pickens,WR,Georgia,2022,52,2,87.9,80.2,77.2,93.3,backtest,99.9,60.0,100.0,18.0,27.0,0.0,,,1.0,1.0,12.282353,17.052941,289.9,,2.0
Treylon Burks,WR,Arkansas,2022,18,1,87.1,79.58,92.8,59.9,backtest,89.9,0.0,0.0,20.0,48.5,112.0,,,0.0,0.0,8.009091,8.009091,88.1,,0.0
Wan'Dale Robinson,WR,Kentucky,2022,43,2,84.1,77.11,80.6,75.8,backtest,88.7,0.0,100.0,20.0,37.3,111.0,,,1.0,0.0,10.747059,13.61875,217.9,,1.0
Skyy Moore,WR,Western Michigan,2022,54,2,83.8,76.74,76.5,83.3,backtest,99.9,0.0,100.0,18.0,44.7,10.0,,,0.0,0.0,4.130769,4.130769,53.7,,0.0
Christian Watson,WR,North Dakota St.,2022,34,2,83.6,76.7,84.7,66.6,backtest,99.9,0.0,0.0,19.0,80.0,114.0,,,0.0,0.0,11.721429,13.24,164.1,,2.0
John Metchie,WR,Alabama,2022,44,2,80.6,74.39,80.2,67.5,backtest,61.3,60.0,100.0,21.0,22.6,8.0,,,0.0,0.0,5.54,5.991667,71.9,,0.0
David Bell,WR,Purdue,2022,99,3,79.5,72.65,59.5,99.9,backtest,99.9,100.0,100.0,18.0,43.5,39.0,,,0.0,0.0,5.411111,5.411111,48.7,,0.0
Alec Pierce,WR,Cincinnati,2022,53,2,79.0,72.51,76.8,68.4,backtest,62.6,60.0,100.0,21.0,25.2,0.0,,,0.0,0.0,10.0875,12.22,183.3,,1.0
Tyquan Thornton,WR,Baylor,2022,50,2,78.7,72.43,78.3,65.8,backtest,98.8,0.0,0.0,19.0,37.5,-11.0,,,0.0,0.0,5.525,7.345455,80.8,,0.0
Jalen Tolbert,WR,South Alabama,2022,88,3,64.1,61.69,62.5,56.6,backtest,84.9,0.0,0.0,20.0,42.2,0.0,,,0.0,0.0,8.941176,8.941176,152.0,,0.0
Velus Jones Jr.,WR,Tennessee,2022,71,3,54.6,56.34,69.0,27.6,backtest,31.3,40.0,0.0,23.0,22.7,15.0,,,0.0,0.0,4.222222,4.222222,38.0,,0.0
Romeo Doubs,WR,Nevada,2022,132,4,54.3,56.26,48.4,64.2,backtest,96.3,0.0,0.0,19.0,32.6,4.0,,,0.0,0.0,10.258824,10.258824,174.4,,2.0
Danny Gray,WR,SMU,2022,105,3,53.5,55.29,56.8,45.7,backtest,53.5,60.0,0.0,22.0,27.0,40.0,,,0.0,0.0,,,2.9,,
Erik Ezukanma,WR,Texas Tech,2022,125,4,53.0,55.21,51.2,56.9,backtest,85.3,0.0,0.0,20.0,30.6,138.0,,,0.0,0.0,,,2.2,,
Khalil Shakir,WR,Boise St.,2022,148,5,51.9,54.43,43.2,66.6,backtest,99.9,0.0,0.0,19.0,46.2,130.0,,,0.0,0.0,12.166667,12.166667,182.5,,1.0
Calvin Austin III,WR,Memphis,2022,138,4,44.0,50.36,46.1,47.8,backtest,71.6,0.0,0.0,21.0,33.3,69.0,,,0.0,0.0,7.105882,7.105882,120.8,,0.0
Kyle Philips,WR,UCLA,2022,163,5,41.3,49.02,38.2,56.2,backtest,84.3,0.0,0.0,20.0,38.6,0.0,,,0.0,0.0,4.1375,4.1375,33.1,,0.0
Bo Melton,WR,Rutgers,2022,229,7,29.2,42.86,12.1,66.6,backtest,99.9,0.0,0.0,19.0,39.3,51.0,,,0.0,0.0,2.045455,3.025,45.9,,0.0
Jalen Nailor,WR,Michigan St.,2022,191,6,26.4,41.43,26.3,44.5,backtest,66.8,0.0,0.0,21.0,33.6,-3.0,,,0.0,0.0,7.0,7.0,105.0,,0.0
Dareke Young,WR,Lenoir-Rhyne,2022,233,7,22.7,40.35,11.2,60.0,backtest,90.0,0.0,0.0,19.0,10.2,5.0,,,0.0,0.0,,,6.8,,
Montrell Washington,WR,Samford,2022,162,5,16.2,38.5,38.9,20.7,backtest,31.0,0.0,0.0,,16.0,19.0,,,0.0,0.0,0.8,0.8,7.2,,0.0
Michael Woods II,WR,Oklahoma,2022,202,6,6.4,31.65,23.2,17.1,backtest,25.6,0.0,0.0,,10.6,2.0,,,0.0,0.0,,,13.5,,
Samori Toure,WR,Nebraska,2022,258,7,2.4,27.33,1.4,27.3,backtest,41.0,0.0,0.0,23.0,31.9,63.0,,,0.0,0.0,2.225,2.225,19.2,,0.0
Jaxon Smith-Njigba,WR,Ohio St.,2023,20,1,96.0,88.52,92.0,92.0,backtest,93.0,80.0,100.0,19.0,26.0,0.0,,,1.0,1.0,21.288235,21.288235,361.9,,2.0
Quentin Johnston,WR,TCU,2023,21,1,93.5,85.57,91.1,83.3,backtest,99.9,0.0,100.0,18.0,26.6,-7.0,,,0.0,0.0,13.323077,13.323077,174.7,,2.0
Jordan Addison,WR,USC,2023,23,1,91.4,83.31,89.4,77.9,backtest,81.8,40.0,100.0,20.0,23.7,33.0,,,1.0,0.0,14.166667,14.166667,221.3,,2.0
Zay Flowers,WR,Boston Col.,2023,22,1,88.2,80.24,90.3,66.6,backtest,99.9,0.0,0.0,19.0,46.7,41.0,,,1.0,1.0,14.664706,14.664706,249.3,,3.0
Marvin Mims,WR,Oklahoma,2023,63,2,80.9,74.74,71.9,83.3,backtest,99.9,0.0,100.0,18.0,27.5,3.0,,,0.0,0.0,8.09375,8.09375,129.5,,0.0
Jalin Hyatt,WR,Tennessee,2023,73,3,75.7,69.42,68.4,72.5,backtest,83.8,0.0,100.0,20.0,37.6,0.0,,,0.0,0.0,4.638462,4.638462,60.3,,0.0
Jayden Reed,WR,Michigan St.,2023,50,2,74.1,69.09,78.3,54.7,backtest,82.0,0.0,0.0,20.0,34.1,11.0,,,0.0,0.0,13.575,13.575,217.2,,2.0
Josh Downs,WR,North Carolina,2023,79,3,72.7,68.0,66.5,71.8,backtest,82.8,0.0,100.0,20.0,35.5,0.0,,,0.0,0.0,13.014286,13.014286,182.2,,1.0
Jonathan Mingo,WR,Mississippi,2023,39,2,72.2,67.91,82.6,41.7,backtest,62.6,0.0,0.0,21.0,25.2,-7.0,,,0.0,0.0,5.653333,5.653333,84.8,,0.0
Rashee Rice,WR,SMU,2023,55,2,71.7,67.81,76.0,54.3,backtest,81.4,0.0,0.0,20.0,32.8,0.0,,,0.0,0.0,18.5125,18.5125,212.5,,2.0
Tank Dell,WR,Houston,2023,69,3,70.0,65.32,70.2,56.1,backtest,84.2,0.0,0.0,20.0,38.4,9.0,,,0.0,0.0,16.5,16.5,165.0,,2.0
Tyler Scott,WR,Cincinnati,2023,133,4,67.9,63.82,47.4,89.9,backtest,84.9,100.0,100.0,20.0,41.0,0.0,,,0.0,0.0,2.761538,2.761538,35.9,,0.0
Michael Wilson,WR,Stanford,2023,94,3,67.1,63.56,60.4,66.6,backtest,99.9,0.0,0.0,19.0,40.4,47.0,,,1.0,1.0,12.976471,12.976471,220.6,,1.0
Cedric Tillman,WR,Tennessee,2023,74,3,63.0,60.9,68.0,44.8,backtest,67.2,0.0,0.0,21.0,34.4,0.0,,,0.0,0.0,8.933333,8.933333,80.4,,0.0
Parker Washington,WR,Penn St.,2023,185,6,56.0,56.91,29.7,93.3,backtest,99.9,60.0,100.0,18.0,28.3,8.0,,,0.0,0.0,11.513333,11.513333,172.7,,1.0
Kayshon Boutte,WR,LSU,2023,187,6,53.8,55.62,27.8,89.9,backtest,99.9,40.0,100.0,18.0,21.8,41.0,,,0.0,0.0,8.864286,8.864286,124.1,,0.0
Tre Tucker,WR,Cincinnati,2023,100,3,41.9,49.28,59.1,22.7,backtest,34.0,0.0,0.0,,19.0,8.0,,,0.0,0.0,9.511765,9.511765,161.7,,0.0
Dontayvion Wicks,WR,Virginia,2023,159,5,40.3,48.76,40.1,53.3,backtest,80.0,0.0,0.0,20.0,30.0,0.0,,,0.0,0.0,7.984,7.984,119.8,,0.0
Puka Nacua,WR,BYU,2023,177,5,37.8,46.91,32.3,56.1,backtest,84.2,0.0,0.0,20.0,28.3,209.0,,,1.0,1.0,23.5625,23.5625,377.0,,3.0
Derius Davis,WR,TCU,2023,125,4,33.8,45.21,51.2,23.5,backtest,35.3,0.0,0.0,,15.3,30.0,,,0.0,0.0,3.645455,3.645455,40.1,,0.0
Charlie Jones,WR,Purdue,2023,131,4,33.5,45.14,49.1,26.6,backtest,39.9,0.0,0.0,23.0,43.6,3.0,,,0.0,0.0,,,20.7,,
Justin Shorter,WR,Florida,2023,150,5,31.3,43.38,42.7,30.8,backtest,46.2,0.0,0.0,22.0,22.4,0.0,,,0.0,0.0,,,0.0,,
Trey Palmer,WR,Nebraska,2023,191,6,30.0,43.05,26.3,49.9,backtest,74.9,0.0,0.0,21.0,46.1,75.0,,,0.0,0.0,5.629412,5.629412,95.7,,0.0
Xavier Hutchinson,WR,Iowa St.,2023,205,6,28.9,42.56,21.4,54.8,backtest,82.2,0.0,0.0,20.0,34.4,0.0,,,0.0,0.0,6.125,6.125,98.0,,0.0
A.T. Perry,WR,Wake Forest,2023,195,6,24.6,40.94,25.1,44.8,backtest,67.2,0.0,0.0,21.0,34.3,0.0,,,0.0,0.0,7.575,7.575,60.6,,0.0
Elijah Higgins,WR,Stanford,2023,197,6,22.9,40.45,24.6,44.1,backtest,66.1,0.0,0.0,21.0,22.2,48.0,,,0.0,0.0,4.033333,4.033333,0.0,,0.0
Grant Dubose,WR,Charlotte,2023,256,7,22.1,40.27,1.9,69.6,backtest,79.4,0.0,100.0,20.0,28.8,0.0,,,0.0,0.0,,,3.1,,
DeMario Douglas,WR,Liberty,2023,210,6,20.0,39.89,18.2,48.2,backtest,72.3,0.0,0.0,21.0,34.6,105.0,,,0.0,0.0,9.23125,9.23125,147.7,,0.0
Andrei Iosivas,WR,Princeton,2023,206,6,11.8,36.42,20.8,34.8,backtest,52.2,0.0,0.0,22.0,34.4,10.0,,,0.0,0.0,7.052941,7.052941,119.9,,0.0
Antoine Green,WR,North Carolina,2023,219,7,9.9,35.07,15.6,36.2,backtest,54.3,0.0,0.0,22.0,28.6,558.0,,,0.0,0.0,,,1.2,,
Colton Dowell,WR,UT Martin,2023,228,7,8.0,33.43,12.8,34.7,backtest,52.1,0.0,0.0,22.0,34.2,6.0,,,0.0,0.0,,,1.3,,
Ronnie Bell,WR,Michigan,2023,253,7,6.7,32.05,3.2,40.9,backtest,51.4,40.0,0.0,22.0,22.8,23.0,,,0.0,0.0,3.85,3.85,30.8,,0.0
Jalen Brooks,WR,South Carolina,2023,244,7,1.8,27.0,5.7,20.3,backtest,30.4,0.0,0.0,,10.4,51.0,,,0.0,0.0,2.975,2.975,35.7,,0.0
Marvin Harrison Jr.,WR,Ohio St.,2024,4,1,99.0,95.69,98.6,93.3,backtest,89.9,100.0,100.0,20.0,47.9,26.0,,,0.0,0.0,11.558824,11.558824,196.5,,2.0
Malik Nabers,WR,LSU,2024,6,1,98.5,94.95,97.5,94.6,backtest,96.9,80.0,100.0,19.0,33.7,1.0,,,1.0,1.0,18.24,18.24,273.6,,1.0
Rome Odunze,WR,Washington,2024,9,1,96.3,89.1,95.9,79.9,backtest,99.9,80.0,0.0,19.0,33.0,37.0,,,0.0,0.0,12.175,12.175,146.1,,1.0
Xavier Worthy,WR,Texas,2024,28,1,95.5,88.4,87.1,99.9,backtest,99.9,100.0,100.0,18.0,38.8,35.0,,,0.0,0.0,11.7,11.7,187.2,,1.0
Brian Thomas,WR,LSU,2024,23,1,93.0,85.21,89.4,84.2,backtest,81.3,80.0,100.0,20.0,32.7,-6.0,,,1.0,1.0,16.705882,16.705882,284.0,,1.0
Keon Coleman,WR,Florida St.,2024,33,2,86.5,78.66,85.6,72.2,backtest,83.3,0.0,100.0,20.0,36.6,2.0,,,0.0,0.0,8.576923,8.576923,111.5,,0.0
Adonai Mitchell,WR,Texas,2024,52,2,85.5,78.46,77.2,87.5,backtest,81.2,100.0,100.0,20.0,32.4,1.0,,,0.0,0.0,5.61875,5.61875,89.9,,0.0
Ja'Lynn Polk,WR,Washington,2024,37,2,77.9,71.23,83.3,51.0,backtest,66.5,40.0,0.0,21.0,23.1,32.0,,,0.0,0.0,2.515385,2.515385,32.7,,0.0
Ricky Pearsall,WR,Florida,2024,31,1,77.6,71.13,86.5,45.2,backtest,67.9,0.0,0.0,21.0,25.7,62.0,,,0.0,0.0,9.844444,9.844444,93.5,,0.0
Xavier Legette,WR,South Carolina,2024,32,1,71.9,67.82,86.1,35.2,backtest,52.7,0.0,0.0,22.0,35.5,-9.0,,,0.0,0.0,8.34,8.34,125.1,,0.0
Troy Franklin,WR,Oregon,2024,102,4,70.6,66.19,58.3,80.2,backtest,95.4,0.0,100.0,19.0,30.7,0.0,,,0.0,0.0,10.182353,10.182353,173.1,,1.0
Malachi Corley,WR,Western Kentucky,2024,65,3,69.8,65.29,71.4,53.2,backtest,79.8,0.0,0.0,20.0,29.6,11.0,,,0.0,0.0,2.633333,2.633333,31.6,,0.0
Ladd McConkey,WR,Georgia,2024,34,2,68.4,64.7,84.7,26.6,backtest,39.9,0.0,0.0,,19.9,38.0,,,1.0,1.0,15.05625,15.05625,240.9,,2.0
Jalen McMillan,WR,Washington,2024,92,3,66.5,63.51,61.2,65.2,backtest,82.8,60.0,0.0,20.0,25.5,30.0,,,0.0,0.0,10.415385,10.415385,135.4,,1.0
Roman Wilson,WR,Michigan,2024,84,3,63.5,61.21,64.2,52.4,backtest,53.7,100.0,0.0,22.0,37.3,10.0,,,0.0,0.0,4.511111,4.511111,40.6,,0.0
Javon Baker,WR,Central Florida,2024,110,4,62.5,60.69,54.6,66.6,backtest,99.9,0.0,0.0,18.0,31.5,16.0,,,0.0,0.0,,,2.2,,
Luke McCaffrey,WR,Rice,2024,100,3,56.2,57.24,59.1,49.2,backtest,73.8,0.0,0.0,21.0,37.5,117.0,,,0.0,0.0,2.9,2.9,49.3,,0.0
Devontez Walker,WR,North Carolina,2024,113,4,55.7,56.85,53.4,55.5,backtest,58.3,0.0,100.0,22.0,36.6,23.0,,,0.0,0.0,,,37.6,,
Jermaine Burton,WR,Alabama,2024,80,3,55.1,56.52,65.8,34.2,backtest,51.3,0.0,0.0,22.0,32.6,0.0,,,0.0,0.0,,,14.7,,
Ainias Smith,WR,Texas A&M,2024,152,5,50.3,53.43,42.1,65.3,backtest,98.0,0.0,0.0,19.0,26.0,21.0,,,0.0,0.0,,,17.7,,
Jacob Cowing,WR,Arizona,2024,135,4,44.3,50.37,46.8,46.2,backtest,69.3,0.0,0.0,21.0,28.5,26.0,,,0.0,0.0,,,12.7,,
Jha'Quan Jackson,WR,Tulane,2024,182,6,36.2,46.27,31.0,56.4,backtest,84.6,0.0,0.0,20.0,29.1,51.0,,,0.0,0.0,,,1.3,,
Jamari Thrash,WR,Louisville,2024,156,5,30.5,43.32,41.5,33.7,backtest,50.5,0.0,0.0,22.0,31.0,12.0,,,0.0,0.0,2.5875,2.5875,20.7,,0.0
Cornelius Johnson,WR,Michigan,2024,253,7,30.2,43.28,3.2,78.4,backtest,97.6,80.0,0.0,19.0,25.1,40.0,,,0.0,0.0,,,0.0,,
Anthony Gould,WR,Oregon St.,2024,142,5,29.7,43.03,44.2,25.5,backtest,38.2,0.0,0.0,,18.2,22.0,,,0.0,0.0,,,3.3,,
Bub Means,WR,Pittsburgh,2024,170,5,25.9,41.27,35.8,33.9,backtest,50.8,0.0,0.0,22.0,31.6,0.0,,,0.0,0.0,,,26.8,,
Johnny Wilson,WR,Florida St.,2024,185,6,25.1,41.1,29.7,40.6,backtest,60.8,0.0,0.0,21.0,21.7,0.0,,,0.0,0.0,1.644444,1.644444,14.8,,0.0
Malik Washington,WR,Virginia,2024,184,6,21.0,40.05,30.5,36.6,backtest,54.9,0.0,0.0,22.0,47.4,7.0,,,0.0,0.0,6.629412,6.629412,112.7,,0.0
Brenden Rice,WR,USC,2024,225,7,11.3,36.16,13.6,42.5,backtest,63.8,0.0,0.0,21.0,27.5,0.0,,,0.0,0.0,,,0.0,,
Casey Washington,WR,Illinois,2024,187,6,10.2,35.48,27.8,22.8,backtest,34.2,0.0,0.0,,19.2,0.0,,,0.0,0.0,,,15.4,,
Tejhaun Palmer,WR,Ala-Birmingham,2024,191,6,9.4,34.9,26.3,22.8,backtest,34.1,0.0,0.0,23.0,28.3,0.0,,,0.0,0.0,,,0.0,,
Tahj Washington,WR,USC,2024,241,7,5.3,30.62,7.1,31.0,backtest,46.5,0.0,0.0,22.0,23.1,10.0,,,0.0,0.0,,,6.7,,
Ryan Flournoy,WR,SE Missouri St.,2024,216,6,5.1,30.62,16.4,20.0,backtest,30.0,0.0,0.0,,,49.0,,,0.0,0.0,8.769231,8.769231,114.0,,0.0
Jordan Whittington,WR,Texas,2024,213,6,4.8,30.56,17.2,18.5,backtest,27.7,0.0,0.0,,12.7,18.0,,,0.0,0.0,2.792308,2.792308,52.5,,0.0
Devaughn Vele,WR,Utah,2024,235,7,2.1,27.18,10.3,17.0,backtest,25.4,0.0,0.0,25.0,30.9,0.0,,,0.0,0.0,8.192308,8.192308,106.5,,0.0
Travis Hunter,WR,Colorado,2025,2,1,98.2,93.98,99.0,82.9,backtest,99.4,0.0,100.0,19.0,38.8,5.0,,,0.0,0.0,,,63.8,,
Tetairoa McMillan,WR,Arizona,2025,8,1,97.0,90.56,96.4,83.3,backtest,99.9,0.0,100.0,19.0,41.0,0.0,,,1.0,0.0,12.547059,12.547059,213.4,,1.0
Matthew Golden,WR,Texas,2025,23,1,91.7,83.35,89.4,78.0,backtest,77.0,60.0,100.0,20.0,24.1,0.0,,,0.0,0.0,5.0,5.0,70.0,,0.0
Emeka Egbuka,WR,Ohio State,2025,19,1,89.3,80.86,92.5,65.4,backtest,83.0,60.0,0.0,20.0,26.1,33.0,,,1.0,0.0,11.394118,11.394118,193.7,,1.0
Luther Burden III,WR,Missouri,2025,39,2,88.4,80.38,82.6,83.3,backtest,99.9,0.0,100.0,19.0,36.5,125.0,,,0.0,0.0,8.526667,8.526667,127.9,,0.0
Jayden Higgins,WR,Iowa State,2025,34,2,85.2,78.03,84.7,71.0,backtest,81.5,0.0,100.0,20.0,33.0,0.0,,,0.0,0.0,7.617647,7.617647,129.5,,0.0
Kyle Williams,WR,Washington State,2025,69,3,73.4,68.46,70.2,66.6,backtest,99.9,0.0,0.0,18.0,33.2,57.0,,,0.0,0.0,3.784615,3.784615,49.2,,0.0
Tre Harris,WR,Ole Miss,2025,55,2,69.2,65.11,76.0,45.3,backtest,67.9,0.0,0.0,21.0,35.8,0.0,,,0.0,0.0,4.3375,4.3375,69.4,,0.0
Pat Bryant,WR,Illinois,2025,74,3,63.3,61.02,68.0,45.2,backtest,67.8,0.0,0.0,21.0,35.6,14.0,,,0.0,0.0,6.233333,6.233333,74.8,,0.0
Jack Bech,WR,TCU,2025,58,2,62.2,60.68,74.1,32.7,backtest,49.1,0.0,0.0,22.0,28.2,,,,,,,,,,
Jaylin Noel,WR,Iowa State,2025,79,3,60.8,59.72,66.5,44.2,backtest,66.3,0.0,0.0,21.0,32.7,,,,,,,,,,
Tai Felton,WR,Maryland,2025,102,4,59.5,58.97,58.3,56.1,backtest,84.2,0.0,0.0,20.0,38.4,,,,,,,,,,
Jalen Royals,WR,Utah St.,2025,133,4,59.2,58.62,47.4,72.6,backtest,83.9,0.0,100.0,20.0,37.8,,,,,,,,,,
Elic Ayomanor,WR,Stanford,2025,136,4,57.9,57.98,46.5,72.1,backtest,83.1,0.0,100.0,20.0,36.2,0.0,,,0.0,0.0,7.28125,7.28125,116.5,,0.0
Chimere Dike,WR,Florida,2025,103,4,57.6,57.83,57.6,52.9,backtest,79.4,0.0,0.0,20.0,28.8,0.0,,,0.0,0.0,6.829412,6.829412,116.1,,0.0
Isaac TeSlaa,WR,Arkansas,2025,70,3,51.6,54.4,69.4,20.4,backtest,30.6,0.0,0.0,,15.6,0.0,,,0.0,0.0,5.421429,5.421429,75.9,,0.0
Savion Williams,WR,TCU,2025,87,3,47.3,51.47,62.9,21.9,backtest,32.8,0.0,0.0,,17.8,,,,,,,,,,
Dont'e Thornton,WR,Tennessee,2025,108,4,45.1,50.64,55.4,31.9,backtest,47.9,0.0,0.0,22.0,25.8,,,,,,,,,,
Jaylin Lane,WR,Virginia Tech,2025,128,4,43.5,50.22,50.0,41.9,backtest,62.8,0.0,0.0,21.0,25.6,,,,,,,,,,
Tory Horton,WR,Colorado State,2025,166,5,39.7,48.69,36.7,56.6,backtest,84.9,0.0,0.0,20.0,57.3,,,,,,,,,,
Arian Smith,WR,Georgia,2025,110,4,38.4,47.15,54.6,21.5,backtest,32.2,0.0,0.0,,17.2,,,,,,,,,,
Jordan Watkins,WR,Ole Miss,2025,138,5,34.8,45.48,46.1,31.5,backtest,47.2,0.0,0.0,22.0,24.4,,,,,,,,,,
Jimmy Horn,WR,Colorado,2025,208,7,24.3,40.73,19.4,50.1,backtest,75.1,0.0,0.0,20.0,20.2,,,,,,,,,,
Tez Johnson,WR,Oregon,2025,235,7,24.0,40.66,10.3,61.9,backtest,92.8,0.0,0.0,19.0,25.7,-1.0,,,0.0,0.0,6.16,6.16,92.4,,0.0
KeAndre Lambert-Smith,WR,Auburn,2025,158,5,20.8,39.94,40.8,23.4,backtest,35.2,0.0,0.0,23.0,30.3,,,,,,,,,,
Ricky White,WR,UNLV,2025,238,7,17.2,38.68,8.9,56.6,backtest,84.9,0.0,0.0,20.0,45.7,,,,,,,,,,
Junior Bergen,WR,Montana,2025,252,7,14.3,37.61,3.8,59.1,backtest,63.6,0.0,100.0,21.0,27.2,,,,,,,,,,
LaJohntay Wester,WR,Colorado,2025,203,7,13.7,37.37,22.7,36.6,backtest,54.9,0.0,0.0,22.0,43.6,,,,,,,,,,
Dominic Lovett,WR,Georgia,2025,244,7,12.1,36.6,5.7,52.3,backtest,78.4,0.0,0.0,20.0,26.8,,,,,,,,,,
Konata Mumpfield,WR,Pittsburgh,2025,242,7,9.1,34.52,6.5,44.5,backtest,66.7,0.0,0.0,21.0,33.4,,,,,,,,,,
Tommy Mellott,WR,Montana State,2025,213,6,4.0,30.02,17.2,16.7,backtest,25.0,0.0,0.0,,,,,,,,,,,,
Kaden Prather,WR,Maryland,2025,240,7,2.9,28.23,7.6,22.6,backtest,34.0,0.0,0.0,,19.0,,,,,,,,,,
Carnell Tate,WR,Ohio State,2026,7,1,96.3,89.59,97.0,78.4,2026_prospect,77.6,60.0,100.0,20.0,25.3,16.0,,,,,,,,,
Jordyn Tyson,WR,Arizona State,2026,10,1,92.5,84.31,95.3,65.5,2026_prospect,98.2,0.0,0.0,19.0,36.4,4.0,,,,,,,,,
Makai Lemon,WR,USC,2026,13,1,90.3,82.06,94.1,62.1,2026_prospect,68.1,0.0,100.0,21.0,36.2,4.0,,,,,,,,,
KC Concepcion,WR,Texas A&M,2026,24,1,90.3,81.72,88.7,73.6,2026_prospect,85.4,0.0,100.0,20.0,30.9,75.0,,,,,,,,,
Denzel Boston,WR,Washington,2026,20,1,84.1,77.42,92.0,55.0,2026_prospect,82.5,0.0,0.0,20.0,35.0,,,,,,,,,,
Omar Cooper Jr.,WR,Indiana,2026,41,2,80.0,73.55,81.1,62.2,2026_prospect,68.3,0.0,100.0,21.0,26.7,74.0,,,,,,,,,
Zachariah Branch,WR,Georgia,2026,50,2,79.8,73.2,78.3,68.4,2026_prospect,62.6,60.0,100.0,21.0,25.2,7.0,,,,,,,,,
Ja'Kobi Lane,WR,USC,2026,90,3,73.0,68.09,61.9,79.2,2026_prospect,93.8,0.0,100.0,19.0,27.6,,,,,,,,,,
Germie Bernard,WR,Alabama,2026,72,3,70.3,66.05,68.7,60.6,2026_prospect,65.9,0.0,100.0,21.0,21.8,101.0,,,,,,,,,
Malachi Fields,WR,Notre Dame,2026,48,2,69.2,65.19,79.0,40.1,2026_prospect,60.1,0.0,0.0,21.0,20.3,,,,,,,,,,
Chris Brazzell,WR,Tennessee,2026,59,2,67.1,63.7,73.6,43.6,2026_prospect,65.3,0.0,0.0,21.0,30.7,,,,,,,,,,
Antonio Williams,WR,Clemson,2026,86,3,64.3,61.73,63.3,55.5,2026_prospect,83.2,0.0,0.0,20.0,26.4,78.0,,,,,,,,,
Elijah Sarratt,WR,Indiana,2026,67,3,63.8,61.59,70.8,42.3,2026_prospect,63.4,0.0,0.0,21.0,26.8,,,,,,,,,,
Chris Bell,WR,Louisville,2026,52,2,60.3,59.22,77.2,23.3,2026_prospect,35.0,0.0,0.0,,32.7,,,,,,,,,,
Skyler Bell,WR,UConn,2026,102,4,49.7,53.02,58.3,36.3,2026_prospect,54.5,0.0,0.0,22.0,39.0,-2.0,,,,,,,,,
Ted Hurst,WR,Georgia State,2026,94,3,44.6,50.58,60.4,23.3,2026_prospect,35.0,0.0,0.0,,37.1,,,,,,,,,,
Deion Burks,WR,Oklahoma,2026,109,4,43.2,50.08,55.1,30.6,2026_prospect,46.0,0.0,0.0,22.0,21.9,-3.0,,,,,,,,,
Eric McAlister,WR,TCU,2026,165,5,41.3,49.1,37.5,57.5,2026_prospect,66.2,80.0,0.0,21.0,32.4,,,,,,,,,,
Kevin Coleman Jr.,WR,Missouri,2026,141,5,39.4,48.21,44.7,42.2,2026_prospect,38.3,0.0,100.0,,18.3,76.0,,,,,,,,,
Josh Cameron,WR,Baylor,2026,143,5,39.2,47.96,43.8,42.4,2026_prospect,63.6,0.0,0.0,21.0,27.2,,,,,,,,,,
Brenen Thompson,WR,Mississippi State,2026,127,4,39.2,48.0,50.3,33.9,2026_prospect,50.9,0.0,0.0,22.0,31.8,14.0,,,,,,,,,
Reggie Virgil,WR,Texas Tech,2026,142,5,37.8,47.03,44.2,38.8,2026_prospect,33.2,0.0,100.0,,18.2,,,,,,,,,,
Lewis Bond,WR,Boston College,2026,204,6,35.7,45.94,22.0,65.6,2026_prospect,98.4,0.0,0.0,19.0,36.8,3.0,,,,,,,,,
Amare Thomas,WR,Houston,2026,250,7,33.2,45.13,4.0,83.3,2026_prospect,99.9,0.0,100.0,19.0,40.2,9.0,,,,,,,,,
Bryce Lance,WR,North Dakota State,2026,162,5,32.4,44.04,38.9,39.1,2026_prospect,58.7,0.0,0.0,22.0,37.4,92.0,,,,,,,,,
Shelton Sampson Jr.,WR,Louisiana-Lafayette,2026,250,7,27.5,41.93,4.0,72.6,2026_prospect,83.9,0.0,100.0,20.0,37.8,,,,,,,,,,
Anthony Evans III,WR,Mississippi State,2026,250,7,26.4,41.48,4.0,71.1,2026_prospect,81.6,0.0,100.0,20.0,23.2,47.0,,,,,,,,,
Zavion Thomas,WR,LSU,2026,286,7,19.4,39.65,1.0,79.9,2026_prospect,99.9,80.0,0.0,18.0,32.7,99.0,,,,,,,,,
C.J. Daniels,WR,Miami (FL),2026,156,5,19.4,39.78,41.5,21.9,2026_prospect,32.8,0.0,0.0,,17.8,,,,,,,,,,
Kendrick Law,WR,Kentucky,2026,188,6,16.7,38.61,26.7,33.7,2026_prospect,50.6,0.0,0.0,22.0,21.1,53.0,,,,,,,,,
De'Zhaun Stribling,WR,Mississippi,2026,201,6,14.5,37.69,23.6,36.7,2026_prospect,45.1,40.0,0.0,22.0,20.2,,,,,,,,,,
Barion Brown,WR,LSU,2026,205,6,13.7,37.4,21.4,37.6,2026_prospect,31.4,0.0,100.0,,11.4,33.0,,,,,,,,,
Cody Jackson,WR,Tarleton State,2026,250,7,13.2,37.13,4.0,56.6,2026_prospect,84.9,0.0,0.0,20.0,53.4,6.0,,,,,,,,,
Cyrus Allen,WR,Cincinnati,2026,236,7,11.0,36.13,9.9,47.2,2026_prospect,70.9,0.0,0.0,21.0,31.7,34.0,,,,,,,,,
Caleb Douglas,WR,Texas Tech,2026,284,7,10.7,36.04,1.0,67.1,2026_prospect,75.6,0.0,100.0,20.0,21.3,,,,,,,,,,
Donaven McCulley,WR,Michigan,2026,250,7,6.1,31.57,4.0,38.1,2026_prospect,47.1,40.0,0.0,22.0,24.2,5.0,,,,,,,,,
Aaron Anderson,WR,LSU,2026,219,6,5.6,31.08,15.6,22.9,2026_prospect,34.3,0.0,0.0,,19.3,2.0,,,,,,,,,
Mikey Matthews,WR,UCLA,2026,250,7,5.6,31.1,4.0,36.5,2026_prospect,29.7,0.0,100.0,,14.7,1.0,,,,,,,,,
Anthony Smith,WR,East Carolina,2026,250,7,5.6,31.12,4.0,36.6,2026_prospect,54.8,0.0,0.0,22.0,29.7,45.0,,,,,,,,,
Tyren Montgomery,WR,John Carroll,2026,207,6,5.3,30.84,20.1,16.7,2026_prospect,25.0,0.0,0.0,,,,,,,,,,,,
London Humphreys,WR,Georgia,2026,250,7,4.2,30.25,4.0,33.7,2026_prospect,25.5,0.0,100.0,,10.5,7.0,,,,,,,,,
Eric Rivers,WR,Georgia Tech,2026,228,7,4.2,30.23,12.8,24.1,2026_prospect,36.1,0.0,0.0,,16.1,56.0,,,,,,,,,
Cordale Russell,WR,Miami (OH),2026,250,7,4.0,30.1,4.0,33.2,2026_prospect,24.7,0.0,100.0,,9.7,,,,,,,,,,
Kaden Wetjen,WR,Iowa,2026,218,6,3.7,29.99,15.9,18.8,2026_prospect,28.2,0.0,0.0,,8.2,79.0,,,,,,,,,
Brandon Inniss,WR,Ohio State,2026,250,7,3.7,29.78,4.0,32.1,2026_prospect,23.2,0.0,100.0,,8.2,16.0,,,,,,,,,
Jalen Brown,WR,Arkansas,2026,250,7,3.7,29.59,4.0,31.5,2026_prospect,22.2,0.0,100.0,,7.2,,,,,,,,,,
Hank Beatty,WR,Illinois,2026,282,7,3.4,29.22,1.0,43.5,2026_prospect,65.3,0.0,0.0,21.0,20.6,46.0,,,,,,,,,
Hykeem Williams,WR,Colorado,2026,250,7,2.9,28.49,4.0,27.8,2026_prospect,16.7,0.0,100.0,,1.7,,,,,,,,,,
Jaquaize Pettaway,WR,East Carolina,2026,250,7,2.9,28.24,4.0,27.0,2026_prospect,15.5,0.0,100.0,,0.5,2.0,,,,,,,,,
Vinny Anthony II,WR,Wisconsin,2026,250,7,2.6,28.15,4.0,26.7,2026_prospect,40.0,0.0,0.0,,28.5,27.0,,,,,,,,,
Chase Roberts,WR,BYU,2026,245,7,2.4,27.79,5.3,23.3,2026_prospect,35.0,0.0,0.0,,33.0,,,,,,,,,,
Tyler Brown,WR,Clemson,2026,250,7,2.4,27.94,4.0,26.0,2026_prospect,38.9,0.0,0.0,,18.9,71.0,,,,,,,,,
Jordan Dwyer,WR,TCU,2026,250,7,1.8,27.15,4.0,23.3,2026_prospect,35.0,0.0,0.0,,21.3,,,,,,,,,,
Griffin Wilde,WR,Northwestern,2026,250,7,1.8,27.15,4.0,23.3,2026_prospect,35.0,0.0,0.0,,41.7,5.0,,,,,,,,,
Jeff Caldwell,WR,Cincinnati,2026,249,7,1.5,26.95,4.2,22.2,2026_prospect,33.3,0.0,0.0,,18.3,,,,,,,,,,
Kris Hutson,WR,Arizona,2026,250,7,1.3,26.45,4.0,21.0,2026_prospect,31.5,0.0,0.0,23.0,23.0,14.0,,,,,,,,,
Nick DeGennaro,WR,James Madison,2026,250,7,1.3,26.53,4.0,21.3,2026_prospect,31.9,0.0,0.0,,16.9,5.0,,,,,,,,,
Jordan Hudson,WR,SMU,2026,307,7,1.0,25.35,1.0,40.6,2026_prospect,61.0,0.0,0.0,21.0,21.9,6.0,,,,,,,,,
Jaron Glover,WR,Mississippi State,2026,250,7,1.0,25.43,4.0,17.6,2026_prospect,26.4,0.0,0.0,,11.4,,,,,,,,,,
Ja'Varrius Johnson,WR,UCF,2026,668,7,1.0,12.86,1.0,42.9,2026_prospect,64.3,0.0,0.0,21.0,28.6,,,,,,,,,,
Ja'Mori Maclin,WR,Kentucky,2026,655,7,1.0,12.04,1.0,40.1,2026_prospect,60.2,0.0,0.0,21.0,20.4,,,,,,,,,,
Kobe Prentice,WR,Baylor,2026,488,7,1.0,10.96,1.0,36.5,2026_prospect,29.8,0.0,100.0,,14.8,,,,,,,,,,
Noah Thomas,WR,Georgia,2026,396,7,1.0,13.57,1.0,34.7,2026_prospect,27.1,0.0,100.0,,12.1,,,,,,,,,,
Ayden Williams,WR,Mississippi State,2026,461,7,1.0,10.34,1.0,34.5,2026_prospect,26.7,0.0,100.0,,11.7,,,,,,,,,,
Braylin Presley,WR,Tulsa,2026,500,7,1.0,10.1,1.0,33.7,2026_prospect,25.5,0.0,100.0,,5.5,215.0,,,,,,,,,
Emmanuel Henderson,WR,Kansas,2026,348,7,1.0,17.96,1.0,31.8,2026_prospect,47.7,0.0,0.0,22.0,25.4,16.0,,,,,,,,,
Antonio Gates Jr.,WR,Delaware State,2026,499,7,1.0,9.06,1.0,30.2,2026_prospect,20.3,0.0,100.0,,5.3,,,,,,,,,,
Raymond Cottrell,WR,West Alabama,2026,455,7,1.0,8.45,1.0,28.2,2026_prospect,17.3,0.0,100.0,,2.3,,,,,,,,,,
Dane Key,WR,Nebraska,2026,271,7,1.0,24.23,1.0,22.4,2026_prospect,33.6,0.0,0.0,,18.6,,,,,,,,,,
Nathan Leacock,WR,North Carolina,2026,482,7,1.0,8.22,1.0,27.4,2026_prospect,16.1,0.0,100.0,,1.1,6.0,,,,,,,,,
Ryan Niblett,WR,Texas,2026,458,7,1.0,8.18,1.0,27.3,2026_prospect,15.9,0.0,100.0,,0.9,15.0,,,,,,,,,
Squirrel White,WR,Florida State,2026,426,7,1.0,8.17,1.0,27.2,2026_prospect,15.9,0.0,100.0,,0.9,6.0,,,,,,,,,
Braylon James,WR,TCU,2026,470,7,1.0,8.04,1.0,26.8,2026_prospect,15.2,0.0,100.0,,0.2,,,,,,,,,,
Jalen Walthall,WR,Incarnate Word,2026,440,7,1.0,8.0,1.0,26.7,2026_prospect,40.0,0.0,0.0,,55.9,50.0,,,,,,,,,
Trebor Pena,WR,Penn State,2026,453,7,1.0,7.51,1.0,25.0,2026_prospect,37.6,0.0,0.0,,17.6,69.0,,,,,,,,,
Caullin Lacy,WR,Louisville,2026,298,7,1.0,21.55,1.0,24.4,2026_prospect,36.6,0.0,0.0,,16.6,53.0,,,,,,,,,
Rara Thomas,WR,Troy,2026,610,7,1.0,7.32,1.0,24.4,2026_prospect,36.6,0.0,0.0,23.0,23.2,39.0,,,,,,,,,
C.J. Williams,WR,Stanford,2026,490,7,1.0,7.0,1.0,23.3,2026_prospect,35.0,0.0,0.0,,35.6,,,,,,,,,,
Justus Ross-Simmons,WR,Syracuse,2026,545,7,1.0,7.0,1.0,23.3,2026_prospect,35.0,0.0,0.0,,20.7,,,,,,,,,,
Jalil Farooq,WR,Maryland,2026,436,7,1.0,7.0,1.0,23.3,2026_prospect,35.0,0.0,0.0,,20.0,8.0,,,,,,,,,
Malik Benson,WR,Oregon,2026,332,7,1.0,17.07,1.0,22.8,2026_prospect,34.1,0.0,0.0,,19.1,-4.0,,,,,,,,,
Dillon Bell,WR,Georgia,2026,397,7,1.0,9.6,1.0,21.9,2026_prospect,32.8,0.0,0.0,,12.8,109.0,,,,,,,,,
Harrison Wallace III,WR,Mississippi,2026,403,7,1.0,8.93,1.0,21.8,2026_prospect,32.6,0.0,0.0,,17.6,,,,,,,,,,
J.Michael Sturdivant,WR,Florida,2026,378,7,1.0,11.42,1.0,21.1,2026_prospect,31.6,0.0,0.0,,16.6,1.0,,,,,,,,,
Kaleb Brown,WR,UAB,2026,516,7,1.0,4.8,1.0,16.0,2026_prospect,24.0,0.0,0.0,,9.0,5.0,,,,,,,,,
Colbie Young,WR,Georgia,2026,354,7,1.0,12.31,1.0,15.2,2026_prospect,22.8,0.0,0.0,,7.8,,,,,,,,,,
Jayden Ballard,WR,Wisconsin,2026,593,7,1.0,6.14,1.0,20.5,2026_prospect,30.7,0.0,0.0,,15.7,,,,,,,,,,
Michael Wortham,WR,Montana,2026,345,7,1.0,14.76,1.0,20.0,2026_prospect,30.0,0.0,0.0,,,345.0,,,,,,,,,
Romello Brinson,WR,SMU,2026,296,7,1.0,20.35,1.0,19.6,2026_prospect,29.4,0.0,0.0,,14.4,4.0,,,,,,,,,
E.J. Williams,WR,Indiana,2026,639,7,1.0,5.83,1.0,19.4,2026_prospect,29.2,0.0,0.0,,14.2,,,,,,,,,,
Joseph Manjack IV,WR,TCU,2026,597,7,1.0,5.54,1.0,18.5,2026_prospect,27.7,0.0,0.0,,12.7,-4.0,,,,,,,,,
Donavon Greene,WR,Virginia Tech,2026,669,7,1.0,5.51,1.0,18.4,2026_prospect,27.6,0.0,0.0,,12.6,,,,,,,,,,
Keelan Marion,WR,Miami (FL),2026,376,7,1.0,10.78,1.0,18.2,2026_prospect,27.3,0.0,0.0,,12.3,,,,,,,,,,
Kyron Ware-Hudson,WR,Penn State,2026,566,7,1.0,5.43,1.0,18.1,2026_prospect,27.2,0.0,0.0,,12.2,,,,,,,,,,
Jared Brown,WR,South Carolina,2026,612,7,1.0,5.32,1.0,17.7,2026_prospect,26.6,0.0,0.0,,6.6,33.0,,,,,,,,,
Andrel Anthony,WR,Duke,2026,594,7,1.0,5.09,1.0,17.0,2026_prospect,25.4,0.0,0.0,,10.4,,,,,,,,,,
Malik McClain,WR,Arizona State,2026,576,7,1.0,5.02,1.0,16.7,2026_prospect,25.1,0.0,0.0,,10.1,,,,,,,,,,
Devin Voisin,WR,South Alabama,2026,279,7,1.0,21.53,1.0,16.7,2026_prospect,25.0,0.0,0.0,,,,,,,,,,,,
Max Tomczak,WR,Youngstown State,2026,621,7,1.0,5.0,1.0,16.7,2026_prospect,25.0,0.0,0.0,,,,,,,,,,,,
JoJo Earle,WR,UNLV,2026,581,7,1.0,4.73,1.0,15.8,2026_prospect,23.7,0.0,0.0,,3.7,102.0,,,,,,,,,
Chris Hilton,WR,LSU,2026,363,7,1.0,11.38,1.0,15.4,2026_prospect,23.1,0.0,0.0,,8.1,,,,,,,,,,
Christian Leary,WR,Western Michigan,2026,549,7,1.0,4.59,1.0,15.3,2026_prospect,23.0,0.0,0.0,,3.0,46.0,,,,,,,,,
Dacari Collins,WR,Louisville,2026,569,7,1.0,4.32,1.0,14.4,2026_prospect,21.6,0.0,0.0,,6.6,,,,,,,,,,
Deion Colzie,WR,Miami (OH),2026,567,7,1.0,4.27,1.0,14.2,2026_prospect,21.3,0.0,0.0,,6.3,,,,,,,,,,
Talyn Shettron,WR,Oklahoma State,2026,250,7,1.0,24.38,4.0,14.1,2026_prospect,21.1,0.0,0.0,,6.1,,,,,,,,,,
Tobias Merriweather,WR,Utah,2026,483,7,1.0,3.46,1.0,11.5,2026_prospect,17.3,0.0,0.0,,2.3,,,,,,,,,,
Jaden Bray,WR,West Virginia,2026,250,7,1.0,23.57,4.0,11.4,2026_prospect,17.1,0.0,0.0,,2.1,,,,,,,,,,
Andre Greene Jr.,WR,Virginia,2026,250,7,1.0,23.42,4.0,10.9,2026_prospect,16.3,0.0,0.0,,1.3,,,,,,,,,,
Kyion Grayes,WR,California,2026,484,7,1.0,3.07,1.0,10.2,2026_prospect,15.3,0.0,0.0,,0.3,,,,,,,,,,
Jayden McGowan,WR,Charlotte,2026,250,7,1.0,23.18,4.0,10.1,2026_prospect,15.1,0.0,0.0,,0.1,,,,,,,,,,
Jayden Thomas,WR,Virginia,2026,608,7,1.0,3.03,1.0,10.1,2026_prospect,15.1,0.0,0.0,,0.1,,,,,,,,,,
