player_name,position,school,draft_year,pick,round,dc_score,production_score,production_metric,ras_score,slap_score,delta_vs_dc,production_status,ras_status,breakout_age,nfl_best_ppr,nfl_hit24,nfl_hit12,data_type
Amari Cooper,WR,Alabama,2015,4,1,96.73123522513825,99.9,breakout_age,85.7,95.71030289633988,-1.0209323287983665,observed,observed,19.0,253.6,1,1,backtest
Kevin White,WR,West Virginia,2015,7,1,94.38004324460745,98.39359378791556,breakout_age,97.2,95.60574686657795,1.2257036219704958,observed,observed,19.0,38.6,0,0,backtest
DeVante Parker,WR,Louisville,2015,14,1,90.07432750763405,92.39645692464505,breakout_age,97.5,91.65260426489114,1.5782767572570862,observed,observed,19.0,246.2,1,0,backtest
Phillip Dorsett,WR,Miami (FL),2015,29,1,83.040327760146,98.56935305331776,breakout_age,84.7,86.39508365475845,3.3547558946124525,observed,observed,19.0,105.9,0,0,backtest
Breshad Perriman,WR,Central Florida,2015,26,1,84.3076609651975,83.31480876103302,breakout_age,99.5,86.38794137958497,2.080280414387474,observed,observed,20.0,138.1,0,0,backtest
Nelson Agholor,WR,USC,2015,20,1,87.02377097693456,81.20501516118736,breakout_age,73.8,83.87645416724493,-3.1473168096896273,observed,observed,20.0,222.1,1,0,backtest
Devin Smith,WR,Ohio St.,2015,37,2,79.88373711084623,93.42151913368531,breakout_age,86.1,83.52373294878711,3.639995837940887,observed,observed,19.0,26.5,0,0,backtest
Chris Conley,WR,Georgia,2015,76,3,67.21839332711826,94.79478101232625,breakout_age,96.8,77.17091186509212,9.952518537973859,observed,observed,19.0,156.5,0,0,backtest
Dorial Green-Beckham,WR,Oklahoma,2015,40,2,78.76865523265029,80.9132950610534,breakout_age,63.0,76.83228491343337,-1.9363703192169197,observed,observed,20.0,112.9,0,0,backtest
Tyler Lockett,WR,Kansas St.,2015,69,3,69.2641833889955,99.9,breakout_age,77.1,76.56671920284708,7.302535813851577,observed,observed,19.0,274.0,1,1,backtest
Devin Funchess,WR,Michigan,2015,41,2,78.40408953083528,83.97404505386876,breakout_age,52.599999999999994,75.64746720581668,-2.756622325018597,observed,observed,20.0,0.0,0,0,backtest
Jaelen Strong,WR,Arizona St.,2015,70,3,68.96725571920754,80.54332362866407,breakout_age,91.4,74.64738094321771,5.680125224010169,observed,observed,20.0,50.8,0,0,backtest
Sammie Coates,WR,Auburn,2015,87,3,64.14280026523261,78.77427782707285,breakout_age,98.6,72.23767573781578,8.094875472583169,observed,observed,20.0,83.3,0,0,backtest
Ty Montgomery,WR,Stanford,2015,94,3,62.262482221264236,90.0,breakout_age,77.5,70.09561344382175,7.833131222557512,observed,observed,19.0,179.3,0,0,backtest
Justin Hardy,WR,East Carolina,2015,107,4,58.906016650653214,95.78943856957,breakout_age,48.7,64.75179853683859,5.845781886185378,observed,observed,19.0,69.1,0,0,backtest
Kenny Bell,WR,Nebraska,2015,162,5,46.15155112223164,93.39544795067101,breakout_age,92.0,62.477597819584766,16.326046697353128,observed,observed,19.0,0.0,0,0,backtest
Jamison Crowder,WR,Duke,2015,105,4,59.41186469623246,95.79679243533883,breakout_age,13.100000000000001,59.74207053961888,0.3302058433864161,observed,observed,19.0,197.7,0,0,backtest
Rashad Greene,WR,Florida St.,2015,139,5,51.245903565087225,90.0,breakout_age,53.7,59.364837317306694,8.11893375221947,observed,observed,19.0,40.3,0,0,backtest
Geremy Davis,WR,Connecticut,2015,186,6,41.12133897642805,90.0,breakout_age,96.6,59.21887033467823,18.09753135825018,observed,observed,19.0,6.8,0,0,backtest
JJ Nelson,WR,Ala-Birmingham,2015,159,5,46.79965853300224,92.09206094269335,breakout_age,68.9,59.17319023499012,12.373531701987886,observed,imputed,19.0,0.0,0,0,backtest
DeAndre Smelter,WR,Georgia Tech,2015,132,4,52.85873645151093,68.94106523794517,breakout_age,68.9,58.481391741071135,5.622655289560207,observed,imputed,21.0,3.3000000000000003,0,0,backtest
Evan Spencer,WR,Ohio St.,2015,187,6,40.917284913571535,90.0,breakout_age,83.69999999999999,57.1512351938215,16.233950280249964,observed,observed,19.0,0.0,0,0,backtest
Stefon Diggs,WR,Maryland,2015,146,5,49.66365676525262,78.49476993216538,breakout_age,56.6,56.47033088384728,6.806674118594664,observed,observed,20.0,391.7000000000001,1,1,backtest
Vince Mayle,WR,Washington St.,2015,123,4,54.980997846306835,61.46807397069086,breakout_age,46.3,54.97626339423761,-0.004734452069222073,observed,observed,21.0,6.2,0,0,backtest
Tony Lippett,WR,Michigan St.,2015,156,5,47.452429780384286,84.31634531211421,breakout_age,39.900000000000006,53.692348419672626,6.239918639288341,observed,observed,20.0,0.0,0,0,backtest
Bud Sasser,WR,Missouri,2015,201,6,38.10269095611306,84.9,breakout_age,74.5,52.92174912147348,14.819058165360424,observed,observed,20.0,0.0,0,0,backtest
Andre Debose,WR,Florida,2015,221,7,34.207839313634366,90.0,breakout_age,81.30000000000001,52.43009555386234,18.22225624022797,observed,observed,19.0,0.0,0,0,backtest
Da'Ron Brown,WR,Northern Illinois,2015,233,7,31.93525043772044,97.79618719539644,breakout_age,68.9,50.65215022359758,18.71689978587714,observed,imputed,19.0,0.0,0,0,backtest
Darren Waller,WR,Georgia Tech,2015,204,6,37.50937673477087,78.90997908489241,breakout_age,68.9,50.49809069457955,12.988713959808685,observed,imputed,20.0,0.0,0,0,backtest
Neal Sterling,WR,Monmouth,2015,220,7,34.399312454218645,90.0,breakout_age,66.2,50.28955309524212,15.890240641023475,observed,observed,19.0,0.0,0,0,backtest
Keith Mumphery,WR,Michigan St.,2015,175,5,43.39418247364378,75.0,breakout_age,43.6,49.74621860786846,6.352036134224676,observed,observed,20.0,26.9,0,0,backtest
Kaelin Clay,WR,Utah,2015,184,6,41.53070215783976,90.08754863813229,breakout_age,21.8,48.28246613022231,6.751763972382548,observed,observed,19.0,23.4,0,0,backtest
Mario Alford,WR,West Virginia,2015,238,7,31.00152182589578,96.30975491385587,breakout_age,54.0,47.51294016960343,16.511418343707653,observed,observed,19.0,2.5,0,0,backtest
Dezmin Lewis,WR,Central Arkansas,2015,234,7,31.7479002688044,90.0,breakout_age,47.699999999999996,45.79113517472286,14.04323490591846,observed,observed,19.0,0.0,0,0,backtest
Tre McBride,WR,William & Mary,2015,245,7,29.706728556907052,25.0,breakout_age,95.60000000000001,38.649373561989584,8.942645005082532,observed,observed,,22.4,0,0,backtest
Corey Coleman,WR,Baylor,2016,15,1,89.53565074279604,69.9,breakout_age,96.6,86.66817298281742,-2.8674777599786125,observed,observed,21.0,93.3,0,0,backtest
Will Fuller,WR,Notre Dame,2016,21,1,86.55153502322084,60.0,breakout_age,71.7,79.01349776509355,-7.538037258127289,observed,observed,21.0,188.9,0,0,backtest
Josh Doctson,WR,TCU,2016,22,1,86.0877712199221,36.31883539676323,breakout_age,94.1,77.33581837230201,-8.751952847620089,observed,observed,23.0,119.8,0,0,backtest
Laquon Treadwell,WR,Mississippi,2016,23,1,85.63195232697663,79.48205667005942,breakout_age,33.3,76.5521803465467,-9.079771980429925,observed,observed,20.0,82.4,0,0,backtest
Michael Thomas,WR,Ohio St.,2016,47,2,76.2836840704932,54.79526208596849,breakout_age,91.1,74.20844706301428,-2.0752370074789184,observed,observed,22.0,388.6,1,1,backtest
Sterling Shepard,WR,Oklahoma,2016,40,2,78.76865523265029,50.2747851906351,breakout_age,76.2,72.68458293934971,-6.084072293300579,observed,observed,22.0,194.7,0,0,backtest
Tyler Boyd,WR,Pittsburgh,2016,55,2,73.61036829159038,66.48506860371268,breakout_age,42.699999999999996,67.54875311027628,-6.061615181314096,observed,observed,21.0,222.9,1,0,backtest
Ricardo Louis,WR,Auburn,2016,114,4,57.16316107479519,65.97136772361571,breakout_age,92.30000000000001,64.19532824334003,7.032167168544838,observed,observed,21.0,62.7,0,0,backtest
Leonte Carroo,WR,Rutgers,2016,86,3,64.41603636571921,54.9,breakout_age,69.6,63.29042363771748,-1.1256127280017267,observed,observed,22.0,18.8,0,0,backtest
Braxton Miller,WR,Ohio St.,2016,85,3,64.69048249230454,30.0,breakout_age,85.9,60.93381361999795,-3.756668872306591,observed,observed,23.0,41.3,0,0,backtest
Chris Moore,WR,Cincinnati,2016,107,4,58.906016650653214,45.682911910148796,breakout_age,79.6,59.36549320495435,0.45947655430113343,observed,observed,22.0,115.1,0,0,backtest
Malcolm Mitchell,WR,Georgia,2016,112,4,57.65686444404836,37.91651822823893,breakout_age,80.8,57.18026553427922,-0.47659890976913744,observed,observed,23.0,110.6,0,0,backtest
Pharoh Cooper,WR,South Carolina,2016,117,4,56.42873272246869,84.9,breakout_age,20.6,56.74867626960466,0.3199435471359706,observed,observed,20.0,55.5,0,0,backtest
Demarcus Robinson,WR,Florida,2016,126,4,54.26721625603232,60.0,breakout_age,58.6,56.06369056642101,1.7964743103886889,observed,observed,21.0,137.2,0,0,backtest
Tyreek Hill,WR,West Alabama,2016,165,5,45.50798876586117,60.0,breakout_age,93.9,55.665192697809765,10.157203931948594,observed,observed,21.0,393.6,1,1,backtest
Tajae Sharpe,WR,Massachusetts,2016,140,5,51.018045072501344,67.61596548004314,breakout_age,53.0,54.6349223931345,3.616877320633158,observed,observed,21.0,105.3,0,0,backtest
Trevor Davis,WR,California,2016,163,5,45.936531045873316,45.0,breakout_age,91.4,52.56874517981766,6.632214133944345,observed,observed,22.0,30.4,0,0,backtest
Jordan Payton,WR,UCLA,2016,154,5,47.89026274987726,49.18855871375251,breakout_age,68.4,51.22638253017072,3.3361197802934583,observed,observed,22.0,1.3,0,0,backtest
Mike Thomas,WR,Southern Miss,2016,206,6,37.115674968761425,66.28357885615252,breakout_age,76.6,48.871904500925424,11.756229532164,observed,observed,21.0,30.3,0,0,backtest
Cody Core,WR,Mississippi,2016,199,6,38.500104329470645,60.0,breakout_age,73.8,48.09506781415592,9.594963484685273,observed,observed,21.0,37.0,0,0,backtest
Moritz Boehringer,WR,,2016,180,6,42.354537423956494,25.0,breakout_age,99.80000000000001,47.50044932557172,5.145911901615229,observed,observed,,0.0,0,0,backtest
Kolby Listenbee,WR,TCU,2016,192,6,39.903167965411214,45.0,breakout_age,79.1,46.80205917751729,6.898891212106079,observed,observed,22.0,0.0,0,0,backtest
Rashard Higgins,WR,Colorado St.,2016,172,5,44.02338900352743,67.28780213603147,breakout_age,16.5,44.54776327949913,0.5243742759717023,observed,observed,21.0,139.5,0,0,backtest
Jakeem Grant,WR,Texas Tech,2016,186,6,41.12133897642805,32.69246013597976,breakout_age,63.9,42.852362361874185,1.7310233854461359,observed,observed,23.0,81.3,0,0,backtest
Devin Fuller,WR,UCLA,2016,238,7,31.00152182589578,45.0,breakout_age,83.4,41.66098918683225,10.659467360936475,observed,observed,22.0,0.0,0,0,backtest
Devin Lucien,WR,Arizona St.,2016,225,7,33.445215911948296,48.57430752079581,breakout_age,66.8,41.474251846925554,8.029035934977259,observed,observed,22.0,0.0,0,0,backtest
Aaron Burbridge,WR,Michigan St.,2016,213,6,35.74901134195683,51.32210805358106,breakout_age,27.799999999999997,37.671278982988156,1.9222676410313255,observed,observed,22.0,15.8,0,0,backtest
Daniel Braverman,WR,Western Michigan,2016,230,7,32.499143045455526,54.9,breakout_age,25.6,35.944442979546096,3.4452999340905706,observed,observed,22.0,0.0,0,0,backtest
Demarcus Ayers,WR,Houston,2016,229,7,32.687727412828664,65.60449185557037,breakout_age,8.9,35.70292118945271,3.015193776624045,observed,observed,21.0,0.0,0,0,backtest
Kenny Lawler,WR,California,2016,243,7,30.075218322602993,62.66991655014334,breakout_age,20.9,35.21787521972061,5.142656897117618,observed,observed,21.0,0.0,0,0,backtest
Charone Peake,WR,Clemson,2016,241,7,30.444862386220947,30.0,breakout_age,57.599999999999994,34.429160551043616,3.9842981648226683,observed,observed,23.0,37.6,0,0,backtest
John Ross,WR,Washington,2017,9,1,93.02779892479941,66.97796583294672,breakout_age,95.0,88.11366246770896,-4.91413645709045,observed,observed,21.0,95.0,0,0,backtest
Corey Davis,WR,Western Michigan,2017,5,1,95.89012507645334,54.9,breakout_age,68.9,83.64358129969469,-12.246543776758656,observed,imputed,22.0,191.4,0,0,backtest
Mike Williams,WR,Clemson,2017,7,1,94.38004324460745,47.90388411969566,breakout_age,72.4,81.78780493293398,-12.59223831167347,observed,observed,22.0,246.6,1,0,backtest
Zay Jones,WR,East Carolina,2017,37,2,79.88373711084623,68.5164697733482,breakout_age,97.10000000000001,80.19272307671969,0.30898596587346105,observed,observed,21.0,232.8,1,0,backtest
Curtis Samuel,WR,Ohio St.,2017,40,2,78.76865523265029,79.50674909412774,breakout_age,74.5,78.27597572004824,-0.4926795126020522,observed,observed,20.0,212.1,0,0,backtest
Chris Godwin,WR,Penn St.,2017,84,3,64.96615833500175,81.20878601794993,breakout_age,96.6,72.95976012134112,7.993601786339369,observed,observed,20.0,276.1,1,1,backtest
JuJu Smith-Schuster,WR,USC,2017,62,2,71.3905481598709,78.93534566370636,breakout_age,68.9,72.52592543665736,1.135377276786457,observed,imputed,20.0,296.90000000000003,1,1,backtest
Taywan Taylor,WR,Western Kentucky,2017,72,3,68.37819198708551,69.28801094319432,breakout_age,87.0,71.35342698024445,2.975234993158935,observed,observed,21.0,87.6,0,0,backtest
Carlos Henderson,WR,Louisiana Tech,2017,82,3,65.52128074753156,68.59025057030918,breakout_age,57.5,64.93188259995736,-0.589398147574201,observed,observed,21.0,0.0,0,0,backtest
Josh Reynolds,WR,Texas A&M,2017,117,4,56.42873272246869,69.83087126921917,breakout_age,91.0,64.29485052344849,7.866117800979801,observed,observed,21.0,156.0,0,0,backtest
Amara Darboh,WR,Michigan,2017,106,3,59.158487311545166,51.56930333817127,breakout_age,96.0,63.16687742013861,4.008390108593446,observed,observed,22.0,15.1,0,0,backtest
Chad Williams,WR,Grambling St.,2017,98,3,61.21193317920564,45.0,breakout_age,90.1,62.302756566483666,1.0908233872780286,observed,observed,22.0,41.0,0,0,backtest
Josh Malone,WR,Tennessee,2017,128,4,53.79494679154125,82.66013824884793,breakout_age,70.3,62.043743064271396,8.248796272730146,observed,observed,20.0,18.5,0,0,backtest
Kenny Golladay,WR,Northern Illinois,2017,96,3,61.73512832043268,39.9,breakout_age,89.39999999999999,61.517833408281234,-0.21729491215144492,observed,observed,23.0,248.0,1,1,backtest
Cooper Kupp,WR,Eastern Washington,2017,69,3,69.2641833889955,39.9,breakout_age,50.0,60.501719202847084,-8.76246418614842,observed,observed,23.0,554.8,1,1,backtest
ArDarius Stewart,WR,Alabama,2017,79,3,66.36371289664757,34.540754109555635,breakout_age,68.9,60.37956420473205,-5.984148691915522,observed,imputed,23.0,16.900000000000002,0,0,backtest
Chad Hansen,WR,California,2017,141,4,50.79080422061093,51.05379651860744,breakout_age,73.89999999999999,54.309782047118595,3.5189778265076654,observed,observed,22.0,46.6,0,0,backtest
Dede Westbrook,WR,Oklahoma,2017,110,4,58.15392954892286,39.079955542832124,breakout_age,48.4,52.87604531536629,-5.27788423355657,observed,observed,23.0,175.5,0,0,backtest
Mack Hollins,WR,North Carolina,2017,118,4,56.18551835350469,30.0,breakout_age,68.9,52.85558692977805,-3.3299314237266415,observed,imputed,23.0,154.0,0,0,backtest
Isaiah McKenzie,WR,Georgia,2017,172,5,44.02338900352743,67.22974652087476,breakout_age,68.9,52.396152156467785,8.372763152940358,observed,imputed,21.0,122.8,0,0,backtest
DeAngelo Yancey,WR,Purdue,2017,175,5,43.39418247364378,51.71799943486861,breakout_age,90.8,52.169818494842175,8.775636021198395,observed,observed,22.0,0.0,0,0,backtest
Robert Davis,WR,Georgia St.,2017,209,6,36.527834756947215,65.54245048273117,breakout_age,97.89999999999999,51.53658268856192,15.008747931614707,observed,observed,21.0,3.7,0,0,backtest
Jehu Chesson,WR,Michigan,2017,139,4,51.245903565087225,30.0,breakout_age,79.4,51.2198373173067,-0.026066247780526908,observed,observed,23.0,3.8,0,0,backtest
Ryan Switzer,WR,North Carolina,2017,133,4,52.626376413965254,47.29467331409079,breakout_age,48.3,50.91107933189557,-1.7152970820696822,observed,observed,22.0,69.4,0,0,backtest
Shelton Gibson,WR,West Virginia,2017,166,5,45.29445820618241,64.80418325318117,breakout_age,39.8,48.372234484654804,3.077776278472392,observed,observed,21.0,5.800000000000001,0,0,backtest
Rodney Adams,WR,South Florida,2017,170,5,44.44517844407706,46.434265391219036,breakout_age,60.199999999999996,47.206219066893894,2.761040622816836,observed,observed,22.0,0.0,0,0,backtest
Trent Taylor,WR,Louisiana Tech,2017,177,5,42.97698723959096,50.837565888425125,breakout_age,40.0,44.10255488341915,1.125567643828191,observed,observed,22.0,98.0,0,0,backtest
David Moore,WR,East Central (OK),2017,226,7,33.25536729822588,45.0,breakout_age,89.9,44.10098874384682,10.845621445620942,observed,observed,22.0,120.3,0,0,backtest
Isaiah Ford,WR,Virginia Tech,2017,237,7,31.187666633411297,78.10560864438696,breakout_age,50.5,43.468105040594736,12.28043840718344,observed,observed,20.0,55.6,0,0,backtest
Malachi Dupre,WR,LSU,2017,247,7,29.339380105472458,62.74934239368698,breakout_age,72.0,42.42046554729449,13.081085441822033,observed,observed,21.0,0.0,0,0,backtest
Noah Brown,WR,Ohio St.,2017,239,7,30.815673988275364,60.344577213509254,breakout_age,68.8,42.41910353508084,11.60342954680548,observed,observed,21.0,122.4,0,0,backtest
Stacy Coley,WR,Miami (FL),2017,219,7,34.591116608286086,48.62233445566779,breakout_age,44.6,38.89869268651951,4.307576078233424,observed,observed,22.0,0.0,0,0,backtest
D.J. Moore,WR,Maryland,2018,24,1,85.18360526375135,84.9,breakout_age,96.5,86.82434342143837,1.640738157687025,observed,observed,20.0,238.1,1,0,backtest
Courtland Sutton,WR,SMU,2018,40,2,78.76865523265029,50.66664175479242,breakout_age,98.10000000000001,76.04795425218117,-2.7207009804691182,observed,observed,22.0,247.6,1,0,backtest
Christian Kirk,WR,Texas A&M,2018,47,2,76.2836840704932,68.39823526137059,breakout_age,62.300000000000004,72.6090416980947,-3.6746423723984947,observed,observed,21.0,285.7,1,1,backtest
Dante Pettis,WR,Washington,2018,44,2,77.33014043640625,50.81413617347778,breakout_age,68.9,70.76241851835962,-6.5677219180466295,observed,imputed,22.0,103.5,0,0,backtest
Anthony Miller,WR,Memphis,2018,51,2,74.92708446694223,39.9,breakout_age,92.69999999999999,70.58760490351246,-4.3394795634297765,observed,observed,23.0,127.5,0,0,backtest
DJ Chark,WR,LSU,2018,61,2,71.70160008687043,62.672634271099746,breakout_age,68.9,69.47556691068573,-2.2260331761847,observed,imputed,21.0,115.5,0,0,backtest
Calvin Ridley,WR,Alabama,2018,26,1,84.3076609651975,33.39153829921924,breakout_age,51.2,69.15828728722224,-15.149373677975262,observed,observed,23.0,281.5,1,1,backtest
James Washington,WR,Oklahoma St.,2018,60,2,72.01459586635139,66.43845862070808,breakout_age,55.5,68.42217903727001,-3.5924168290813725,observed,observed,21.0,133.5,0,0,backtest
Michael Gallup,WR,Colorado St.,2018,81,3,65.80076958583709,65.33298236377995,breakout_age,58.7,64.6420967035501,-1.158672882286993,observed,observed,21.0,212.7,0,0,backtest
Antonio Callaway,WR,Florida,2018,105,4,59.41186469623246,75.59269162210339,breakout_age,62.0,63.03625037697178,3.6243856807393158,observed,observed,20.0,132.3,0,0,backtest
Tre'Quan Smith,WR,Central Florida,2018,91,3,63.061580711070775,50.34025040575006,breakout_age,68.5,61.333077543346015,-1.7285031677247602,observed,observed,22.0,126.6,0,0,backtest
Keke Coutee,WR,Texas Tech,2018,103,4,59.92138766628686,65.37821906079168,breakout_age,56.4,60.48454579524479,0.5631581289579302,observed,observed,21.0,90.7,0,0,backtest
DaeSean Hamilton,WR,Penn St.,2018,113,4,57.409597693011136,47.71126060445387,breakout_age,80.9,58.99349062134801,1.5838929283368728,observed,observed,22.0,66.3,0,0,backtest
Justin Watson,WR,Pennsylvania,2018,144,5,50.1127276424061,60.0,breakout_age,96.1,58.988272967563965,8.875545325157866,observed,observed,21.0,104.0,0,0,backtest
J'Mon Moore,WR,Missouri,2018,133,4,52.626376413965254,47.424091362276805,breakout_age,84.3,56.336962941532775,3.7105865275675214,observed,observed,22.0,3.5,0,0,backtest
Jaleel Scott,WR,New Mexico St.,2018,132,4,52.85873645151093,48.80818337187092,breakout_age,76.0,55.51981536785629,2.6610789163453603,observed,observed,22.0,2.6,0,0,backtest
Damion Ratley,WR,Texas A&M,2018,175,6,43.39418247364378,47.130490452597,breakout_age,90.19999999999999,51.162316698387855,7.768134224744074,observed,observed,22.0,38.0,0,0,backtest
Equanimeous St. Brown,WR,Notre Dame,2018,207,6,36.919368987448195,60.53287494628277,breakout_age,98.5,50.87916483109788,13.959795843649687,observed,observed,21.0,62.7,0,0,backtest
Jordan Lasley,WR,UCLA,2018,162,5,46.15155112223164,64.37678494865888,breakout_age,44.699999999999996,49.57886521918234,3.4273140969507025,observed,observed,21.0,0.0,0,0,backtest
Deon Cain,WR,Clemson,2018,185,6,41.325810352464025,64.38919516851327,breakout_age,64.7,49.44461576280427,8.118805410340244,observed,observed,21.0,21.4,0,0,backtest
Marquez Valdes-Scantling,WR,South Florida,2018,174,5,43.60345922205765,33.35687981252092,breakout_age,92.6,48.90362445684166,5.300165234784011,observed,observed,23.0,166.1,0,0,backtest
Daurice Fountain,WR,Northern Iowa,2018,159,5,46.79965853300224,25.0,breakout_age,79.80000000000001,47.389778046451454,0.590119513449217,observed,observed,,4.300000000000001,0,0,backtest
Dylan Cantrell,WR,Texas Tech,2018,191,6,40.10518084262188,30.0,breakout_age,98.6,46.85836754770422,6.753186705082342,observed,observed,23.0,0.0,0,0,backtest
Tremon Smith,WR,Central Arkansas,2018,196,6,39.0990823378889,45.0,breakout_age,68.9,44.74940351962778,5.650321181738882,observed,imputed,22.0,0.0,0,0,backtest
Cedrick Wilson Jr.,WR,Boise St.,2018,208,6,36.72342304569737,52.00408987259681,breakout_age,68.9,44.60604295422266,7.882619908525285,observed,imputed,22.0,76.3,0,0,backtest
Ray-Ray McCloud,WR,Clemson,2018,187,6,40.917284913571535,60.0,breakout_age,37.1,44.1612351938215,3.243950280249962,observed,observed,21.0,142.5,0,0,backtest
Russell Gage,WR,LSU,2018,194,6,39.500337629514114,29.21105304125431,breakout_age,80.0,43.517430067435036,4.0170924379209225,observed,observed,,175.5,0,0,backtest
Braxton Berrios,WR,Miami (FL),2018,210,6,36.332601761788666,48.98145429633979,breakout_age,56.8,41.9324820044306,5.59988024264193,observed,observed,22.0,115.1,0,0,backtest
Trey Quinn,WR,SMU,2018,256,7,27.70010003873648,52.368371884458725,breakout_age,70.1,38.99373940207046,11.29363936333398,observed,observed,22.0,51.8,0,0,backtest
Richie James,WR,Middle Tenn. St.,2018,240,7,30.630121407180937,45.0,breakout_age,59.900000000000006,37.89457891466761,7.264457507486675,observed,observed,22.0,157.70000000000002,0,0,backtest
Auden Tate,WR,Florida St.,2018,253,7,28.244056507249695,82.27520486830562,breakout_age,18.2,37.543677703373426,9.29962119612373,observed,observed,20.0,101.5,0,0,backtest
Javon Wims,WR,Georgia,2018,224,7,33.6353854310527,34.11413180047745,breakout_age,54.400000000000006,36.845826890279746,3.2104414592270487,observed,observed,23.0,42.6,0,0,backtest
Marcell Ateman,WR,Oklahoma St.,2018,228,7,32.876624975929246,31.117996826634897,breakout_age,51.8,35.36340559968099,2.4867806237517414,observed,observed,23.0,36.4,0,0,backtest
Austin Proehl,WR,North Carolina,2018,255,7,27.881148372763306,45.0,breakout_age,36.2,32.552746442296154,4.671598069532848,observed,observed,22.0,0.0,0,0,backtest
Marquise Brown,WR,Oklahoma,2019,25,1,84.74230353324101,93.09894132830135,breakout_age,68.9,84.03728556226693,-0.7050179709740831,observed,imputed,19.0,226.3,1,0,backtest
Deebo Samuel,WR,South Carolina,2019,36,2,80.26299861749231,94.79628164556962,breakout_age,79.1,82.99520543048392,2.732206812991606,observed,observed,19.0,385.1,1,1,backtest
A.J. Brown,WR,Mississippi,2019,51,2,74.92708446694223,94.88750054138333,breakout_age,85.9,80.56510501178913,5.638020544846896,observed,observed,19.0,333.2,1,1,backtest
N'Keal Harry,WR,Arizona St.,2019,32,1,81.82194951930317,69.9,breakout_age,84.39999999999999,79.82426718754706,-1.9976823317561099,observed,observed,21.0,30.4,0,0,backtest
Parris Campbell,WR,Ohio St.,2019,59,2,72.3295803529313,90.38568588469185,breakout_age,97.6,79.73136440634373,7.4017840534124275,observed,observed,19.0,149.1,0,0,backtest
Jalen Hurd,WR,Baylor,2019,67,3,69.86299160356411,90.78062459554683,breakout_age,82.10000000000001,75.88206946142604,6.01907785786193,observed,observed,19.0,0.0,0,0,backtest
JJ Arcega-Whiteside,WR,Stanford,2019,57,2,72.96570404937304,69.39084667747792,breakout_age,68.9,71.64087696758807,-1.3248270817849743,observed,imputed,21.0,0.0,0,0,backtest
Andy Isabella,WR,Massachusetts,2019,62,2,71.3905481598709,69.9,breakout_age,72.6,71.27385630391609,-0.11669185595481224,observed,observed,21.0,54.8,0,0,backtest
Diontae Johnson,WR,Toledo,2019,66,3,70.1649400864357,92.64066174000672,breakout_age,41.8,70.40534340418455,0.24040331774884294,observed,observed,19.0,288.8,1,1,backtest
Mecole Hardman,WR,Georgia,2019,56,2,73.28694247866397,45.0,breakout_age,83.0,69.08651261113158,-4.200429867532392,observed,observed,22.0,178.5,0,0,backtest
Terry McLaurin,WR,Ohio St.,2019,76,3,67.21839332711826,45.0,breakout_age,95.60000000000001,67.03195566262687,-0.1864376644913932,observed,observed,22.0,322.5,1,1,backtest
Miles Boykin,WR,Notre Dame,2019,93,3,62.52775678229379,50.226508974392374,breakout_age,99.39999999999999,65.59834370336944,3.0705869210756447,observed,observed,22.0,74.6,0,0,backtest
D.K. Metcalf,WR,Mississippi,2019,64,2,70.7741049369252,45.0,breakout_age,68.9,65.33816820900138,-5.435936727923817,observed,imputed,22.0,0.0,0,0,backtest
Gary Jennings Jr,WR,West Virginia,2019,120,4,55.70142651358927,93.93535052705725,breakout_age,68.9,65.32799733924448,9.626570825655207,observed,imputed,19.0,0.0,0,0,backtest
Hakeem Butler,WR,Iowa St.,2019,103,4,59.92138766628686,54.9,breakout_age,94.7,64.13390198308646,4.212514316799599,observed,observed,22.0,0.0,0,0,backtest
Riley Ridley,WR,Georgia,2019,126,4,54.26721625603232,91.12001672706998,breakout_age,45.300000000000004,60.29269391183501,6.025477655802689,observed,observed,19.0,13.5,0,0,backtest
Travis Fulgham,WR,Old Dominion,2019,184,6,41.53070215783976,98.29195154132182,breakout_age,80.1,58.66834671086021,17.13764455302045,observed,observed,19.0,115.9,0,0,backtest
Scott Miller,WR,Bowling Green,2019,208,6,36.72342304569737,97.57751273510972,breakout_age,77.6,55.02572752672524,18.302304481027868,observed,observed,19.0,121.0,0,0,backtest
Hunter Renfrow,WR,Clemson,2019,149,5,48.99440866994782,90.0,breakout_age,29.1,54.21136563546609,5.216956965518264,observed,observed,19.0,272.9,1,1,backtest
Marcus Green,WR,La-Monroe,2019,203,6,37.70677743241549,90.0,breakout_age,72.2,53.33940533107007,15.632627898654576,observed,observed,19.0,0.0,0,0,backtest
KeeSean Johnson,WR,Fresno St.,2019,174,6,43.60345922205765,96.55708673438231,breakout_age,31.8,52.42366584121393,8.82020661915628,observed,observed,19.0,46.0,0,0,backtest
Dillon Mitchell,WR,Oregon,2019,239,7,30.815673988275364,97.74522726306391,breakout_age,79.6,51.51923354499177,20.703559556716407,observed,observed,19.0,0.0,0,0,backtest
Darius Slayton,WR,Auburn,2019,171,5,44.2340493948423,46.6730093676815,breakout_age,89.1,51.45173398018379,7.2176845853414875,observed,observed,22.0,170.0,0,0,backtest
Olabisi Johnson,WR,Colorado St.,2019,247,7,29.339380105472458,90.0,breakout_age,68.9,47.4055970685571,18.066216963084642,observed,imputed,19.0,82.7,0,0,backtest
Juwann Winfree,WR,Colorado,2019,187,6,40.917284913571535,45.0,breakout_age,71.39999999999999,46.3062351938215,5.388950280249965,observed,observed,22.0,11.8,0,0,backtest
Terry Godwin,WR,Georgia,2019,237,7,31.187666633411297,90.0,breakout_age,52.599999999999994,46.16198331171734,14.974316678306046,observed,observed,19.0,6.5,0,0,backtest
Kelvin Harmon,WR,North Carolina St.,2019,206,6,37.115674968761425,64.44713478611784,breakout_age,48.8,44.3346156869185,7.2189407181570715,observed,observed,21.0,66.5,0,0,backtest
John Ursua,WR,Hawaii,2019,236,7,31.374110141410995,52.03137714677288,breakout_age,64.4,40.45944702127173,9.085336879860733,observed,observed,22.0,2.1,0,0,backtest
Henry Ruggs III,WR,Alabama,2020,12,1,91.19779246495472,75.0,breakout_age,95.39999999999999,88.58856510222057,-2.6092273627341456,observed,observed,20.0,0.0,0,0,backtest
CeeDee Lamb,WR,Oklahoma,2020,17,1,88.49760662357517,97.68932116554595,breakout_age,74.4,88.22130853843305,-0.2762980851421162,observed,observed,19.0,425.7000000000001,1,1,backtest
Justin Jefferson,WR,LSU,2020,22,1,86.0877712199221,78.768151437964,breakout_age,96.89999999999999,86.24568158054217,0.1579103606200647,observed,observed,20.0,379.0,1,1,backtest
Jerry Jeudy,WR,Alabama,2020,15,1,89.53565074279604,76.63721726047129,breakout_age,67.6,83.66561643491168,-5.870034307884353,observed,observed,20.0,240.9,1,0,backtest
Denzel Mims,WR,Baylor,2020,59,2,72.3295803529313,99.64085690282835,breakout_age,97.69999999999999,81.59739860997102,9.267818257039721,observed,observed,19.0,60.7,0,0,backtest
Brandon Aiyuk,WR,Arizona St.,2020,25,1,84.74230353324101,68.73555604622065,breakout_age,84.7,81.53460850585078,-3.20769502739023,observed,observed,21.0,279.1,1,1,backtest
Jalen Reagor,WR,TCU,2020,21,1,86.55153502322084,79.58333333333333,breakout_age,60.300000000000004,81.22016443176021,-5.331370591460626,observed,observed,20.0,81.2,0,0,backtest
Michael Pittman Jr.,WR,USC,2020,34,2,81.03375665926983,80.15954835542465,breakout_age,82.69999999999999,81.10885149961032,0.07509484034049763,observed,observed,20.0,0.0,0,0,backtest
Chase Claypool,WR,Notre Dame,2020,49,2,75.60012235068056,66.69256962881124,breakout_age,99.80000000000001,77.44859345370462,1.8484711030240533,observed,observed,21.0,237.8,1,0,backtest
Laviska Shenault Jr.,WR,Colorado,2020,42,2,78.04288751567582,77.23855065702512,breakout_age,69.7,76.6305870165943,-1.4123004990815105,observed,observed,20.0,157.1,0,0,backtest
KJ Hamler,WR,Penn St.,2020,46,2,76.62960369267617,80.85540493569691,breakout_age,68.9,76.3153233873789,-0.3142803052972738,observed,imputed,20.0,0.0,0,0,backtest
Tee Higgins,WR,Clemson,2020,33,2,81.42558366090017,79.87066473988439,breakout_age,41.2,75.080762327562,-6.344821333338174,observed,observed,20.0,280.0,1,1,backtest
Bryan Edwards,WR,South Carolina,2020,81,3,65.80076958583709,99.9,breakout_age,68.9,73.08550023079411,7.284730644957023,observed,imputed,19.0,116.2,0,0,backtest
Lynn Bowden Jr.,WR,Kentucky,2020,80,3,66.0815727265999,75.0,breakout_age,68.9,68.28802227228994,2.2064495456900346,observed,imputed,20.0,0.0,0,0,backtest
Devin Duvernay,WR,Texas,2020,92,3,62.79411750331776,66.2442252725339,breakout_age,78.60000000000001,65.85502143166333,3.0609039283455743,observed,observed,21.0,110.1,0,0,backtest
Van Jefferson,WR,Florida,2020,57,2,72.96570404937304,32.492443617763314,breakout_age,68.9,64.26119635564514,-8.704507693727905,observed,imputed,,188.9,0,0,backtest
Gabriel Davis,WR,Central Florida,2020,128,4,53.79494679154125,84.03465346534654,breakout_age,68.5,62.04864610757112,8.253699316029874,observed,observed,20.0,0.0,0,0,backtest
Tyler Johnson,WR,Minnesota,2020,161,5,46.36707616249658,99.9,breakout_age,68.9,60.45359950562278,14.086523343126203,observed,imputed,19.0,81.5,0,0,backtest
Antonio Gandy-Golden,WR,Liberty,2020,142,4,50.56417497245892,82.97475022874518,breakout_age,61.3,58.656663777847335,8.092488805388413,observed,observed,20.0,3.5,0,0,backtest
Joe Reed,WR,Virginia,2020,151,5,48.551086004790726,62.137777829335064,breakout_age,93.5,58.01076146898098,9.459675464190255,observed,observed,21.0,8.9,0,0,backtest
Collin Johnson,WR,Texas,2020,165,5,45.50798876586117,90.0,breakout_age,68.9,57.915192697809765,12.407203931948594,observed,imputed,19.0,59.2,0,0,backtest
Darnell Mooney,WR,Tulane,2020,173,5,43.81319351407827,93.23254945875327,breakout_age,70.4,57.68508567590153,13.871892161823261,observed,observed,19.0,219.7,0,0,backtest
Donovan Peoples-Jones,WR,Michigan,2020,187,6,40.917284913571535,75.0,breakout_age,96.30000000000001,56.0412351938215,15.123950280249964,observed,observed,20.0,161.1,0,0,backtest
John Hightower,WR,Boise St.,2020,168,5,44.86885780479906,62.8858377940555,breakout_age,80.19999999999999,53.77192513193049,8.903067327131424,observed,observed,21.0,28.8,0,0,backtest
Isaiah Hodgins,WR,Oregon St.,2020,207,6,36.919368987448195,84.9,breakout_age,75.6,52.317589841841325,15.39822085439313,observed,observed,20.0,126.0,0,0,backtest
Dezmon Patmon,WR,Washington St.,2020,212,6,35.94319234776309,75.0,breakout_age,84.60000000000001,51.053075026046,15.109882678282915,observed,observed,20.0,10.1,0,0,backtest
Quez Watkins,WR,Southern Miss,2020,200,6,38.301208870560295,75.0,breakout_age,74.0,50.99578576586419,12.694576895303896,observed,observed,20.0,121.5,0,0,backtest
Tyrie Cleveland,WR,Florida,2020,252,7,28.42591925759298,90.0,breakout_age,96.5,50.95184751743544,22.52592825984246,observed,observed,19.0,12.3,0,0,backtest
James Proche,WR,SMU,2020,201,6,38.10269095611306,98.3362369337979,breakout_age,40.4,50.493996508233074,12.391305552120016,observed,observed,19.0,36.2,0,0,backtest
Quintez Cephus,WR,Wisconsin,2020,166,5,45.29445820618241,67.76112300737569,breakout_age,45.0,49.743622435493705,4.449164229311293,observed,observed,21.0,66.9,0,0,backtest
K.J. Osborn,WR,Miami (FL),2020,176,5,43.185359664653696,32.70322344573657,breakout_age,80.0,46.61112847117222,3.4257688065185263,observed,observed,,165.6,0,0,backtest
Isaiah Coulter,WR,Rhode Island,2020,171,5,44.2340493948423,25.0,breakout_age,66.8,43.77213210664749,-0.4619172881948117,observed,observed,,0.0,0,0,backtest
K.J. Hill,WR,Ohio St.,2020,220,7,34.399312454218645,75.0,breakout_age,38.9,43.19455309524212,8.795240641023476,observed,observed,20.0,14.3,0,0,backtest
Freddie Swain,WR,Florida,2020,214,6,35.55517645503487,32.217313802991555,breakout_age,82.89999999999999,41.98932745637097,6.4341510013361045,observed,observed,,86.5,0,0,backtest
Jauan Jennings,WR,Tennessee,2020,217,7,34.97572633033664,68.94361947258696,breakout_age,27.0,40.572946009236205,5.597219678899563,observed,observed,21.0,210.5,0,0,backtest
Ja'Marr Chase,WR,LSU,2021,5,1,95.89012507645334,80.58383950536651,breakout_age,98.2,93.17534920076798,-2.714775875685362,observed,observed,20.0,403.0,1,1,backtest
Jaylen Waddle,WR,Alabama,2021,6,1,95.11104923064929,90.0,breakout_age,68.9,90.15718199992205,-4.953867230727241,observed,imputed,19.0,267.40000000000003,1,1,backtest
DeVonta Smith,WR,Alabama,2021,10,1,92.39513479671196,84.9,breakout_age,68.9,87.37183761786278,-5.023297178849177,observed,imputed,20.0,295.3,1,1,backtest
Rashod Bateman,WR,Minnesota,2021,27,1,83.87932650686992,95.60770649723304,breakout_age,80.39999999999999,85.70310352891205,1.8237770220421368,observed,observed,19.0,201.6,0,0,backtest
Kadarius Toney,WR,Florida,2021,20,1,87.02377097693456,60.84970666768751,breakout_age,89.9,82.22039246854497,-4.803378508389585,observed,observed,21.0,81.6,0,0,backtest
Elijah Moore,WR,Mississippi,2021,34,2,81.03375665926983,80.31159420289855,breakout_age,86.89999999999999,81.7692606691051,0.7355040098352674,observed,observed,20.0,138.2,0,0,backtest
Rondale Moore,WR,Purdue,2021,49,2,75.60012235068056,90.0,breakout_age,93.3,81.13507952794237,5.534957177261802,observed,observed,19.0,119.3,0,0,backtest
D'Wayne Eskridge,WR,Western Michigan,2021,56,2,73.28694247866397,99.9,breakout_age,67.1,77.68151261113158,4.3945701324676065,observed,observed,18.0,28.3,0,0,backtest
Nico Collins,WR,Michigan,2021,89,3,63.59988204942709,92.58877644894204,breakout_age,95.7,74.21267862191603,10.61279657248894,observed,observed,19.0,294.2,1,1,backtest
Josh Palmer,WR,Tennessee,2021,77,3,66.9320986936365,92.94402959034126,breakout_age,75.9,73.47967006893198,6.547571375295476,observed,observed,19.0,174.4,0,0,backtest
Tutu Atwell,WR,Louisville,2021,57,2,72.96570404937304,79.57370480805069,breakout_age,62.5,72.71744859370261,-0.2482554556704315,observed,observed,20.0,121.2,0,0,backtest
Dyami Brown,WR,North Carolina,2021,82,3,65.52128074753156,78.98148231139474,breakout_age,83.80000000000001,70.95512894817448,5.433848200642913,observed,observed,20.0,108.3,0,0,backtest
Terrace Marshall Jr.,WR,LSU,2021,59,2,72.3295803529313,66.38303950375449,breakout_age,68.9,70.62583513015625,-1.703745222775055,observed,imputed,21.0,32.900000000000006,0,0,backtest
Amon-Ra St. Brown,WR,USC,2021,112,4,57.65686444404836,96.53106963035736,breakout_age,71.3,67.47817581470291,9.821311370654549,observed,observed,19.0,386.5,1,1,backtest
Anthony Schwartz,WR,Auburn,2021,91,3,63.061580711070775,62.97719768881552,breakout_age,68.89999999999999,63.92046699995911,0.8588862888883355,observed,observed,21.0,33.4,0,0,backtest
Dez Fitzpatrick,WR,Louisville,2021,109,4,58.40374906189059,76.51183376816996,breakout_age,68.9,63.59980364386288,5.196054581972284,observed,imputed,20.0,15.9,0,0,backtest
Jaelon Darden,WR,North Texas,2021,129,4,53.55986428245593,84.9,breakout_age,71.39999999999999,62.50391178359636,8.944047501140425,observed,observed,20.0,11.4,0,0,backtest
Amari Rodgers,WR,Clemson,2021,85,3,64.69048249230454,61.74272226593234,breakout_age,53.5,62.42235807318442,-2.26812441912012,observed,observed,21.0,43.1,0,0,backtest
Tylan Wallace,WR,Oklahoma St.,2021,131,4,53.091766375709646,82.05006337135615,breakout_age,47.1,57.984660818482496,4.89289444277285,observed,observed,20.0,43.1,0,0,backtest
Ihmir Smith-Marsette,WR,Iowa,2021,157,5,47.23431360755732,81.56651908075058,breakout_age,68.1,57.23060766106237,9.996294053505054,observed,observed,20.0,28.6,0,0,backtest
Simi Fehoko,WR,Stanford,2021,179,5,42.56157955714502,69.17315014070519,breakout_age,91.8,55.2696567402853,12.708077183140276,observed,observed,21.0,16.6,0,0,backtest
Jacob Harris,WR,Central Florida,2021,141,4,50.79080422061093,30.07703777335984,breakout_age,98.80000000000001,53.84943029806907,3.0586260774581433,observed,observed,23.0,1.6,0,0,backtest
Kawaan Baker,WR,South Alabama,2021,255,7,27.881148372763306,97.14495952906549,breakout_age,90.8,51.17173834810925,23.290589975345945,observed,observed,19.0,0.0,0,0,backtest
Cornell Powell,WR,Clemson,2021,181,5,42.147931921338625,60.91775813393808,breakout_age,75.7,50.93470737565772,8.786775454319098,observed,observed,21.0,0.0,0,0,backtest
Marquez Stevenson,WR,Houston,2021,203,6,37.70677743241549,90.27673251803073,breakout_age,53.7,50.619751834676215,12.912974402260723,observed,observed,19.0,0.0,0,0,backtest
Seth Williams,WR,Auburn,2021,219,6,34.591116608286086,81.00976750584675,breakout_age,68.60000000000001,48.97617929655531,14.385062688269223,observed,observed,20.0,4.4,0,0,backtest
Shi Smith,WR,South Carolina,2021,204,6,37.50937673477087,69.9,breakout_age,67.8,48.53109487760107,11.021718142830203,observed,observed,21.0,61.6,0,0,backtest
Tre Nixon,WR,Central Florida,2021,242,7,30.25989524574358,75.0,breakout_age,89.7,48.12393190973333,17.86403666398975,observed,observed,20.0,0.0,0,0,backtest
Jalen Camp,WR,Georgia Tech,2021,209,6,36.527834756947215,47.12253193960511,breakout_age,97.5,47.79259897993671,11.264764222989498,observed,observed,22.0,1.7000000000000002,0,0,backtest
Frank Darby,WR,Arizona St.,2021,187,6,40.917284913571535,27.960102960102958,breakout_age,58.9,41.02325578584209,0.10597087227055368,observed,observed,,2.5,0,0,backtest
Dazz Newsome,WR,North Carolina,2021,221,6,34.207839313634366,75.0,breakout_age,21.299999999999997,40.43009555386234,6.222256240227971,observed,observed,20.0,4.3,0,0,backtest
Racey McMath,WR,LSU,2021,205,6,37.312343403797485,20.26648710414626,breakout_age,74.3,39.45132063329762,2.138977229500135,observed,observed,,6.4,0,0,backtest
Ben Skowronek,WR,Notre Dame,2021,249,7,28.97316023447314,47.18556218556218,breakout_age,68.9,38.60466658951998,9.631506355046838,observed,imputed,22.0,84.30000000000001,0,0,backtest
Dax Milne,WR,BYU,2021,258,7,27.338807564968334,63.5217004381161,breakout_age,45.599999999999994,37.31456500485263,9.975757439884298,observed,observed,21.0,15.7,0,0,backtest
Mike Strachan,WR,Charleston (WV),2021,229,7,32.687727412828664,25.0,breakout_age,68.9,36.58202281833863,3.894295405509965,observed,imputed,,8.9,0,0,backtest
Chris Olave,WR,Ohio St.,2022,11,1,91.78610696647006,91.79058088080355,breakout_age,86.4,90.97908570436624,-0.8070212621038166,observed,observed,19.0,231.3,1,0,backtest
Drake London,WR,USC,2022,8,1,93.68781610895526,80.90316573556797,breakout_age,68.9,87.41271361793451,-6.275102491020746,observed,imputed,20.0,280.8,1,1,backtest
Garrett Wilson,WR,Ohio St.,2022,10,1,92.39513479671196,76.86301538245417,breakout_age,77.69999999999999,87.08444069435362,-5.31069410235834,observed,observed,20.0,251.9,1,0,backtest
Treylon Burks,WR,Arkansas,2022,18,1,87.9960967734834,99.9,breakout_age,57.9,85.86246290276422,-2.13363387071918,observed,observed,19.0,88.10000000000001,0,0,backtest
Christian Watson,WR,North Dakota St.,2022,34,2,81.03375665926983,90.0,breakout_age,99.60000000000001,85.61194182852539,4.578185169255562,observed,observed,19.0,164.10000000000002,0,0,backtest
Jahan Dotson,WR,Penn St.,2022,16,1,89.01046080303611,84.9,breakout_age,63.3,84.33179952197348,-4.678661281062631,observed,observed,20.0,130.6,0,0,backtest
Jameson Williams,WR,Alabama,2022,12,1,91.19779246495472,65.55939532820815,breakout_age,68.9,82.72544416786221,-8.472348297092509,observed,imputed,21.0,227.2,1,0,backtest
Alec Pierce,WR,Cincinnati,2022,53,2,74.26400482294514,92.60487612279144,breakout_age,98.3,81.53757835947263,7.273573536527493,observed,observed,19.0,161.4,0,0,backtest
Tyquan Thornton,WR,Baylor,2022,50,2,75.2623245415211,98.75293117598781,breakout_age,85.39999999999999,81.48109718718628,6.218772645665183,observed,observed,19.0,66.3,0,0,backtest
George Pickens,WR,Georgia,2022,52,2,74.59433316596373,90.0,breakout_age,93.5,80.51131655787643,5.916983391912694,observed,observed,19.0,218.3,0,0,backtest
Skyy Moore,WR,Western Michigan,2022,54,2,73.9360365676696,99.9,breakout_age,75.8,79.40842376898524,5.472387201315641,observed,observed,19.0,62.8,0,0,backtest
John Metchie,WR,Alabama,2022,44,2,77.33014043640625,75.0,breakout_age,68.9,75.59959128366407,-1.730549152742185,observed,imputed,20.0,65.7,0,0,backtest
Wan'Dale Robinson,WR,Kentucky,2022,43,2,77.68493914356304,68.66227696329129,breakout_age,73.60000000000001,75.26766583597424,-2.4172733075888004,observed,observed,21.0,182.7,0,0,backtest
Jalen Tolbert,WR,South Alabama,2022,88,3,63.870755038336846,99.9,breakout_age,86.19999999999999,74.42599077491896,10.555235736582112,observed,observed,19.0,152.0,0,0,backtest
Velus Jones Jr.,WR,Tennessee,2022,71,3,68.67193564014815,61.33983461182743,breakout_age,71.0,67.5547250884618,-1.1172105516863553,observed,observed,21.0,0.0,0,0,backtest
Khalil Shakir,WR,Boise St.,2022,148,5,49.21691753018262,97.68028461784458,breakout_age,83.10000000000001,63.99205331818763,14.77513578800501,observed,observed,19.0,217.9,0,0,backtest
David Bell,WR,Purdue,2022,99,3,60.95185845795279,91.24458874458874,breakout_age,39.8,63.83762574658706,2.88576728863427,observed,observed,19.0,62.1,0,0,backtest
Romeo Doubs,WR,Nevada,2022,132,4,52.85873645151093,93.38292944731592,breakout_age,68.9,63.36976458294529,10.511028131434358,observed,imputed,19.0,213.8,0,0,backtest
Calvin Austin III,WR,Memphis,2022,138,4,51.47438583883613,80.70485999356292,breakout_age,90.5,63.174322793956065,11.699936955119938,observed,observed,20.0,60.4,0,0,backtest
Kyle Philips,WR,UCLA,2022,163,5,45.936531045873316,97.67686072218129,breakout_age,83.10000000000001,61.859117324253916,15.9225862783806,observed,observed,19.0,33.1,0,0,backtest
Erik Ezukanma,WR,Texas Tech,2022,125,4,54.50441856810307,75.82618952684743,breakout_age,70.3,61.138109974636485,6.633691406533416,observed,observed,20.0,2.2,0,0,backtest
Danny Gray,WR,SMU,2022,105,3,59.41186469623246,61.263209970106516,breakout_age,67.6,61.01035404657241,1.5984893503399462,observed,observed,21.0,2.9,0,0,backtest
Montrell Washington,WR,Samford,2022,162,5,46.15155112223164,99.9,breakout_age,43.2,56.45850822945057,10.306957107218935,observed,observed,18.0,7.2,0,0,backtest
Bo Melton,WR,Rutgers,2022,229,7,32.687727412828664,95.26469268730372,breakout_age,92.30000000000001,54.144961355799374,21.45723394297071,observed,observed,19.0,56.5,0,0,backtest
Dareke Young,WR,Lenoir-Rhyne,2022,233,7,31.93525043772044,90.0,breakout_age,99.3,53.65291278451828,21.717662346797837,observed,observed,19.0,6.5,0,0,backtest
Jalen Nailor,WR,Michigan St.,2022,191,6,40.10518084262188,75.82390000673809,breakout_age,80.9,53.368147549051834,13.262966706429957,observed,observed,20.0,111.3,0,0,backtest
Samori Toure,WR,Nebraska,2022,258,7,27.338807564968334,65.95077974887171,breakout_age,61.4,40.17038086700376,12.831573302035423,observed,observed,21.0,19.2,0,0,backtest
Michael Woods II,WR,Oklahoma,2022,202,6,37.904547996459925,23.96441605839416,breakout_age,68.9,39.76583940937778,1.8612914129178577,observed,imputed,,0.0,0,0,backtest
Zay Flowers,WR,Boston Col.,2023,22,1,86.0877712199221,99.9,breakout_age,82.89999999999999,88.37205129294938,2.2842800730272756,observed,observed,19.0,235.4,1,0,backtest
Quentin Johnston,WR,TCU,2023,21,1,86.55153502322084,91.35263742879637,breakout_age,86.8,87.54902525085281,0.997490227631971,observed,observed,19.0,174.70000000000002,0,0,backtest
Jaxon Smith-Njigba,WR,Ohio St.,2023,20,1,87.02377097693456,75.0,breakout_age,83.4,84.07545113500747,-2.9483198419270877,observed,observed,20.0,251.6,1,0,backtest
Rashee Rice,WR,SMU,2023,55,2,73.61036829159038,95.48850878119171,breakout_age,95.3,81.23944114577209,7.6290728541817145,observed,observed,19.0,271.2,1,0,backtest
Jonathan Mingo,WR,Mississippi,2023,39,2,79.1367012454148,62.59329990086886,breakout_age,98.69999999999999,78.7625157896934,-0.3741854557214026,observed,observed,21.0,84.8,0,0,backtest
Jayden Reed,WR,Michigan St.,2023,50,2,75.2623245415211,90.95561594202898,breakout_age,67.4,77.22163414039451,1.9593095988734177,observed,observed,19.0,225.6,1,0,backtest
Jordan Addison,WR,USC,2023,23,1,85.63195232697663,60.0,breakout_age,59.400000000000006,76.57076901253481,-9.06118331444182,observed,observed,21.0,221.3,1,0,backtest
Tank Dell,WR,Houston,2023,69,3,69.2641833889955,99.18697942185204,breakout_age,68.9,75.19411508721748,5.929931698221978,observed,imputed,19.0,165.0,0,0,backtest
Michael Wilson,WR,Stanford,2023,94,3,62.262482221264236,99.9,breakout_age,95.5,74.77561344382175,12.513131222557519,observed,observed,18.0,124.5,0,0,backtest
Marvin Mims,WR,Oklahoma,2023,63,2,71.08139694751989,78.73531386371266,breakout_age,68.9,72.28497078863046,1.2035738411105683,observed,imputed,20.0,132.8,0,0,backtest
Josh Downs,WR,North Carolina,2023,79,3,66.36371289664757,78.1779506502978,breakout_age,89.9,72.25700351288049,5.8932906162329175,observed,observed,20.0,182.2,0,0,backtest
Cedric Tillman,WR,Tennessee,2023,74,3,67.79531439030325,75.0,breakout_age,86.7,72.07195435369711,4.276639963393862,observed,observed,20.0,80.4,0,0,backtest
Jalin Hyatt,WR,Tennessee,2023,73,3,68.08599462283559,67.34070225102744,breakout_age,87.6,70.86403695504862,2.778042332213033,observed,observed,21.0,60.3,0,0,backtest
Tre Tucker,WR,Cincinnati,2023,100,3,60.69278011001499,60.0,breakout_age,71.6,62.19030707150975,1.4975269614947564,observed,observed,21.0,129.3,0,0,backtest
Tyler Scott,WR,Cincinnati,2023,133,4,52.626376413965254,67.35088603947558,breakout_age,86.1,60.592321876972534,7.96594546300728,observed,observed,21.0,35.900000000000006,0,0,backtest
Dontayvion Wicks,WR,Virginia,2023,159,5,46.79965853300224,77.0071105365223,breakout_age,91.7,59.57620015375592,12.776541620753683,observed,observed,20.0,129.7,0,0,backtest
Charlie Jones,WR,Purdue,2023,131,4,53.091766375709646,69.9,breakout_age,68.9,58.824648144211274,5.732881768501628,observed,imputed,21.0,14.7,0,0,backtest
A.T. Perry,WR,Wake Forest,2023,195,6,39.29951449939654,78.15243884953976,breakout_age,96.19999999999999,55.6051721945157,16.305657695119166,observed,observed,20.0,60.6,0,0,backtest
Parker Washington,WR,Penn St.,2023,185,6,41.325810352464025,90.0,breakout_age,68.9,55.19677672910162,13.870966376637597,observed,imputed,19.0,91.0,0,0,backtest
Xavier Hutchinson,WR,Iowa St.,2023,205,6,37.312343403797485,97.21501700765764,breakout_age,72.69999999999999,54.60102661399989,17.288683210202407,observed,observed,19.0,37.3,0,0,backtest
Kayshon Boutte,WR,LSU,2023,187,6,40.917284913571535,90.0,breakout_age,49.900000000000006,52.0812351938215,11.163950280249963,observed,observed,19.0,121.9,0,0,backtest
Puka Nacua,WR,BYU,2023,177,5,42.97698723959096,75.0,breakout_age,51.8,50.70504170573412,7.728054466143156,observed,observed,20.0,331.4,1,1,backtest
Elijah Higgins,WR,Stanford,2023,197,6,38.89903839489586,60.0,breakout_age,89.39999999999999,50.69437495668231,11.79533656178645,observed,observed,21.0,0.0,0,0,backtest
Ronnie Bell,WR,Michigan,2023,253,7,28.244056507249695,99.9,breakout_age,82.0,50.6386367297123,22.394580222462608,observed,observed,18.0,30.8,0,0,backtest
DeMario Douglas,WR,Liberty,2023,210,6,36.332601761788666,80.96168485156052,breakout_age,68.9,50.143528115474744,13.810926353686078,observed,imputed,20.0,0.0,0,0,backtest
Justin Shorter,WR,Florida,2023,150,5,48.77246656402318,30.46964490263459,breakout_age,79.4,49.70603224714199,0.9335656831188075,observed,observed,,0.0,0,0,backtest
Trey Palmer,WR,Nebraska,2023,191,6,40.10518084262188,69.9,breakout_age,61.8,49.31836754770423,9.21318670508235,observed,observed,21.0,114.4,0,0,backtest
Andrei Iosivas,WR,Princeton,2023,206,6,37.115674968761425,45.0,breakout_age,99.60000000000001,48.065188729694924,10.949513760933499,observed,observed,22.0,119.9,0,0,backtest
Derius Davis,WR,TCU,2023,125,4,54.50441856810307,29.338365828432053,breakout_age,42.9,47.73054523495341,-6.773873333149659,observed,observed,,41.2,0,0,backtest
Antoine Green,WR,North Carolina,2023,219,7,34.591116608286086,60.0,breakout_age,86.8,47.50422579538595,12.913109187099863,observed,observed,21.0,1.2,0,0,backtest
Colton Dowell,WR,UT Martin,2023,228,7,32.876624975929246,52.10585968491443,breakout_age,97.8,46.4609781713369,13.584353195407651,observed,observed,22.0,1.3,0,0,backtest
Grant Dubose,WR,Charlotte,2023,256,7,27.70010003873648,79.41815201802909,breakout_age,68.9,44.22369542878453,16.52359539004805,observed,imputed,20.0,0.0,0,0,backtest
Jalen Brooks,WR,South Carolina,2023,244,7,29.890829969930095,24.631740803170477,breakout_age,56.0,32.75538764108866,2.8645576711585647,observed,observed,,35.7,0,0,backtest
Malik Nabers,WR,LSU,2024,6,1,95.11104923064929,81.85515811622007,breakout_age,96.7,92.69821362316605,-2.412835607483231,observed,observed,20.0,273.6,1,1,backtest
Rome Odunze,WR,Washington,2024,9,1,93.02779892479941,81.50607483791924,breakout_age,99.2,91.64928426870347,-1.3785146560959447,observed,observed,20.0,144.9,0,0,backtest
Marvin Harrison Jr.,WR,Ohio St.,2024,4,1,96.73123522513825,84.9,breakout_age,68.9,90.19030289633986,-6.540932328798391,observed,imputed,20.0,0.0,0,0,backtest
Xavier Worthy,WR,Texas,2024,28,1,83.45697985379842,91.26389918458118,breakout_age,94.1,86.6148167418852,3.1578368880867913,observed,observed,19.0,253.7,1,1,backtest
Ricky Pearsall,WR,Florida,2024,31,1,82.22305120306456,77.85806869734284,breakout_age,99.1,83.88159702146054,1.6585458183959787,observed,observed,20.0,93.5,0,0,backtest
Ladd McConkey,WR,Georgia,2024,34,2,81.03375665926983,75.0,breakout_age,93.4,81.6819418285254,0.6481851692555693,observed,observed,20.0,275.6,1,1,backtest
Xavier Legette,WR,South Carolina,2024,32,1,81.82194951930317,67.73830935251799,breakout_age,99.0,81.58192905805066,-0.24002046125251297,observed,observed,21.0,125.1,0,0,backtest
Keon Coleman,WR,Florida St.,2024,33,2,81.42558366090017,80.68928164196123,breakout_age,81.8,81.33448570797735,-0.09109795292282286,observed,observed,20.0,118.7,0,0,backtest
Brian Thomas,WR,LSU,2024,23,1,85.63195232697663,66.33596860366771,breakout_age,68.9,79.26296273326835,-6.368989593708278,observed,imputed,21.0,284.0,1,1,backtest
Ja'Lynn Polk,WR,Washington,2024,37,2,79.88373711084623,61.54180917862065,breakout_age,88.5,77.50779095777419,-2.375946153072036,observed,observed,21.0,32.7,0,0,backtest
Adonai Mitchell,WR,Texas,2024,52,2,74.59433316596373,66.21991598715098,breakout_age,99.9,76.71529975530663,2.120966589342899,observed,observed,21.0,52.8,0,0,backtest
Malachi Corley,WR,Western Kentucky,2024,65,3,70.4686321545596,78.64810090119748,breakout_age,77.6,73.17423108070324,2.7055989261436366,observed,observed,20.0,7.2,0,0,backtest
Luke McCaffrey,WR,Rice,2024,100,3,60.69278011001499,83.7632646199752,breakout_age,94.39999999999999,70.36295999550478,9.670179885489787,observed,observed,20.0,34.8,0,0,backtest
Jermaine Burton,WR,Alabama,2024,80,3,66.0815727265999,65.16033137028376,breakout_age,90.9,69.6200885463467,3.5385158197467916,observed,observed,21.0,14.7,0,0,backtest
Javon Baker,WR,Central Florida,2024,110,4,58.15392954892286,99.9,breakout_age,78.4,69.54005420679987,11.386124657877005,observed,observed,18.0,2.2,0,0,backtest
Roman Wilson,WR,Michigan,2024,84,3,64.96615833500175,68.65444617784712,breakout_age,85.9,68.84389215332057,3.8777338183188164,observed,observed,21.0,0.0,0,0,backtest
Jalen McMillan,WR,Washington,2024,92,3,62.79411750331776,75.0,breakout_age,86.7,68.82117637715655,6.02705887383879,observed,observed,20.0,141.5,0,0,backtest
Troy Franklin,WR,Oregon,2024,102,4,60.177557959621616,79.26144886614313,breakout_age,90.19999999999999,68.49770244698267,8.320144487361055,observed,observed,20.0,80.5,0,0,backtest
Devontez Walker,WR,North Carolina,2024,113,4,57.409597693011136,61.23347471904545,breakout_age,97.6,64.20293344426632,6.793335751255185,observed,observed,21.0,9.1,0,0,backtest
Ainias Smith,WR,Texas A&M,2024,152,5,48.330261866611345,99.9,breakout_age,73.60000000000001,62.43467021329737,14.104408346686029,observed,observed,18.0,17.7,0,0,backtest
Jacob Cowing,WR,Arizona,2024,135,4,52.163638358282164,79.2610612109115,breakout_age,62.800000000000004,59.17857717506571,7.014938816783548,observed,observed,20.0,12.7,0,0,backtest
Anthony Gould,WR,Oregon St.,2024,142,5,50.56417497245892,60.0,breakout_age,88.69999999999999,58.1717137320983,7.607538759639375,observed,observed,21.0,3.3000000000000003,0,0,backtest
Johnny Wilson,WR,Florida St.,2024,185,6,41.325810352464025,75.0,breakout_age,97.0,56.41177672910162,15.085966376637593,observed,observed,20.0,14.8,0,0,backtest
Bub Means,WR,Pittsburgh,2024,170,5,44.44517844407706,62.908496732026144,breakout_age,93.5,55.49606533505531,11.050886890978255,observed,observed,21.0,26.8,0,0,backtest
Jha'Quan Jackson,WR,Tulane,2024,182,6,41.94175972374306,99.9,breakout_age,53.4,55.25214382043299,13.31038409668993,observed,observed,18.0,1.3,0,0,backtest
Malik Washington,WR,Virginia,2024,184,6,41.53070215783976,69.9,breakout_age,86.30000000000001,53.91995640259585,12.389254244756088,observed,observed,21.0,56.8,0,0,backtest
Jamari Thrash,WR,Louisville,2024,156,5,47.452429780384286,63.35184005759699,breakout_age,67.69999999999999,53.669447368769184,6.217017588384898,observed,observed,21.0,5.2,0,0,backtest
Tejhaun Palmer,WR,Ala-Birmingham,2024,191,6,40.10518084262188,64.1414505598238,breakout_age,95.7,53.25165765966898,13.146476817047102,observed,observed,21.0,0.0,0,0,backtest
Ryan Flournoy,WR,SE Missouri St.,2024,216,6,35.1685361424386,75.0,breakout_age,98.9,52.69454849258509,17.526012350146495,observed,observed,20.0,18.200000000000003,0,0,backtest
Casey Washington,WR,Illinois,2024,187,6,40.917284913571535,60.0,breakout_age,71.5,49.3212351938215,8.403950280249965,observed,observed,21.0,2.4000000000000004,0,0,backtest
Jordan Whittington,WR,Texas,2024,213,6,35.74901134195683,75.0,breakout_age,68.9,48.57185737227194,12.822846030315112,observed,imputed,20.0,54.7,0,0,backtest
Devaughn Vele,WR,Utah,2024,235,7,31.560854097950696,61.87615955473098,breakout_age,84.7,45.594787074614146,14.03393297666345,observed,observed,21.0,106.5,0,0,backtest
Brenden Rice,WR,USC,2024,225,7,33.445215911948296,62.67613767613768,breakout_age,71.7,45.02961787799393,11.584401966045633,observed,observed,21.0,0.0,0,0,backtest
Tahj Washington,WR,USC,2024,241,7,30.444862386220947,76.53846153846155,breakout_age,51.3,42.79185285873593,12.346990472514982,observed,observed,20.0,0.0,0,0,backtest
Cornelius Johnson,WR,Michigan,2024,253,7,28.244056507249695,26.506110244409776,breakout_age,94.60000000000001,37.84985877859425,9.605802271344558,observed,observed,,0.0,0,0,backtest
Travis Hunter,WR,Colorado,2025,2,1,98.71149956490876,90.0,breakout_age,68.9,92.4974747171907,-6.214024847718065,observed,imputed,19.0,0.0,0,0,backtest
Tetairoa McMillan,WR,Arizona,2025,8,1,93.68781610895526,90.0,breakout_age,68.9,89.23208047082093,-4.455735638134328,observed,imputed,19.0,213.4,1,0,backtest
Emeka Egbuka,WR,Ohio State,2025,19,1,87.5050697341776,75.0,breakout_age,97.2,86.45829532721544,-1.0467744069621574,observed,observed,20.0,192.8,1,0,backtest
Jayden Higgins,WR,Iowa State,2025,34,2,81.03375665926983,75.0,breakout_age,96.30000000000001,82.1169418285254,1.0831851692555716,observed,observed,20.0,129.5,0,0,backtest
Matthew Golden,WR,Texas,2025,23,1,85.63195232697663,75.0,breakout_age,68.9,80.99576901253482,-4.6361833144418085,observed,imputed,20.0,110.0,0,0,backtest
Luther Burden III,WR,Missouri,2025,39,2,79.1367012454148,90.0,breakout_age,68.9,79.77385580951963,0.6371545641048328,observed,imputed,19.0,124.2,0,0,backtest
Tre Harris,WR,Ole Miss,2025,55,2,73.61036829159038,60.0,breakout_age,92.30000000000001,73.69173938953375,0.08137109794337505,observed,observed,21.0,100.0,0,0,backtest
Kyle Williams,WR,Washington State,2025,69,3,69.2641833889955,25.0,breakout_age,68.9,60.35671920284708,-8.907464186148424,observed,imputed,,60.0,0,0,backtest
Isaac TeSlaa,WR,Arkansas,2025,70,3,68.96725571920754,25.0,breakout_age,68.9,60.163716217484904,-8.80353950172264,observed,imputed,,65.0,0,0,backtest
Pat Bryant,WR,Illinois,2025,74,3,67.79531439030325,25.0,breakout_age,68.9,59.401954353697114,-8.393360036606133,observed,imputed,,55.0,0,0,backtest
Chimere Dike,WR,Florida,2025,103,4,59.92138766628686,25.0,breakout_age,68.9,54.28390198308646,-5.637485683200403,observed,imputed,,114.3,0,0,backtest
Elic Ayomanor,WR,Stanford,2025,136,4,51.93324682456018,25.0,breakout_age,97.10000000000001,53.32161043596412,1.388363611403939,observed,observed,,116.5,0,0,backtest
Tez Johnson,WR,Oregon,2025,235,7,31.560854097950696,25.0,breakout_age,68.9,35.84955516366796,4.288701065717262,observed,imputed,,50.0,0,0,backtest
Carnell Tate,WR,Ohio State,2026,4,1,96.73123522513825,90.0,breakout_age,68.9,91.21030289633987,-5.520932328798381,observed,imputed,19.0,,,,prospect_2026
Jordyn Tyson,WR,Arizona State,2026,7,1,94.38004324460745,75.0,breakout_age,68.9,86.68202810899484,-7.698015135612607,observed,imputed,20.0,,,,prospect_2026
Makai Lemon,WR,USC,2026,16,1,89.01046080303611,75.0,breakout_age,68.9,83.19179952197348,-5.8186612810626315,observed,imputed,20.0,,,,prospect_2026
Kevin Concepcion,WR,Texas A&M,2026,27,1,83.87932650686992,90.0,breakout_age,68.9,82.85656222946545,-1.0227642774044625,observed,imputed,19.0,,,,prospect_2026
Denzel Boston,WR,Washington,2026,24,1,85.18360526375135,75.0,breakout_age,68.9,80.70434342143838,-4.479261842312965,observed,imputed,20.0,,,,prospect_2026
Zachariah Branch,WR,Georgia,2026,47,2,76.2836840704932,90.0,breakout_age,68.9,77.91939464582057,1.63571057532738,observed,imputed,19.0,,,,prospect_2026
Germie Bernard,WR,Alabama,2026,52,2,74.59433316596373,75.0,breakout_age,68.9,73.82131655787643,-0.7730166080873033,observed,imputed,20.0,,,,prospect_2026
Chris Bell,WR,Louisville,2026,43,2,77.68493914356304,60.0,breakout_age,68.9,72.83021044331598,-4.854728700247065,observed,imputed,21.0,,,,prospect_2026
Elijah Sarratt,WR,Indiana,2026,44,2,77.33014043640625,60.0,breakout_age,68.9,72.59959128366407,-4.730549152742185,observed,imputed,21.0,,,,prospect_2026
Ja'Kobi Lane,WR,USC,2026,65,3,70.4686321545596,75.0,breakout_age,68.9,71.13961090046374,0.6709787459041365,observed,imputed,20.0,,,,prospect_2026
Chris Brazzell,WR,Tennessee,2026,53,2,74.26400482294514,60.0,breakout_age,68.9,70.60660313491434,-3.6574016880308022,observed,imputed,21.0,,,,prospect_2026
Omar Cooper Jr.,WR,Indiana,2026,76,3,67.21839332711826,60.0,breakout_age,68.9,66.02695566262688,-1.1914376644913887,observed,imputed,21.0,,,,prospect_2026
Antonio Williams,WR,Clemson,2026,85,3,64.69048249230454,60.0,breakout_age,68.9,64.38381361999795,-0.306668872306588,observed,imputed,21.0,,,,prospect_2026
Skyler Bell,WR,UConn,2026,88,3,63.870755038336846,60.0,breakout_age,68.9,63.850990774918955,-0.019764263417890504,observed,imputed,21.0,,,,prospect_2026
Malachi Fields,WR,Notre Dame,2026,89,3,63.59988204942709,60.0,breakout_age,68.9,63.67492333212761,0.0750412827005249,observed,imputed,21.0,,,,prospect_2026
C.J. Daniels,WR,Miami,2026,112,4,57.65686444404836,75.0,breakout_age,68.9,62.81196188863144,5.1550974445830775,observed,imputed,20.0,,,,prospect_2026
Deion Burks,WR,Oklahoma,2026,121,4,55.46053111366024,75.0,breakout_age,68.9,61.38434522387916,5.92381411021892,observed,imputed,20.0,,,,prospect_2026
Brenen Thompson,WR,Mississippi State,2026,113,4,57.409597693011136,60.0,breakout_age,68.9,59.65123850045724,2.241640807446103,observed,imputed,21.0,,,,prospect_2026
Ted Hurst,WR,Georgia State,2026,132,5,52.85873645151093,60.0,breakout_age,68.9,56.6931786934821,3.834442241971175,observed,imputed,21.0,,,,prospect_2026
Kevin Coleman Jr.,WR,Missouri,2026,162,6,46.15155112223164,75.0,breakout_age,68.9,55.333508229450565,9.181957107218928,observed,imputed,20.0,,,,prospect_2026
Bryce Lance,WR,North Dakota State,2026,150,5,48.77246656402318,60.0,breakout_age,68.9,54.03710326661507,5.264636702591886,observed,imputed,21.0,,,,prospect_2026
Noah Thomas,WR,Georgia,2026,196,7,39.0990823378889,90.0,breakout_age,68.9,53.74940351962778,14.650321181738882,observed,imputed,19.0,,,,prospect_2026
De'Zhaun Stribling,WR,Ole Miss,2026,186,6,41.12133897642805,75.0,breakout_age,68.9,52.063870334678235,10.942531358250186,observed,imputed,20.0,,,,prospect_2026
Keelan Marion,WR,Miami,2026,193,7,39.70155451210871,75.0,breakout_age,68.9,51.141010432870665,11.439455920761958,observed,imputed,20.0,,,,prospect_2026
Eric McAlister,WR,TCU,2026,171,6,44.2340493948423,60.0,breakout_age,68.9,51.087132106647495,6.853082711805193,observed,imputed,21.0,,,,prospect_2026
Aaron Anderson,WR,LSU,2026,199,7,38.500104329470645,75.0,breakout_age,68.9,50.36006781415592,11.859963484685274,observed,imputed,20.0,,,,prospect_2026
Eric Rivers,WR,Georgia Tech,2026,178,6,42.76906169071699,60.0,breakout_age,68.9,50.134890098966046,7.365828408249058,observed,imputed,21.0,,,,prospect_2026
Dane Key,WR,Nebraska,2026,202,7,37.904547996459925,75.0,breakout_age,68.9,49.972956197698956,12.06840820123903,observed,imputed,20.0,,,,prospect_2026
Lewis Bond,WR,Boston College,2026,185,6,41.325810352464025,60.0,breakout_age,68.9,49.19677672910162,7.870966376637597,observed,imputed,21.0,,,,prospect_2026
Amare Thomas,WR,Houston,2026,250,8,28.79046960395864,99.9,breakout_age,68.9,49.02880524257312,20.23833563861448,observed,imputed,18.0,,,,prospect_2026
Zavion Thomas,WR,LSU,2026,250,8,28.79046960395864,99.9,breakout_age,68.9,49.02880524257312,20.23833563861448,observed,imputed,18.0,,,,prospect_2026
Jordan Hudson,WR,SMU,2026,211,7,36.13772172752879,75.0,breakout_age,68.9,48.82451912289371,12.68679739536492,observed,imputed,20.0,,,,prospect_2026
Caleb Douglas,WR,Texas Tech,2026,212,7,35.94319234776309,75.0,breakout_age,68.9,48.698075026046006,12.754882678282918,observed,imputed,20.0,,,,prospect_2026
Reggie Virgil,WR,Texas Tech,2026,216,7,35.1685361424386,75.0,breakout_age,68.9,48.19454849258509,13.026012350146495,observed,imputed,20.0,,,,prospect_2026
Josh Cameron,WR,Baylor,2026,194,7,39.500337629514114,60.0,breakout_age,68.9,48.01021945918418,8.509881829670064,observed,imputed,21.0,,,,prospect_2026
Jaden Greathouse,WR,Notre Dame,2026,250,8,28.79046960395864,90.0,breakout_age,68.9,47.04880524257312,18.258335638614476,observed,imputed,19.0,,,,prospect_2026
Barion Brown,WR,LSU,2026,250,8,28.79046960395864,90.0,breakout_age,68.9,47.04880524257312,18.258335638614476,observed,imputed,19.0,,,,prospect_2026
Shelton Sampson Jr.,WR,Louisiana,2026,250,8,28.79046960395864,90.0,breakout_age,68.9,47.04880524257312,18.258335638614476,observed,imputed,19.0,,,,prospect_2026
Anthony Evans III,WR,Mississippi State,2026,250,8,28.79046960395864,76.62045889101339,breakout_age,68.9,44.372897020775795,15.582427416817154,observed,imputed,20.0,,,,prospect_2026
Vinny Anthony II,WR,Wisconsin,2026,224,7,33.6353854310527,60.0,breakout_age,68.9,44.19800053018425,10.562615099131555,observed,imputed,21.0,,,,prospect_2026
Harrison Wallace III,WR,Ole Miss,2026,250,8,28.79046960395864,75.0,breakout_age,68.9,44.04880524257312,15.258335638614476,observed,imputed,20.0,,,,prospect_2026
Hykeem Williams,WR,Colorado,2026,250,8,28.79046960395864,75.0,breakout_age,68.9,44.04880524257312,15.258335638614476,observed,imputed,20.0,,,,prospect_2026
Caullin Lacy,WR,Louisville,2026,231,8,32.31086999617516,60.0,breakout_age,68.9,43.337065497513855,11.026195501338698,observed,imputed,21.0,,,,prospect_2026
Eli Heidenreich,WR,Navy,2026,250,8,28.79046960395864,69.9,breakout_age,68.9,43.02880524257312,14.23833563861448,observed,imputed,21.0,,,,prospect_2026
Ja'Varrius Johnson,WR,Auburn,2026,250,8,28.79046960395864,64.2816924066924,breakout_age,68.9,41.9051437239116,13.114674119952959,observed,imputed,21.0,,,,prospect_2026
Hank Beatty,WR,Illinois,2026,250,8,28.79046960395864,60.30817788495638,breakout_age,68.9,41.110440819564396,12.319971215605754,observed,imputed,21.0,,,,prospect_2026
Kendrick Law,WR,Kentucky,2026,250,8,28.79046960395864,60.0,breakout_age,68.9,41.04880524257312,12.258335638614476,observed,imputed,21.0,,,,prospect_2026
Colbie Young,WR,Georgia,2026,250,8,28.79046960395864,60.0,breakout_age,68.9,41.04880524257312,12.258335638614476,observed,imputed,21.0,,,,prospect_2026
Emmanuel Henderson,WR,Kansas,2026,250,8,28.79046960395864,47.68857048748353,breakout_age,68.9,38.58651934006983,9.796049736111186,observed,imputed,22.0,,,,prospect_2026
Jordan Dwyer,WR,TCU,2026,250,8,28.79046960395864,35.0,breakout_age,68.9,36.04880524257312,7.258335638614476,imputed,imputed,,,,,prospect_2026
Griffin Wilde,WR,Northwestern,2026,250,8,28.79046960395864,35.0,breakout_age,68.9,36.04880524257312,7.258335638614476,imputed,imputed,,,,,prospect_2026
Jalen Walthall,WR,Incarnate Word,2026,250,8,28.79046960395864,35.0,breakout_age,68.9,36.04880524257312,7.258335638614476,imputed,imputed,,,,,prospect_2026
Chase Roberts,WR,BYU,2026,250,8,28.79046960395864,35.0,breakout_age,68.9,36.04880524257312,7.258335638614476,imputed,imputed,,,,,prospect_2026
C.J. Williams,WR,Stanford,2026,250,8,28.79046960395864,35.0,breakout_age,68.9,36.04880524257312,7.258335638614476,imputed,imputed,,,,,prospect_2026
Justus Ross-Simmons,WR,Syracuse,2026,250,8,28.79046960395864,35.0,breakout_age,68.9,36.04880524257312,7.258335638614476,imputed,imputed,,,,,prospect_2026
Cody Jackson,WR,Tarleton State,2026,250,8,28.79046960395864,35.0,breakout_age,68.9,36.04880524257312,7.258335638614476,imputed,imputed,,,,,prospect_2026
Cyrus Allen,WR,Cincinnati,2026,250,8,28.79046960395864,35.0,breakout_age,68.9,36.04880524257312,7.258335638614476,imputed,imputed,,,,,prospect_2026
Ja'Mori Maclin,WR,Kentucky,2026,250,8,28.79046960395864,35.0,breakout_age,68.9,36.04880524257312,7.258335638614476,imputed,imputed,,,,,prospect_2026
Jalil Farooq,WR,Maryland,2026,250,8,28.79046960395864,34.9931189337969,breakout_age,68.9,36.0474290293325,7.256959425373857,imputed,imputed,,,,,prospect_2026
Malik Benson,WR,Oregon,2026,250,8,28.79046960395864,34.12799769342966,breakout_age,68.9,35.874404781259045,7.083935177300404,imputed,imputed,,,,,prospect_2026
Tyler Brown,WR,Clemson,2026,250,8,28.79046960395864,33.94240485011788,breakout_age,68.9,35.837286212596695,7.0468166086380535,imputed,imputed,,,,,prospect_2026
Jeff Caldwell,WR,Cincinnati,2026,250,8,28.79046960395864,33.3327955006454,breakout_age,68.9,35.7153643427022,6.924894738743561,imputed,imputed,,,,,prospect_2026
Trebor Pena,WR,Penn State,2026,250,8,28.79046960395864,32.56611316113161,breakout_age,68.9,35.56202787479944,6.771558270840799,imputed,imputed,,,,,prospect_2026
Rara Thomas,WR,Troy,2026,250,8,28.79046960395864,31.618726527825196,breakout_age,68.9,35.37255054813816,6.582080944179516,observed,imputed,23.0,,,,prospect_2026
J.Michael Sturdivant,WR,Florida,2026,250,8,28.79046960395864,31.602172437202984,breakout_age,68.9,35.36923973001372,6.578770126055076,imputed,imputed,,,,,prospect_2026
Jayden Ballard,WR,Wisconsin,2026,250,8,28.79046960395864,30.692662729926017,breakout_age,68.9,35.187337788558324,6.396868184599683,imputed,imputed,,,,,prospect_2026
Kobe Prentice,WR,Baylor,2026,250,8,28.79046960395864,29.791820431554726,breakout_age,68.9,35.00716932888406,6.2166997249254194,imputed,imputed,,,,,prospect_2026
Mikey Matthews,WR,UCLA,2026,250,8,28.79046960395864,29.711049468331026,breakout_age,68.9,34.99101513623933,6.200545532280685,imputed,imputed,,,,,prospect_2026
Romello Brinson,WR,SMU,2026,250,8,28.79046960395864,29.437709030100336,breakout_age,68.9,34.936347048593184,6.145877444634543,imputed,imputed,,,,,prospect_2026
E.J. Williams,WR,Indiana,2026,250,8,28.79046960395864,29.169811152442882,breakout_age,68.9,34.88276747306169,6.092297869103049,imputed,imputed,,,,,prospect_2026
Dillon Bell,WR,Georgia,2026,250,8,28.79046960395864,27.792300711992183,breakout_age,68.9,34.607265384971555,5.816795781012914,imputed,imputed,,,,,prospect_2026
Joseph Manjack IV,WR,TCU,2026,250,8,28.79046960395864,27.677008750994432,breakout_age,68.9,34.584206992772,5.793737388813362,imputed,imputed,,,,,prospect_2026
Donavon Greene,WR,Virginia Tech,2026,250,8,28.79046960395864,27.570729694683486,breakout_age,68.9,34.56295118150982,5.772481577551176,imputed,imputed,,,,,prospect_2026
Kyron Ware-Hudson,WR,Penn State,2026,250,8,28.79046960395864,27.154059040590404,breakout_age,68.9,34.479617050691196,5.689147446732555,imputed,imputed,,,,,prospect_2026
Ayden Williams,WR,Mississippi State,2026,250,8,28.79046960395864,26.678280557906422,breakout_age,68.9,34.3844613541544,5.593991750195762,imputed,imputed,,,,,prospect_2026
Jaron Glover,WR,Michigan State,2026,250,8,28.79046960395864,26.36063019899474,breakout_age,68.9,34.320931282372065,5.530461678413424,imputed,imputed,,,,,prospect_2026
London Humphreys,WR,Georgia,2026,250,8,28.79046960395864,25.47615958481998,breakout_age,68.9,34.14403715953711,5.353567555578472,imputed,imputed,,,,,prospect_2026
Andrel Anthony,WR,Duke,2026,250,8,28.79046960395864,25.431789737171464,breakout_age,68.9,34.13516319000741,5.34469358604877,imputed,imputed,,,,,prospect_2026
Malik McClain,WR,Arizona State,2026,250,8,28.79046960395864,25.082530949105916,breakout_age,68.9,34.065311432394296,5.274841828435655,imputed,imputed,,,,,prospect_2026
Max Tomzcak,WR,Northern Illinois,2026,250,8,28.79046960395864,25.0,breakout_age,68.9,34.04880524257312,5.258335638614476,imputed,imputed,,,,,prospect_2026
Cordale Russell,WR,Colorado,2026,250,8,28.79046960395864,24.746031746031743,breakout_age,68.9,33.998011591779466,5.207541987820825,imputed,imputed,,,,,prospect_2026
Jerand Bradley,WR,Kansas State,2026,250,8,28.79046960395864,24.421101774042953,breakout_age,68.9,33.93302559738171,5.142555993423066,imputed,imputed,,,,,prospect_2026
Kaleb Brown,WR,UAB,2026,250,8,28.79046960395864,24.00062754941952,breakout_age,68.9,33.84893075245702,5.058461148498381,imputed,imputed,,,,,prospect_2026
Kaden Wetjen,WR,Iowa,2026,250,8,28.79046960395864,23.223625291062152,breakout_age,68.9,33.69353030078555,4.9030606968269055,imputed,imputed,,,,,prospect_2026
Brandon Inniss,WR,Ohio State,2026,250,8,28.79046960395864,23.15397651616027,breakout_age,68.9,33.67960054580517,4.889130941846531,imputed,imputed,,,,,prospect_2026
Chris Hilton,WR,LSU,2026,250,8,28.79046960395864,23.147438278901685,breakout_age,68.9,33.678292898353455,4.8878232943948134,imputed,imputed,,,,,prospect_2026
Jalen Brown,WR,Arkansas,2026,250,8,28.79046960395864,22.1920472554387,breakout_age,68.9,33.48721469366086,4.696745089702219,imputed,imputed,,,,,prospect_2026
Dacari Collins,WR,Louisville,2026,250,8,28.79046960395864,21.59576940957694,breakout_age,68.9,33.36795912448851,4.577489520529866,imputed,imputed,,,,,prospect_2026
Jared Brown,WR,South Carolina,2026,250,8,28.79046960395864,21.592205401318278,breakout_age,68.9,33.36724632283678,4.576776718878136,imputed,imputed,,,,,prospect_2026
Deion Colzie,WR,Miami (OH),2026,250,8,28.79046960395864,21.335531924440257,breakout_age,68.9,33.31591162746117,4.525442023502528,imputed,imputed,,,,,prospect_2026
Talyn Shettron,WR,Oklahoma State,2026,250,8,28.79046960395864,21.129780169452715,breakout_age,68.9,33.274761276463664,4.484291672505023,imputed,imputed,,,,,prospect_2026
Braylin Presley,WR,Tulsa,2026,250,8,28.79046960395864,20.48689138576779,breakout_age,68.9,33.14618351972668,4.355713915768035,imputed,imputed,,,,,prospect_2026
Antonio Gates Jr.,WR,Michigan State,2026,250,8,28.79046960395864,20.304311073541843,breakout_age,68.9,33.10966745728149,4.319197853322848,imputed,imputed,,,,,prospect_2026
JoJo Earle,WR,UNLV,2026,250,8,28.79046960395864,18.673120728929383,breakout_age,68.9,32.783429388359,3.9929597844003553,imputed,imputed,,,,,prospect_2026
Christian Leary,WR,Western Michigan,2026,250,8,28.79046960395864,17.96544610624033,breakout_age,68.9,32.64189446382118,3.85142485986254,imputed,imputed,,,,,prospect_2026
Tobias Merriweather,WR,Utah,2026,250,8,28.79046960395864,17.308238636363637,breakout_age,68.9,32.51045296984584,3.7199833658872024,imputed,imputed,,,,,prospect_2026
Raymond Cottrell,WR,Texas A&M,2026,250,8,28.79046960395864,17.267992424242426,breakout_age,68.9,32.5024037274216,3.71193412346296,imputed,imputed,,,,,prospect_2026
Jaden Bray,WR,West Virginia,2026,250,8,28.79046960395864,17.09620476610768,breakout_age,68.9,32.468046195794656,3.677576591836015,imputed,imputed,,,,,prospect_2026
Andre Greene Jr.,WR,Virginia,2026,250,8,28.79046960395864,16.346433770014556,breakout_age,68.9,32.31809199657603,3.5276223926173884,imputed,imputed,,,,,prospect_2026
Nathan Leacock,WR,North Carolina,2026,250,8,28.79046960395864,16.087449025826913,breakout_age,68.9,32.266295047738495,3.475825443779854,imputed,imputed,,,,,prospect_2026
Ryan Niblett,WR,Texas,2026,250,8,28.79046960395864,15.920527769254372,breakout_age,68.9,32.232910796423994,3.4424411924653526,imputed,imputed,,,,,prospect_2026
Squirrel White,WR,Florida State,2026,250,8,28.79046960395864,15.85498191384413,breakout_age,68.9,32.219801625341944,3.4293320213833027,imputed,imputed,,,,,prospect_2026
Jaquaize Pettaway,WR,East Carolina,2026,250,8,28.79046960395864,15.451339915373765,breakout_age,68.9,32.13907322564787,3.3486036216892288,imputed,imputed,,,,,prospect_2026
Kyion Grayes,WR,California,2026,250,8,28.79046960395864,15.327186198691255,breakout_age,68.9,32.11424248231137,3.3237728783527274,imputed,imputed,,,,,prospect_2026
Braylon James,WR,Notre Dame,2026,250,8,28.79046960395864,15.187207488299531,breakout_age,68.9,32.08624674023302,3.2957771362743813,imputed,imputed,,,,,prospect_2026
Jayden McGowan,WR,Charlotte,2026,250,8,28.79046960395864,15.142973856209151,breakout_age,68.9,32.07740001381495,3.2869304098563106,imputed,imputed,,,,,prospect_2026
Jayden Thomas,WR,Virginia,2026,250,8,28.79046960395864,15.134408602150538,breakout_age,68.9,32.07568696300322,3.28521735904458,imputed,imputed,,,,,prospect_2026
