player_name,position,college,draft_year,pick,round,slap_display_score,slap_model_score,dc_score,prospect_profile,dataset,te_breakout_score,te_production_score,ras_score,breakout_age,peak_dominator,rec_yards,team_pass_att,nfl_hit24,nfl_hit12,nfl_first_3yr_ppg,nfl_career_ppg,nfl_best_ppr,nfl_best_ppg,nfl_seasons_10ppg_3yr
Maxx Williams,TE,Minnesota,2015,55,2,88.0,72.21,82.5,70.1,backtest,99.9,59.2,41.8,19.0,36.8,569.0,254.0,0.0,0.0,5.890909090909091,5.890909090909091,64.8,5.890909090909091,0.0
Jeff Heuerman,TE,Ohio St.,2015,92,3,83.1,65.99,70.8,70.8,backtest,99.9,27.7,91.7,19.0,100.0,,,0.0,0.0,3.5200000000000005,7.109999999999999,71.1,7.109999999999999,0.0
Clive Walford,TE,Miami (FL),2015,68,3,72.7,59.4,79.4,44.2,backtest,49.5,40.5,41.7,22.0,23.9,676.0,391.0,0.0,0.0,5.793333333333334,5.793333333333334,86.9,5.793333333333334,0.0
MyCole Pruitt,TE,Southern Illinois,2015,143,5,63.5,54.64,44.8,61.1,backtest,84.9,27.7,75.5,20.0,68.8,136.0,,0.0,0.0,1.89,5.5,55.0,5.5,0.0
Jesse James,TE,Penn St.,2015,160,5,60.4,54.17,37.1,65.5,backtest,99.9,27.7,70.8,18.0,81.4,,,0.0,0.0,7.014285714285714,7.014285714285714,98.2,7.014285714285714,0.0
Tyler Kroft,TE,Rutgers,2015,85,3,58.6,53.2,73.3,36.0,backtest,33.7,16.7,68.2,,18.7,269.0,357.0,0.0,0.0,8.293333333333333,8.293333333333333,124.4,8.293333333333333,0.0
Malcolm Johnson,TE,Mississippi St.,2015,195,6,51.8,49.99,22.4,66.0,backtest,99.9,27.7,72.7,19.0,88.1,,,0.0,0.0,,,0.0,0.0,
Nick Boyle,TE,Delaware,2015,171,5,43.9,46.82,31.9,50.7,backtest,83.2,27.7,36.5,20.0,31.3,,,0.0,0.0,4.4125,5.006666666666666,75.1,5.006666666666666,0.0
Kennard Backman,TE,Ala-Birmingham,2015,213,6,42.6,46.56,16.6,62.8,backtest,99.9,27.7,59.7,19.0,85.6,,,0.0,0.0,,,0.0,0.0,
Blake Bell,TE,Oklahoma,2015,117,4,37.1,45.09,58.0,28.1,backtest,23.1,10.0,62.7,,8.1,214.0,386.0,0.0,0.0,3.733333333333333,3.733333333333333,33.6,3.733333333333333,0.0
Nick O'Leary,TE,Florida St.,2015,194,6,35.9,44.49,23.4,52.0,backtest,99.9,27.7,16.5,19.0,100.0,,,0.0,0.0,4.938461538461539,4.938461538461539,64.2,4.938461538461539,0.0
James O'Shaughnessy,TE,Illinois St.,2015,173,5,26.7,41.79,30.7,38.8,backtest,25.0,27.7,76.0,,,,,0.0,0.0,2.492857142857143,3.61333335240682,54.200000286102295,7.199999979564121,0.0
C.J. Uzomah,TE,Auburn,2015,157,5,25.5,41.53,38.1,33.0,backtest,22.2,8.3,86.1,,7.2,145.0,332.0,0.0,0.0,6.800000000000001,8.018750101327896,128.30000162124634,8.018750101327896,0.0
A.J. Derby,TE,Arkansas,2015,202,6,14.5,36.67,19.7,34.8,backtest,25.0,27.7,60.2,,,,359.0,0.0,0.0,5.036363636363636,5.036363636363636,55.4,5.036363636363636,0.0
Randall Telfer,TE,USC,2015,198,6,12.0,35.02,21.5,29.5,backtest,22.7,7.5,72.7,,7.7,197.0,460.0,0.0,0.0,,,6.6,0.0,
Ben Koyack,TE,Notre Dame,2015,229,7,6.5,30.56,11.4,27.4,backtest,27.1,14.9,46.5,,12.1,317.0,463.0,0.0,0.0,4.566666666666666,4.566666666666666,41.1,4.566666666666666,0.0
Rory Anderson,TE,South Carolina,2015,254,7,4.1,29.38,3.1,31.4,backtest,23.8,11.4,72.7,,8.8,260.0,468.0,0.0,0.0,,,0.0,0.0,
Geoff Swaim,TE,Texas,2015,246,7,2.2,28.18,8.0,26.2,backtest,17.7,1.3,76.2,,2.7,70.0,418.0,0.0,0.0,,7.025,69.99999904632568,7.025,
Gerald Christian,TE,Louisville,2015,256,7,1.6,23.94,1.6,18.3,backtest,26.6,18.3,5.9,,11.6,384.0,428.0,0.0,0.0,,,2.4,0.0,
Hunter Henry,TE,Arkansas,2016,35,2,93.5,77.46,91.3,72.7,backtest,99.9,51.8,63.2,18.0,24.0,739.0,374.0,1.0,0.0,10.575,12.516666666666666,178.8,12.516666666666666,1.0
Nick Vannett,TE,Ohio St.,2016,94,3,72.0,59.28,69.3,54.8,backtest,99.9,8.4,56.8,19.0,45.5,,,0.0,0.0,4.926666666666667,4.926666666666667,73.9,4.926666666666667,0.0
Austin Hooper,TE,Stanford,2016,81,3,66.5,57.65,75.4,45.4,backtest,31.7,35.1,81.5,,16.7,438.0,318.0,1.0,0.0,10.1875,14.746153846153844,191.7,14.746153846153844,1.0
Tyler Higbee,TE,Western Kentucky,2016,110,4,51.2,49.39,60.4,36.3,backtest,25.8,22.4,72.7,,10.8,563.0,554.0,0.0,0.0,4.6571428571428575,11.457142857142856,160.4,11.457142857142856,0.0
Seth Devalve,TE,Princeton,2016,138,4,46.9,47.75,46.9,42.2,backtest,25.0,27.7,89.6,,,,,0.0,0.0,4.78125,4.78125,76.5,4.78125,0.0
David Morgan,TE,Texas-San Antonio,2016,188,6,42.0,46.27,25.5,54.6,backtest,84.9,25.4,53.0,20.0,100.0,,,0.0,0.0,,,25.5,3.642857142857143,
Thomas Duarte,TE,UCLA,2016,231,7,35.3,44.27,10.2,62.2,backtest,80.0,44.4,62.3,20.0,24.9,872.0,510.0,0.0,0.0,,,0.0,0.0,
Jerell Adams,TE,South Carolina,2016,184,6,29.2,42.12,26.1,43.0,backtest,31.9,27.1,83.6,,16.9,421.0,351.0,0.0,0.0,3.8,3.8,34.2,3.8,0.0
Beau Sandland,TE,Montana St.,2016,252,7,27.3,41.9,4.1,62.1,backtest,79.7,27.7,87.3,20.0,24.5,,,0.0,0.0,,,0.0,0.0,
Temarrick Hemingway,TE,South Carolina St.,2016,177,6,22.4,40.67,27.0,37.2,backtest,25.0,27.7,69.8,,,,,0.0,0.0,,,2.0,0.0,
Rico Gathers,TE,Baylor,2016,217,6,13.9,35.97,15.7,37.5,backtest,25.0,27.7,70.8,,,,389.0,0.0,0.0,,,7.5,1.25,
Evan Engram,TE,Mississippi,2017,23,1,96.6,81.62,94.7,75.6,backtest,99.9,41.0,91.1,19.0,75.3,,,1.0,1.0,13.675,13.675,230.3,13.675,3.0
O.J. Howard,TE,Alabama,2017,19,1,88.6,72.55,95.9,50.1,backtest,33.9,34.6,97.7,,18.9,595.0,417.0,1.0,1.0,12.05,12.05,120.5,12.05,1.0
Gerald Everett,TE,South Alabama,2017,44,2,86.8,71.13,88.0,61.8,backtest,64.5,40.5,89.8,21.0,24.0,717.0,415.0,0.0,0.0,7.483333333333333,9.3,139.5,9.3,0.0
David Njoku,TE,Miami (FL),2017,29,1,85.5,70.69,92.9,52.2,backtest,34.6,42.4,93.2,,19.6,698.0,426.0,1.0,0.0,9.593333333333334,13.5,201.2,13.5,0.0
Adam Shaheen,TE,Ashland,2017,45,2,84.9,68.67,87.4,56.2,backtest,25.0,67.1,86.7,,,867.0,328.0,0.0,0.0,,3.4615384890482974,45.00000035762787,7.116666666666667,
Jonnu Smith,TE,Florida International,2017,100,3,79.4,64.15,66.5,69.3,backtest,99.9,29.8,82.9,18.0,35.2,506.0,407.0,0.0,0.0,6.98,13.076470588235296,222.3,13.076470588235296,0.0
Jake Butt,TE,Michigan,2017,145,5,61.0,54.31,43.6,60.9,backtest,78.1,36.0,72.7,20.0,21.2,546.0,370.0,0.0,0.0,,,16.5,0.0,
George Kittle,TE,Iowa,2017,146,5,45.1,47.28,42.6,43.7,backtest,30.8,22.3,95.2,,15.8,314.0,310.0,1.0,1.0,16.16875,16.16875,258.7,16.16875,2.0
Michael Roberts,TE,Toledo,2017,127,4,41.4,46.09,52.1,34.2,backtest,27.7,28.6,52.3,,12.7,533.0,423.0,0.0,0.0,,,37.0,5.285714285714286,
Jordan Leggett,TE,Clemson,2017,150,5,40.2,45.79,40.2,41.3,backtest,29.7,27.8,79.0,,14.7,736.0,629.0,0.0,0.0,2.415384615384616,2.415384615384616,31.4,2.415384615384616,0.0
Bucky Hodges,TE,Virginia Tech,2017,201,6,31.0,43.34,20.6,51.2,backtest,33.8,37.6,97.6,,18.8,691.0,449.0,0.0,0.0,,,0.0,0.0,
Eric Saubert,TE,Drake,2017,174,5,26.1,41.77,29.8,39.0,backtest,25.0,27.7,77.0,,,,,0.0,0.0,,3.3375,35.8,3.3375,
Jeremy Sprinkle,TE,Arkansas,2017,154,5,24.9,41.38,39.6,31.6,backtest,26.2,20.4,56.6,,11.2,380.0,406.0,0.0,0.0,3.74,3.74,56.1,3.74,0.0
Mason Schreck,TE,Buffalo,2017,251,7,17.5,38.43,5.0,53.2,backtest,51.0,38.2,78.7,22.0,27.1,651.0,397.0,0.0,0.0,,,2.6,0.0,
Mike Gesicki,TE,Penn St.,2018,42,2,92.3,75.6,89.8,71.9,backtest,98.0,27.4,99.7,19.0,30.9,,,1.0,0.0,10.6199999332428,10.6199999332428,165.00000143051147,10.6199999332428,1.0
Dallas Goedert,TE,South Dakota St.,2018,49,2,91.0,75.03,86.1,74.2,backtest,75.9,58.6,95.0,20.0,16.7,1111.0,455.0,1.0,0.0,10.581818385557694,12.34,185.1,12.34,1.0
Hayden Hurst,TE,South Carolina,2018,25,1,83.7,67.78,93.8,42.3,backtest,33.6,28.8,75.7,23.0,22.2,559.0,397.0,0.0,0.0,9.318750075995922,9.318750075995922,149.10000121593475,9.318750075995922,0.0
Chris Herndon,TE,Miami (FL),2018,107,4,71.4,59.23,61.3,59.7,backtest,99.9,26.3,49.6,19.0,48.8,,425.0,0.0,0.0,8.085714285714285,8.085714285714285,113.2,8.085714285714285,0.0
Mark Andrews,TE,Oklahoma,2018,86,3,70.8,58.93,72.4,50.7,backtest,33.9,52.8,72.8,,18.9,958.0,433.0,1.0,1.0,13.813333333333333,17.711764503927792,301.09999656677246,17.711764503927792,2.0
Ian Thomas,TE,Indiana,2018,101,4,55.5,52.08,64.7,39.5,backtest,26.8,16.6,93.1,,11.8,376.0,502.0,0.0,0.0,8.13,8.13,81.30000000000001,8.13,0.0
Jordan Akins,TE,Central Florida,2018,98,3,54.3,51.64,67.2,37.3,backtest,25.0,28.4,69.1,,,,,0.0,0.0,6.438461544422003,7.766666666666667,116.5,7.766666666666667,0.0
Troy Fumagalli,TE,Wisconsin,2018,156,5,53.1,51.25,39.0,56.9,backtest,64.1,39.3,72.7,21.0,23.1,547.0,325.0,0.0,0.0,,,22.00000023841858,3.14285717691694,
Durham Smythe,TE,Notre Dame,2018,123,4,37.8,45.14,54.0,30.4,backtest,25.5,14.3,61.9,,10.5,244.0,351.0,0.0,0.0,4.523076919408945,5.5076923076923086,71.60000000000001,5.5076923076923086,0.0
Tyler Conklin,TE,Central Michigan,2018,157,5,34.7,44.2,38.1,39.6,backtest,30.6,23.9,76.8,,15.6,504.0,469.0,0.0,0.0,,8.135294170940623,138.3000009059906,8.135294170940623,
Dalton Schultz,TE,Stanford,2018,137,4,34.1,43.81,47.9,32.0,backtest,25.8,12.2,70.9,,10.8,212.0,363.0,0.0,0.0,9.156249977648258,12.28235295940848,208.80000030994407,12.28235295940848,0.0
Will Dissly,TE,Washington,2018,120,4,32.8,43.64,56.4,25.5,backtest,24.8,18.1,37.8,,9.8,281.0,348.0,0.0,0.0,4.364285698958805,7.34,110.1,12.316666666666668,0.0
Jaylen Samuels,TE,North Carolina St.,2018,165,5,30.4,43.21,34.4,39.8,backtest,25.0,28.3,79.1,,,,,0.0,0.0,,,0.0,0.0,0.0
Ryan Izzo,TE,Florida St.,2018,250,7,20.0,39.2,5.9,54.8,backtest,99.9,16.3,45.0,19.0,42.2,,,0.0,0.0,3.09000004529953,3.09000004529953,30.9000004529953,3.09000004529953,0.0
Jordan Thomas,TE,Mississippi St.,2018,211,6,10.2,34.66,17.5,32.4,backtest,25.0,35.4,39.1,,,,,0.0,0.0,4.678571428571429,4.678571428571429,65.5,4.678571428571429,0.0
T.J. Hockenson,TE,Iowa,2019,8,1,97.2,82.06,98.4,64.6,backtest,65.3,45.7,91.9,21.0,25.7,750.0,407.0,1.0,0.0,12.108333349227903,14.6,219.0,14.6,2.0
Noah Fant,TE,Iowa,2019,20,1,87.4,72.17,95.3,49.9,backtest,35.0,32.2,98.9,,20.0,518.0,407.0,1.0,0.0,10.664285778999329,10.664285778999329,159.0000011920929,10.664285778999329,1.0
Josh Oliver,TE,San Jose St.,2019,69,3,80.0,64.42,78.8,57.2,backtest,69.9,28.1,81.6,21.0,100.0,,,0.0,0.0,1.5600000143051147,5.9818181818181815,65.8,5.9818181818181815,0.0
Kahale Warring,TE,San Diego St.,2019,86,3,77.0,62.66,72.4,60.0,backtest,69.9,27.5,94.0,21.0,100.0,,,0.0,0.0,,,6.499999761581421,0.0,
Irv Smith Jr.,TE,Alabama,2019,50,2,74.5,60.66,85.2,38.8,backtest,29.6,41.9,47.8,,14.6,710.0,438.0,0.0,0.0,8.2083331545194,8.2083331545194,98.4999978542328,8.2083331545194,0.0
Jace Sternberger,TE,Texas A&M,2019,75,3,73.3,59.91,77.6,48.5,backtest,50.2,44.7,51.7,22.0,25.4,832.0,439.0,0.0,0.0,3.67500002682209,3.67500002682209,29.40000021457672,3.67500002682209,0.0
Dawson Knox,TE,Mississippi,2019,96,3,70.2,58.93,68.4,54.7,backtest,69.9,14.4,92.5,21.0,63.2,,,1.0,0.0,10.913333527247111,10.913333527247111,163.7000029087067,10.913333527247111,1.0
Drew Sample,TE,Washington,2019,52,2,69.6,58.9,84.3,35.4,backtest,22.4,12.0,89.9,,7.4,245.0,405.0,0.0,0.0,4.9312499538064,4.9312499538064,78.8999992609024,4.9312499538064,0.0
Foster Moreau,TE,LSU,2019,137,4,43.3,46.62,47.9,39.0,backtest,25.5,15.4,94.7,,10.5,272.0,387.0,0.0,0.0,7.108333259820938,7.108333259820938,103.3,7.108333259820938,0.0
Trevon Wesco,TE,West Virginia,2019,121,4,38.4,45.32,55.2,30.1,backtest,23.6,17.5,58.8,,8.6,366.0,445.0,0.0,0.0,,,6.9,0.0,
Zach Gentry,TE,Michigan,2019,141,5,31.6,43.56,45.7,32.7,backtest,33.6,36.9,25.1,,18.6,514.0,340.0,0.0,0.0,3.570000010728836,3.570000010728836,35.70000010728836,3.570000010728836,0.0
Tommy Sweeney,TE,Boston Col.,2019,228,7,24.3,41.33,12.0,54.0,backtest,84.9,19.8,59.0,20.0,100.0,,,0.0,0.0,,,19.4,2.771428568022592,
Kaden Smith,TE,Stanford,2019,176,6,21.8,40.16,28.0,35.6,backtest,32.9,36.6,38.2,,17.9,635.0,423.0,0.0,0.0,2.246153840651879,2.246153840651879,75.8,10.828571428571427,0.0
Caleb Wilson,TE,UCLA,2019,254,7,20.6,39.33,3.1,56.2,backtest,54.3,57.5,57.1,22.0,33.6,965.0,402.0,0.0,0.0,,,0.0,0.0,
Aliz√© Mack,TE,Notre Dame,2019,231,7,10.8,34.69,10.2,38.3,backtest,25.8,19.6,85.0,,10.8,360.0,418.0,0.0,0.0,,,0.0,0.0,
Isaac Nauta,TE,Georgia,2019,224,7,5.9,30.47,13.2,25.7,backtest,29.4,28.8,15.6,,14.4,430.0,356.0,0.0,0.0,,,3.3,0.0,
Cole Kmet,TE,Notre Dame,2020,43,2,81.2,64.82,88.6,45.5,backtest,30.7,31.2,89.2,,15.7,515.0,416.0,0.0,0.0,8.66470588235294,12.073333333333332,181.1,12.073333333333332,0.0
Harrison Bryant,TE,Florida Atlantic,2020,115,4,67.8,58.31,58.9,60.4,backtest,80.3,49.9,46.3,20.0,25.6,1004.0,502.0,0.0,0.0,5.15000004072984,5.15000004072984,62.299999833107,5.15000004072984,0.0
Devin Asiasi,TE,UCLA,2020,91,3,64.7,56.33,71.4,46.2,backtest,48.0,34.8,60.8,22.0,20.9,641.0,426.0,0.0,0.0,,,11.899999618530272,0.0,
Josiah Deguara,TE,Cincinnati,2020,94,3,62.2,54.42,69.3,42.7,backtest,34.7,30.6,72.7,,19.7,504.0,377.0,0.0,0.0,5.125,5.125,61.5,5.125,0.0
Adam Trautman,TE,Dayton,2020,105,3,56.7,52.29,62.9,41.6,backtest,25.0,27.7,87.4,,,,,0.0,0.0,5.754545396024531,5.754545396024531,63.29999935626984,5.754545396024531,0.0
Brycen Hopkins,TE,Purdue,2020,136,4,56.1,52.2,48.8,52.6,backtest,48.7,37.1,81.7,22.0,22.3,830.0,520.0,0.0,0.0,,,17.900000000000002,2.5571428571428574,
Dalton Keene,TE,Virginia Tech,2020,101,3,54.9,51.99,64.7,39.3,backtest,25.2,17.4,93.3,,10.2,236.0,317.0,0.0,0.0,,,4.600000023841858,0.0,
Albert Okwuegbunam,TE,Missouri,2020,118,4,48.2,47.9,57.4,35.5,backtest,27.8,18.3,72.7,,12.8,306.0,376.0,0.0,0.0,5.846153910343464,5.846153910343464,76.00000083446503,5.846153910343464,0.0
Colby Parkinson,TE,Stanford,2020,133,4,47.6,47.88,49.4,40.8,backtest,33.9,33.8,61.5,,18.9,589.0,442.0,0.0,0.0,4.942857142857143,9.414285714285716,131.8,9.414285714285716,0.0
Tyler Davis,TE,Georgia Tech,2020,206,6,12.6,35.37,18.8,32.7,backtest,24.2,10.6,78.8,,9.2,148.0,269.0,0.0,0.0,,,7.5000001192092896,0.0,
Charlie Woerner,TE,Georgia,2020,190,6,9.6,34.3,24.9,25.3,backtest,19.7,1.6,69.2,,4.7,78.0,415.0,0.0,0.0,,1.45,12.8,2.1333333333333333,
Stephen Sullivan,TE,LSU,2020,251,7,3.4,29.07,5.0,29.8,backtest,27.2,2.4,74.5,,12.2,130.0,567.0,0.0,0.0,,2.45,24.5,2.45,
Kyle Pitts,TE,Florida,2021,4,1,95.3,79.1,99.0,52.7,backtest,31.9,44.1,96.5,,16.9,770.0,473.0,1.0,0.0,10.388235260458554,12.4,210.8,12.4,1.0
Pat Freiermuth,TE,Penn St.,2021,55,2,89.8,73.53,82.5,73.4,backtest,99.9,40.4,83.2,19.0,100.0,,,1.0,0.0,9.88,9.9,168.3,9.9,0.0
Hunter Long,TE,Boston Col.,2021,81,3,82.5,65.09,75.4,64.0,backtest,84.9,28.7,85.8,20.0,100.0,,,0.0,0.0,,,32.5,4.642857142857143,
John Bates,TE,Boise St.,2021,124,4,65.9,56.66,53.1,59.5,backtest,84.9,28.5,68.0,20.0,54.5,,,0.0,0.0,4.627272746779702,4.627272746779702,50.90000021457672,4.627272746779702,0.0
Tommy Tremble,TE,Notre Dame,2021,83,3,59.2,53.44,73.9,35.7,backtest,22.6,13.4,89.0,,7.6,217.0,362.0,0.0,0.0,4.646153846153846,5.64,63.900000000000006,5.64,0.0
Luke Farrell,TE,Ohio St.,2021,145,5,53.7,51.43,43.6,53.8,backtest,84.9,1.0,86.2,20.0,35.1,,,0.0,0.0,3.1666666666666665,3.5,31.5,3.5,0.0
Kylen Granson,TE,SMU,2021,127,4,52.4,50.0,52.1,44.0,backtest,32.9,32.8,77.2,,17.9,536.0,376.0,0.0,0.0,4.866666666666666,4.866666666666666,73.0,4.866666666666666,0.0
Tre' McKitty,TE,Georgia,2021,97,3,44.5,46.89,67.8,25.0,backtest,19.3,6.0,62.0,,4.3,108.0,306.0,0.0,0.0,2.15,2.15,17.2,2.15,0.0
Brevin Jordan,TE,Miami (FL),2021,147,5,36.5,45.08,41.7,38.5,backtest,33.9,38.8,45.1,,18.9,576.0,381.0,0.0,0.0,6.975000187754631,6.975000187754631,55.80000150203705,6.975000187754631,0.0
Zach Davidson,TE,Central Missouri St.,2021,168,5,32.2,43.63,33.5,41.8,backtest,25.0,27.7,88.0,,,,,0.0,0.0,,,1.5,0.0,
Noah Gray,TE,Duke,2021,162,5,28.0,41.98,36.2,35.7,backtest,33.2,15.6,69.6,,18.2,278.0,390.0,0.0,0.0,4.4125,7.08125,113.3,7.08125,0.0
Trey McBride,TE,Colorado St.,2022,55,2,91.6,75.51,82.5,78.4,backtest,99.9,55.1,81.0,18.0,100.0,,,1.0,1.0,15.2375,18.58235294117648,315.90000000000003,18.58235294117648,2.0
Greg Dulcich,TE,UCLA,2022,80,3,84.3,68.62,76.3,72.4,backtest,84.0,54.3,82.3,20.0,32.9,725.0,335.0,0.0,0.0,8.610000000000001,8.610000000000001,86.10000000000001,8.610000000000001,0.0
Daniel Bellinger,TE,San Diego St.,2022,112,4,77.6,63.25,59.8,71.6,backtest,99.9,26.8,96.5,18.0,100.0,,,0.0,0.0,6.818181818181818,6.818181818181818,75.0,6.818181818181818,0.0
Charlie Kolar,TE,Iowa St.,2022,128,4,75.7,61.98,51.2,74.3,backtest,99.9,37.5,91.0,19.0,100.0,,,0.0,0.0,,3.290909090909091,36.2,4.042857142857143,
Jeremy Ruckert,TE,Ohio St.,2022,101,3,73.9,60.42,64.7,60.4,backtest,99.9,12.7,72.7,19.0,57.5,,,0.0,0.0,3.1100000000000003,3.5230769230769234,45.8,3.5230769230769234,0.0
Jelani Woods,TE,Virginia,2022,73,3,69.0,58.61,78.2,44.4,backtest,27.7,24.0,100.0,,12.7,598.0,554.0,0.0,0.0,6.183333333333334,6.183333333333334,74.2,6.183333333333334,0.0
Isaiah Likely,TE,Coastal Carolina,2022,139,4,68.4,58.54,46.3,69.5,backtest,80.7,72.1,48.7,20.0,26.4,912.0,322.0,0.0,0.0,8.246666666666666,8.246666666666666,123.7,8.246666666666666,0.0
Jake Ferguson,TE,Wisconsin,2022,129,4,67.2,58.3,50.6,65.4,backtest,94.5,34.7,67.8,19.0,24.1,450.0,300.0,1.0,0.0,10.41764705882353,11.18235294117647,190.1,11.18235294117647,1.0
Cade Otton,TE,Washington,2022,106,4,62.9,54.59,62.2,47.7,backtest,66.7,12.1,72.7,21.0,28.5,250.0,409.0,1.0,0.0,10.042857142857144,10.042857142857144,140.6,10.042857142857144,1.0
Cole Turner,TE,Nevada,2022,149,5,58.0,52.73,40.8,58.3,backtest,78.1,28.2,74.0,20.0,21.2,677.0,572.0,0.0,0.0,,,23.0,3.2857142857142856,
Teagan Quitoriano,TE,Oregon St.,2022,170,5,48.8,48.6,32.8,54.8,backtest,99.9,14.7,47.4,19.0,79.4,,,0.0,0.0,,,30.3,4.328571428571428,
Chigoziem Okonkwo,TE,Maryland,2022,143,4,33.5,43.75,44.8,33.9,backtest,26.3,21.0,64.6,,11.3,447.0,489.0,0.0,0.0,7.1000000000000005,7.294117647058823,124.0,7.294117647058823,0.0
Andrew Ogletree,TE,Youngstown St.,2022,192,6,23.7,41.19,24.3,43.1,backtest,25.0,27.7,93.4,,,,,0.0,0.0,3.5700000000000003,3.5700000000000003,35.7,3.5700000000000003,0.0
Nick Muse,TE,South Carolina,2022,227,7,21.2,40.06,12.6,50.5,backtest,64.0,12.3,87.8,21.0,22.9,222.0,360.0,0.0,0.0,,,3.2,0.0,
Grant Calcaterra,TE,SMU,2022,198,6,18.2,38.8,21.5,39.0,backtest,27.7,21.8,81.5,,12.7,465.0,468.0,0.0,0.0,4.6000000000000005,4.6000000000000005,59.8,4.6000000000000005,0.0
James Mitchell,TE,Virginia Tech,2022,177,5,16.9,38.26,27.0,31.2,backtest,34.7,0.0,72.7,,19.7,42.0,316.0,0.0,0.0,3.5375,3.5375,28.3,3.5375,0.0
Connor Heyward,TE,Michigan St.,2022,208,6,13.2,35.95,18.2,34.8,backtest,25.0,19.3,72.7,,,,,0.0,0.0,4.4750000000000005,4.4750000000000005,39.7,4.4750000000000005,0.0
John FitzPatrick,TE,Georgia,2022,213,6,7.7,31.85,16.6,26.0,backtest,18.8,2.1,72.7,,3.8,83.0,407.0,0.0,0.0,,2.52,25.2,2.52,
Ko Kieft,TE,Minnesota,2022,218,6,2.8,28.4,15.1,18.8,backtest,19.8,6.1,36.4,,4.8,101.0,256.0,0.0,0.0,2.625,2.625,21.0,2.625,0.0
Luke Musgrave,TE,Oregon St.,2023,42,2,94.7,78.16,89.8,78.3,backtest,84.9,58.8,97.8,20.0,74.9,,,0.0,0.0,6.836363636363637,6.836363636363637,75.2,6.836363636363637,0.0
Michael Mayer,TE,Notre Dame,2023,35,2,94.1,77.49,91.3,72.7,backtest,82.5,60.4,76.6,20.0,30.0,809.0,338.0,0.0,0.0,6.15,6.15,73.8,6.15,0.0
Sam LaPorta,TE,Iowa,2023,34,2,92.9,77.2,92.3,71.4,backtest,83.6,46.7,90.3,20.0,32.2,656.0,349.0,1.0,1.0,14.076470588235296,14.076470588235296,239.3,14.076470588235296,3.0
Dalton Kincaid,TE,Utah,2023,25,1,90.4,73.79,93.8,57.4,backtest,50.3,47.3,83.2,22.0,25.5,890.0,446.0,0.0,0.0,10.508333333333336,10.508333333333336,150.3,10.508333333333336,1.0
Brenton Strange,TE,Penn St.,2023,61,2,86.1,70.81,80.6,69.5,backtest,99.9,24.8,90.9,19.0,85.8,,,0.0,0.0,9.833333333333334,9.833333333333334,118.0,9.833333333333334,0.0
Tucker Kraft,TE,South Dakota St.,2023,78,3,81.8,64.82,77.0,62.1,backtest,79.3,21.8,96.7,20.0,23.7,348.0,369.0,1.0,1.0,14.65,14.65,163.3,14.65,1.0
Luke Schoonmaker,TE,Michigan,2023,58,2,75.1,61.31,81.2,44.3,backtest,28.6,23.9,98.6,,13.6,418.0,370.0,0.0,0.0,5.71,5.71,57.1,5.71,0.0
Darnell Washington,TE,Georgia,2023,93,3,61.6,54.36,70.2,42.1,backtest,25.2,21.2,98.8,,10.2,454.0,492.0,0.0,0.0,5.646153846153847,5.646153846153847,73.4,5.646153846153847,0.0
Cameron Latu,TE,Alabama,2023,101,3,50.0,49.05,64.7,32.0,backtest,25.3,18.5,62.2,,10.3,377.0,438.0,0.0,0.0,,,0.0,0.0,
Will Mallory,TE,Miami (FL),2023,162,5,40.8,46.0,36.2,45.8,backtest,33.7,28.0,90.5,,18.7,538.0,413.0,0.0,0.0,3.5181818181818185,3.5181818181818185,38.7,3.5181818181818185,0.0
Josh Whyle,TE,Cincinnati,2023,147,5,39.0,45.58,41.7,39.8,backtest,29.8,16.5,89.8,,14.8,326.0,417.0,0.0,0.0,4.342857142857143,4.342857142857143,60.8,4.342857142857143,0.0
Davis Allen,TE,Clemson,2023,175,5,28.6,42.11,28.9,40.2,backtest,28.6,21.3,85.8,,13.6,443.0,478.0,0.0,0.0,4.1866666666666665,4.1866666666666665,62.8,4.1866666666666665,0.0
Payne Durham,TE,Purdue,2023,171,5,23.0,40.7,31.9,35.4,backtest,29.5,21.1,65.8,,14.5,560.0,581.0,0.0,0.0,,,34.5,1.8,
Zack Kuntz,TE,Old Dominion,2023,220,7,18.8,38.87,13.9,45.6,backtest,49.9,5.0,100.0,22.0,24.8,144.0,417.0,0.0,0.0,,,0.0,0.0,
Brayden Willis,TE,Oklahoma,2023,247,7,7.1,31.19,7.1,34.0,backtest,30.5,28.7,47.1,,15.5,514.0,407.0,0.0,0.0,,,0.0,0.0,
Brock Bowers,TE,Georgia,2024,13,1,98.4,83.73,97.2,73.4,backtest,99.9,40.3,83.2,18.0,23.3,714.0,456.0,1.0,1.0,15.452941176470588,15.452941176470588,262.7,15.452941176470588,2.0
Ben Sinnott,TE,Kansas St.,2024,53,2,89.2,72.67,83.7,70.3,backtest,84.9,37.6,97.3,20.0,100.0,,,0.0,0.0,3.55,3.55,28.4,3.55,0.0
Theo Johnson,TE,Penn St.,2024,107,4,78.2,63.3,61.3,69.9,backtest,99.9,20.3,99.3,19.0,78.9,,,0.0,0.0,8.52,8.52,127.8,8.52,0.0
Cade Stover,TE,Ohio St.,2024,123,4,65.3,56.63,54.0,59.1,backtest,69.9,32.9,82.2,21.0,100.0,,,0.0,0.0,2.6384615384615384,2.6384615384615384,34.3,3.316666666666667,0.0
Tip Reiman,TE,Illinois,2024,82,3,59.8,53.89,74.5,36.4,backtest,21.4,9.7,99.2,,6.4,203.0,414.0,0.0,0.0,,,9.7,0.0,
Ja'Tavion Sanders,TE,Texas,2024,101,4,57.4,52.7,64.7,41.1,backtest,34.5,36.7,57.5,,19.5,682.0,475.0,0.0,0.0,4.909090909090909,4.909090909090909,73.2,4.909090909090909,0.0
Erick All,TE,Iowa,2024,115,4,50.6,49.13,58.9,37.5,backtest,33.0,18.4,72.7,,18.0,299.0,348.0,0.0,0.0,4.4750000000000005,4.4750000000000005,35.800000000000004,4.4750000000000005,0.0
Jared Wiley,TE,TCU,2024,131,4,49.4,48.92,50.0,42.7,backtest,28.9,22.9,93.0,,13.9,520.0,503.0,0.0,0.0,,,1.7000000000000002,0.0,
AJ Barner,TE,Michigan,2024,121,4,45.7,47.64,55.2,35.9,backtest,22.8,15.0,87.0,,7.8,249.0,361.0,0.0,0.0,8.664705882352942,8.664705882352942,147.3,8.664705882352942,0.0
Jaheim Bell,TE,Florida St.,2024,231,7,39.6,45.65,10.2,65.7,backtest,84.9,33.9,84.5,20.0,100.0,,,0.0,0.0,,,4.0,0.0,
Tanner McLachlan,TE,Arizona,2024,194,6,19.4,38.98,23.4,38.2,backtest,28.2,22.6,76.6,,13.2,528.0,464.0,0.0,0.0,,,0.0,0.0,
Devin Culp,TE,Washington,2024,246,7,5.3,30.14,8.0,31.1,backtest,23.2,5.3,81.4,,8.2,208.0,575.0,0.0,0.0,,,13.8,0.0,
Colston Loveland,TE,Michigan,2025,10,1,99.0,86.14,97.8,76.8,backtest,99.8,49.4,83.2,19.0,34.7,582.0,308.0,0.0,0.0,10.31875,10.31875,165.1,10.31875,1.0
Tyler Warren,TE,Penn St.,2025,14,1,97.8,82.97,96.6,72.3,backtest,84.9,52.5,83.2,20.0,71.6,,,1.0,0.0,11.088235294117649,11.088235294117649,188.5,11.088235294117649,1.0
Harold Fannin,TE,Bowling Green,2025,67,3,95.9,79.66,80.0,94.3,backtest,99.9,99.9,77.7,19.0,49.6,1550.0,419.0,1.0,0.0,11.775,11.775,188.4,11.775,1.0
Terrance Ferguson,TE,Oregon,2025,46,2,80.6,64.44,86.8,46.2,backtest,30.1,30.9,93.2,,15.1,591.0,460.0,0.0,0.0,4.736363636363636,4.736363636363636,52.1,4.736363636363636,0.0
Mason Taylor,TE,LSU,2025,42,2,78.8,63.75,89.8,42.3,backtest,28.4,25.2,88.9,,13.4,546.0,533.0,0.0,0.0,6.684615384615385,6.684615384615385,86.9,6.684615384615385,0.0
Elijah Arroyo,TE,Miami (FL),2025,50,2,76.3,62.0,85.2,42.1,backtest,28.0,28.8,83.2,,13.0,590.0,489.0,0.0,0.0,2.9923076923076923,2.9923076923076923,38.9,2.9923076923076923,0.0
Oronde Gadsden II,TE,Syracuse,2025,165,5,64.1,55.7,34.4,71.0,backtest,98.6,37.7,79.5,19.0,32.2,922.0,598.0,0.0,0.0,8.893333333333334,8.893333333333334,133.4,8.893333333333334,0.0
Gunnar Helm,TE,Texas,2025,120,4,46.3,47.7,56.4,35.7,backtest,32.8,33.5,43.3,,17.8,786.0,541.0,0.0,0.0,5.73125,5.73125,91.7,5.73125,0.0
Mitchell Evans,TE,Notre Dame,2025,163,5,29.8,42.33,35.3,36.9,backtest,28.3,21.8,72.5,,13.3,421.0,445.0,0.0,0.0,3.707692307692308,3.707692307692308,48.2,3.707692307692308,0.0
Jackson Hawes,TE,Georgia Tech,2025,173,5,16.3,37.93,30.7,29.1,backtest,21.3,8.1,72.3,,6.3,195.0,410.0,0.0,0.0,4.053846153846154,4.053846153846154,52.7,4.053846153846154,0.0
Gavin Bartholomew,TE,Pittsburgh,2025,202,6,15.7,37.88,19.7,37.8,backtest,27.6,14.2,88.7,,12.6,329.0,499.0,0.0,0.0,,,0.0,0.0,
Thomas Fidone,TE,Nebraska,2025,219,7,15.1,37.82,14.5,42.7,backtest,30.9,19.5,94.9,,15.9,373.0,434.0,0.0,0.0,,,0.0,0.0,
Robbie Ouzts,TE,Alabama,2025,175,5,11.4,34.8,28.9,21.9,backtest,18.5,4.4,53.3,,3.5,108.0,354.0,0.0,0.0,,,0.0,0.0,
Moliki Matavao,TE,UCLA,2025,248,7,9.0,33.52,6.5,40.1,backtest,32.4,30.5,65.9,,17.4,506.0,398.0,0.0,0.0,,,3.0,0.0,
Luke Lachey,TE,Iowa,2025,255,7,8.4,32.04,2.2,38.3,backtest,34.5,18.0,74.2,,19.5,231.0,260.0,0.0,0.0,,,0.0,0.0,
Caleb Lohner,TE,Utah,2025,241,7,4.7,29.72,9.0,28.6,backtest,17.3,0.3,88.3,,2.3,54.0,358.0,0.0,0.0,,,0.0,0.0,
Kenyon Sadiq,TE,Oregon,2026,19,1,82.5,65.12,95.9,31.5,2026_prospect,29.8,14.3,60.0,,14.826581943341278,560.0,437.0,,,,,,,
Eli Stowers,TE,Vanderbilt,2026,74,3,66.5,57.93,77.6,43.1,2026_prospect,66.4,22.0,40.0,21.0,27.806563039723663,765.0,400.0,,,,,,,
Max Klare,TE,Ohio State,2026,81,3,63.5,55.31,75.4,39.6,2026_prospect,68.0,10.9,40.0,20.8,30.908269317668324,448.0,408.0,,,,,,,
Justin Joly,TE,NC State,2026,103,4,59.2,53.69,62.9,44.3,2026_prospect,80.3,11.3,40.0,19.3,25.55604012211077,489.0,413.0,,,,,,,
Michael Trigg,TE,Baylor,2026,94,3,48.2,48.17,69.3,27.0,2026_prospect,31.8,13.6,40.0,22.8,18.670971213344096,694.0,510.0,,,,,,,
Tanner Koziol,TE,Houston,2026,158,5,38.4,45.34,37.1,42.8,2026_prospect,66.7,20.9,40.0,20.3,28.34964562942963,727.0,377.0,,,,,,,
Jack Endries,TE,Texas,2026,125,4,35.9,44.72,52.4,30.0,2026_prospect,46.8,6.6,40.0,21.4,18.59701492537313,346.0,420.0,,,,,,,
Eli Raridon,TE,Notre Dame,2026,140,5,34.1,43.9,45.7,33.2,2026_prospect,45.6,16.3,40.0,21.8,16.19079610345986,482.0,322.0,,,,,,,
Oscar Delp,TE,Georgia,2026,113,4,29.8,42.64,59.2,20.5,2026_prospect,23.4,4.5,40.0,,8.432956381260096,261.0,417.0,,,,,,,
Dallen Bentley,TE,Utah,2026,141,5,29.2,42.21,45.7,29.3,2026_prospect,34.1,17.5,40.0,22.5,23.16890881913304,620.0,373.0,,,,,,,
Joe Royer,TE,Cincinnati,2026,142,5,21.8,40.6,45.1,25.6,2026_prospect,31.7,10.0,40.0,22.7,18.39323467230444,416.0,363.0,,,,,,,
John Michael Gyllenborg,TE,Wyoming,2026,178,6,20.6,39.47,26.1,34.5,2026_prospect,62.1,3.3,40.0,20.9,19.200351493848856,217.0,384.0,,,,,,,
Sam Roush,TE,Stanford,2026,159,5,14.5,37.45,37.1,23.4,2026_prospect,22.7,13.0,40.0,23.4,20.473328324567994,545.0,391.0,,,,,,,
Dae'Quan Wright,TE,Mississippi,2026,179,6,12.6,35.76,26.1,25.6,2026_prospect,29.0,12.5,40.0,,13.996175908221796,635.0,523.0,,,,,,,
Seydou Traore,TE,Mississippi State,2026,250,7,9.6,34.39,5.9,42.8,2026_prospect,79.1,8.3,40.0,19.8,23.25925925925926,372.0,390.0,,,,,,,
Nate Boerkircher,TE,Texas A&M,2026,173,5,9.0,33.79,30.7,18.8,2026_prospect,20.9,2.5,40.0,,5.88410104011887,204.0,408.0,,,,,,,
Jaren Kanak,TE,Oklahoma,2026,250,7,8.4,32.49,5.9,38.0,2026_prospect,61.1,13.6,40.0,20.8,17.29200652528548,533.0,431.0,,,,,,,
Marlin Klein,TE,Michigan,2026,187,6,8.4,33.22,25.5,21.7,2026_prospect,25.2,5.9,40.0,,10.214168039538714,248.0,340.0,,,,,,,
Josh Cuevas,TE,Alabama,2026,197,6,8.4,32.08,21.8,21.8,2026_prospect,25.4,6.1,40.0,,10.423535379152929,411.0,523.0,,,,,,,
Riley Nowakowski,TE,Indiana,2026,211,6,6.5,30.7,17.5,22.5,2026_prospect,25.1,8.3,40.0,,10.128238680973569,387.0,406.0,,,,,,,
Jack Velling,TE,Michigan State,2026,250,7,3.4,29.32,5.9,30.1,2026_prospect,45.4,8.3,40.0,21.7,15.777351247600768,359.0,378.0,,,,,,,
Carsen Ryan,TE,BYU,2026,250,7,1.6,26.88,5.9,24.0,2026_prospect,22.5,14.8,40.0,23.2,20.090732339598187,620.0,403.0,,,,,,,
Lance Mason,TE,Wisconsin,2026,250,7,1.6,27.06,5.9,24.5,2026_prospect,24.7,13.9,40.0,23.4,24.312767257177764,398.0,272.0,,,,,,,
Toby Payne,TE,Marshall,2026,250,7,1.6,27.47,5.9,25.5,2026_prospect,30.4,10.9,40.0,22.9,15.770465489566613,387.0,335.0,,,,,,,
Lake McRee,TE,USC,2026,250,7,1.6,26.84,5.9,23.9,2026_prospect,26.6,10.6,40.0,,11.564449064449065,450.0,420.0,,,,,,,
Nate Rutchena,TE,UC Davis,2026,250,7,1.6,27.04,5.9,24.4,2026_prospect,31.8,6.6,40.0,,,,,,,,,,,
Matthew Hibner,TE,SMU,2026,250,7,1.6,26.44,5.9,22.9,2026_prospect,26.8,7.6,40.0,,11.825332248440466,436.0,460.0,,,,,,,
Chamon Metayer,TE,Arizona State,2026,250,7,1.6,26.56,5.9,23.2,2026_prospect,28.0,7.3,40.0,,12.980269989615785,375.0,430.0,,,,,,,
Dan Villari,TE,Syracuse,2026,250,7,1.6,25.59,5.9,20.8,2026_prospect,20.4,8.4,40.0,24.1,15.77924601632336,412.0,408.0,,,,,,,
Ty Thompson,TE,Tulane,2026,250,7,1.6,25.76,5.9,21.2,2026_prospect,23.3,6.6,40.0,,8.252032520325203,,425.0,,,,,,,
Brett Norfleet,TE,Missouri,2026,250,7,1.6,25.92,5.9,21.6,2026_prospect,25.4,5.6,40.0,,10.39279869067103,254.0,361.0,,,,,,,
R.J. Maryland,TE,SMU,2026,250,7,1.6,26.21,5.9,22.3,2026_prospect,28.3,4.6,40.0,,13.31619537275064,322.0,460.0,,,,,,,
Bauer Sharp,TE,LSU,2026,250,7,1.6,26.26,5.9,22.5,2026_prospect,29.5,3.7,40.0,,14.522635589421784,252.0,443.0,,,,,,,
DJ Rogers,TE,TCU,2026,250,7,1.6,25.54,5.9,20.7,2026_prospect,23.5,5.0,40.0,,8.508935716190983,319.0,460.0,,,,,,,
Cooper Flanagan,TE,Notre Dame,2026,250,7,1.6,24.78,5.9,18.8,2026_prospect,16.7,6.6,40.0,,1.7421602787456445,,322.0,,,,,,,
Miles Kitselman,TE,Tennessee,2026,250,7,1.6,25.62,5.9,20.9,2026_prospect,25.5,3.5,40.0,,10.465924895688456,253.0,437.0,,,,,,,
Ethan Davis,TE,Tennessee,2026,250,7,1.6,25.08,5.9,19.5,2026_prospect,21.8,3.6,40.0,,6.756046267087276,257.0,437.0,,,,,,,
Jameson Geers,TE,Minnesota,2026,250,7,1.6,25.45,5.9,20.4,2026_prospect,25.1,2.7,40.0,,10.13631597343586,206.0,399.0,,,,,,,
Josh Kattus,TE,Kentucky,2026,250,7,1.6,25.15,5.9,19.7,2026_prospect,23.0,2.9,40.0,,7.995079950799508,195.0,367.0,,,,,,,
Andrew Rappleyea,TE,Penn State,2026,250,7,1.6,25.06,5.9,19.5,2026_prospect,22.4,2.9,40.0,,7.395234182415776,180.0,339.0,,,,,,,
Jaleel Skinner,TE,Louisville,2026,250,7,1.6,24.99,5.9,19.3,2026_prospect,22.2,2.6,40.0,,7.150368033648791,204.0,418.0,,,,,,,
Khalil Dinkins,TE,Penn State,2026,250,7,1.6,24.91,5.9,19.1,2026_prospect,21.9,2.4,40.0,,6.86113393590797,167.0,339.0,,,,,,,
Will Kacmarek,TE,Ohio State,2026,250,7,1.6,25.15,5.9,19.7,2026_prospect,24.2,1.6,40.0,,9.204545454545451,168.0,408.0,,,,,,,
Benji Gosnell,TE,Virginia Tech,2026,250,7,1.6,25.61,5.9,20.8,2026_prospect,28.9,0.0,40.0,,13.878713878713878,86.0,319.0,,,,,,,
Tanner Arkin,TE,Illinois,2026,250,7,1.6,24.27,5.9,17.5,2026_prospect,19.9,0.0,40.0,,4.948805460750854,114.0,372.0,,,,,,,
Amari Niblack,TE,Texas A&M,2026,250,7,1.6,25.11,5.9,19.6,2026_prospect,25.6,0.0,40.0,,10.579100614687803,69.0,408.0,,,,,,,
Jack Pedersen,TE,UCLA,2026,250,7,1.6,24.15,5.9,17.2,2026_prospect,19.2,0.0,40.0,,4.203997243280496,72.0,361.0,,,,,,,
Luke Hasz,TE,Mississippi,2026,250,7,1.6,25.21,5.9,19.8,2026_prospect,26.2,0.0,40.0,,11.244444444444444,28.0,523.0,,,,,,,
Holden Staes,TE,Indiana,2026,250,7,1.6,24.35,5.9,17.7,2026_prospect,20.5,0.0,40.0,,5.472636815920398,62.0,406.0,,,,,,,
Davin Stoffel,TE,Illinois,2026,250,7,1.0,23.64,5.9,15.9,2026_prospect,15.8,0.0,40.0,,0.787143325680551,24.0,372.0,,,,,,,
Joey Schlaffer,TE,Penn State,2026,250,7,1.0,23.64,5.9,15.9,2026_prospect,15.8,0.0,40.0,,0.780608052588332,19.0,339.0,,,,,,,
Shamar Easter,TE,North Carolina,2026,250,7,1.0,23.65,5.9,15.9,2026_prospect,15.9,0.0,40.0,,0.8608971454463071,17.0,355.0,,,,,,,
