player_name,position,college,conference,draft_year,draft_pick,draft_round,dataset,birthdate,draft_age,slap_display_score,slap_model_score,dc_score,prospect_profile,breakout_score,production_score,speed_score,te_breakout_score,te_production_score,ras_score,teammate_score,early_declare_score,height_in,weight,hand_size,arm_length,wingspan,bmi,forty,ten_yard_split,vertical_jump,broad_jump_inches,bench_press,three_cone,twenty_yard_shuttle,ras_unofficial,rush_yards,rush_attempts,rush_tds,yards_per_carry,games_played,rec_yards,receptions,rec_tds,yards_per_reception,dominator_rating,rec_yards_share,rec_td_share,peak_dominator,breakout_age,breakout_season,rec_yards_per_team_pass_att,team_pass_att,bdr,anatomy_wdom,anatomy_yptpa,anatomy_ypr_dom,anatomy_boy,anatomy_ypr,anatomy_boa,anatomy_peak_yardage,anatomy_peak_rec,anatomy_burst_score,anatomy_college_ypa,anatomy_ypa_dom,pff_overall_grade,pff_receiving_grade,pff_rushing_grade,pff_yprr,yards_per_route_run,pff_elusive_rating,nfl_best_ppr,nfl_best_ppg,nfl_career_ppg,nfl_first_3yr_ppg,nfl_hit24,nfl_hit12,nfl_seasons_10ppg_3yr,nfl_seasons_10ppg,nfl_games,teammate_count,total_teammate_dc,teammate_names,college_seasons_found,seasons_played
Jeremiyah Love,RB,Notre Dame,FBS Independents,2026,9,1,2026_prospect,2005-05-31,20.9,98.1,81.69,96.4,60.6,,57.1,81.5,,,,,,72.0,214.0,,,,29.02,4.36,1.55,,,,,,,1372.0,199.0,18.0,6.89,12.0,280.0,27.0,3.0,10.37,10.6,9.1,12.0,,,,0.87,322.0,59.96820962174901,,,,,,,1652.0,28.0,,6.6,9.5,,,,,,,,,,,,,,,,,,,,
Jadarian Price,RB,Notre Dame,FBS Independents,2026,53,2,2026_prospect,2003-10-09,22.5,72.2,55.43,84.5,20.4,,17.0,41.2,,,,,,70.625,203.0,9.63,30.88,,28.61,4.49,1.52,35.0,124.0,,,,8.76,674.0,113.0,11.0,5.96,12.0,87.0,6.0,2.0,14.5,5.4,2.8,8.0,,,,0.27,322.0,30.57204614657256,,,,,,,761.0,6.0,121.5,6.0,-0.5,,,,,,,,,,,,,,,,,,,,
Jonah Coleman,RB,Washington,Big Ten,2026,75,3,2026_prospect,2003-08-20,22.7,85.4,63.23,77.0,55.3,,57.4,42.6,,,,,,69.0,228.0,,,,33.67,,,,,,,,,758.0,156.0,15.0,4.86,13.0,354.0,31.0,2.0,11.42,9.4,11.1,7.7,,,,0.96,370.0,72.88979035503343,,,,,,,1237.0,31.0,,5.5,0.9,,,,,,,,,,,,,,,,,,,,
Emmett Johnson,RB,Nebraska,Big Ten,2026,77,3,2026_prospect,2003-10-10,22.5,85.4,63.32,76.6,56.6,,61.5,27.2,,,,,,70.25,202.0,9.75,30.25,,28.77,4.56,1.59,35.5,120.0,,,4.29,5.85,1451.0,251.0,12.0,5.78,13.0,370.0,46.0,3.0,8.04,12.9,12.7,13.0,,,,0.98,378.0,76.28178903728757,,,,,,,1821.0,46.0,120.4,5.4,10.2,,,,,,,,,,,,,,,,,,,,
Nick Singleton,RB,Penn State,Big Ten,2026,113,4,2026_prospect,2004-01-06,22.3,65.6,51.63,63.4,40.9,,40.6,42.6,,,,,,72.0,224.0,,,,30.38,,,,,,,,,549.0,123.0,13.0,4.46,13.0,219.0,24.0,1.0,9.12,7.6,9.0,6.2,,,,0.65,339.0,,,,,,,,,,,,,,,,,,,,,,,,,,,,,,,,
Mike Washington Jr.,RB,Arkansas,SEC,2026,118,4,2026_prospect,2003-07-03,22.8,65.6,51.79,60.8,43.6,,34.2,99.9,,,,,,73.0,223.0,9.25,33.63,,29.42,4.33,1.51,39.0,128.0,,,,10.0,1068.0,168.0,8.0,6.36,12.0,226.0,28.0,1.0,8.07,5.9,7.2,4.5,,,,0.59,381.0,,,,,,,,1292.0,28.0,130.3,4.9,-0.4,,,,,,,,,,,,,,,,,,,,
Kaytron Allen,RB,Penn State,Big Ten,2026,126,4,2026_prospect,2003-01-08,23.3,38.8,41.01,54.4,16.4,,12.0,42.6,,,,,,71.0,217.0,,,,30.26,,,,,,,,,1303.0,210.0,15.0,6.2,13.0,68.0,18.0,0.0,3.78,1.4,2.8,0.0,,,,0.2,339.0,35.23404877034388,,,,,,,1371.0,20.0,,5.4,0.9,,,,,,,,,,,,,,,,,,,,
Seth McGowan,RB,Kentucky,SEC,2026,159,5,2026_prospect,2000-10-17,25.5,29.6,38.7,37.0,23.7,,17.2,62.6,,,,,,72.25,223.0,8.75,31.38,,30.03,4.49,1.52,42.5,131.0,,,4.5,9.63,725.0,165.0,12.0,4.39,12.0,126.0,19.0,0.0,6.63,2.6,5.2,0.0,,,,0.34,367.0,43.7448815243503,,,,,,,1104.0,24.0,137.8,5.1,1.4,,,,,,,,,,,,,,,,,,,,
Kaelon Black,RB,Indiana,Big Ten,2026,161,5,2026_prospect,2001-10-17,24.5,19.5,33.79,37.0,10.4,,5.1,42.6,,,,,,70.0,210.0,,,,30.13,,,,,,,,,1039.0,187.0,10.0,5.56,16.0,36.0,4.0,0.0,9.0,0.5,0.9,0.0,,,,0.09,406.0,31.07834782724201,,,,,,,1076.0,25.0,,5.3,6.0,,,,,,,,,,,,,,,,,,,,
Adam Randall,RB,Clemson,ACC,2026,194,6,2026_prospect,2004-07-14,21.8,32.2,39.28,25.8,38.9,,33.7,70.0,,,,,,75.375,232.0,9.75,32.38,,28.71,4.5,1.54,37.0,124.0,,,4.53,9.42,814.0,168.0,10.0,4.85,13.0,254.0,36.0,3.0,7.06,10.5,7.3,13.6,,,,0.54,474.0,82.24958494163216,,,,,,,1059.0,36.0,124.9,5.0,11.1,,,,,,,,,,,,,,,,,,,,
Demond Claiborne,RB,Wake Forest,ACC,2026,195,6,2026_prospect,2003-10-09,22.5,20.8,34.46,25.2,25.5,,21.7,48.2,,,,,,69.75,188.0,9.0,30.13,,27.17,4.37,1.54,,122.0,,,,8.48,905.0,179.0,10.0,5.06,13.0,140.0,28.0,0.0,5.0,2.3,4.5,0.0,,,,0.34,406.0,45.9591679183694,,,,,,,1303.0,28.0,,4.7,1.5,,,,,,,,,,,,,,,,,,,,
Roman Hemby,RB,Indiana,Big Ten,2026,197,6,2026_prospect,2002-08-16,23.7,20.8,34.38,24.3,26.0,,23.2,42.6,,,,,,72.0,208.0,,,,28.21,,,,,,,,,1120.0,230.0,7.0,4.87,16.0,165.0,17.0,0.0,9.71,2.2,4.3,0.0,,,,0.41,406.0,47.19973035301378,,,,,,,1284.0,40.0,,4.9,-1.5,,,,,,,,,,,,,,,,,,,,
Robert Henry Jr.,RB,UTSA,American Athletic,2026,215,6,2026_prospect,2001-12-31,24.3,10.2,28.54,16.8,15.9,,13.8,28.2,,,,,,69.25,196.0,9.13,30.13,,28.73,4.52,1.56,37.0,124.0,,,4.31,7.47,1045.0,151.0,9.0,6.92,13.0,114.0,18.0,2.0,6.33,4.7,3.5,5.9,,,,0.25,448.0,47.612901662251126,,,,,,,1.163,21.0,124.9,5.9,14.2,,,,,,,,,,,,,,,,,,,,
J'Mari Taylor,RB,Virginia,ACC,2026,222,7,2026_prospect,2002-03-15,24.1,17.7,33.06,14.2,31.3,,29.4,42.6,,,,,,69.0,204.0,,,,30.12,,,34.5,115.0,,,,,1062.0,222.0,14.0,4.78,14.0,253.0,43.0,1.0,5.88,6.6,7.6,5.6,,,,0.51,492.0,60.73049927423418,,,,,,,1413.0,43.0,116.2,5.1,-7.7,,,,,,,,,,,,,,,,,,,,
Eli Heidenreich,RB,Navy,American Athletic,2026,228,7,2026_prospect,2003-07-28,22.7,68.2,53.62,12.9,92.1,,99.9,45.6,,,,,,72.0,198.0,9.5,29.25,,26.85,4.44,1.54,35.5,120.0,,,,9.12,499.0,77.0,3.0,6.48,13.0,941.0,51.0,6.0,18.45,52.8,55.7,50.0,,,,5.17,182.0,,,,,,,,1440.0,51.0,120.4,6.8,24.5,,,,,,,,,,,,,,,,,,,,
Le'Veon Moss,RB,Texas A&M,SEC,2026,244,7,2026_prospect,2002-11-15,23.4,1.0,21.69,6.3,6.5,,0.4,42.6,,,,,,71.0,210.0,,,,29.29,,,,,,,,,404.0,77.0,6.0,5.25,13.0,3.0,2.0,0.0,1.5,0.0,0.1,0.0,,,,0.01,408.0,14.103921776271664,,,,,,,905.0,11.0,,5.5,9.3,,,,,,,,,,,,,,,,,,,,
Kaden Feagin,RB,Illinois,Big Ten,2026,250,7,2026_prospect,2004-03-23,22.1,12.0,30.37,4.1,33.3,,31.8,42.6,,,,,,75.0,250.0,,,,31.24,,,,,,,,,507.0,122.0,7.0,4.16,13.0,188.0,16.0,2.0,11.75,7.4,6.1,8.7,,,,0.51,372.0,61.758049557450754,,,,,,,,,,,,,,,,,,,,,,,,,,,,,,,
Rueben Owens,RB,Texas A&M,SEC,2026,250,7,2026_prospect,2003-10-02,22.6,8.0,26.58,4.1,22.5,,19.1,42.6,,,,,,71.0,215.0,,,,29.98,,,,,,,,,639.0,119.0,5.0,5.37,13.0,130.0,13.0,0.0,10.0,1.9,3.8,0.0,,,,0.32,408.0,28.17199248120301,,,,,,,,,,,,,,,,,,,,,,,,,,,,,,,
TJ Harden,RB,SMU,ACC,2026,250,7,2026_prospect,2004-04-23,22.0,3.6,24.72,4.1,17.2,,12.9,42.6,,,,,,74.0,220.0,,,,28.24,,,,,,,,,787.0,171.0,9.0,4.6,13.0,99.0,19.0,1.0,5.21,3.3,2.7,3.8,,,,0.22,460.0,34.77080014991099,,,,,,,,,,,,,,,,,,,,,,,,,,,,,,,
Kedrick Reescano,RB,Arizona,Big 12,2026,250,7,2026_prospect,MISSING,,1.0,21.33,4.1,7.5,,1.6,42.6,,,,,,72.0,213.0,,,,28.88,,,,,,,,,396.0,84.0,9.0,4.71,13.0,12.0,3.0,0.0,4.0,0.2,0.4,0.0,,,,0.03,447.0,21.796008489661784,,,,,,,,,,,,,,,,,,,,,,,,,,,,,,,
Djay Braswell,RB,Georgia State,Sun Belt,2026,250,7,2026_prospect,2004-12-29,21.3,1.0,21.52,4.1,8.0,,2.2,42.6,,,,,,71.0,215.0,,,,29.98,,,,,,,,,104.0,29.0,0.0,3.59,12.0,17.0,7.0,0.0,2.43,0.3,0.6,0.0,,,,0.04,475.0,3.227486216050643,,,,,,,,,,,,,,,,,,,,,,,,,,,,,,,
Quinten Joyner,RB,Texas Tech,Big 12,2026,250,7,2026_prospect,2005-03-03,21.1,1.0,20.84,4.1,6.1,,0.0,42.6,,,,,,71.0,205.0,,,,28.59,,,,,,,,,,,,,14.0,,,,,,,,,,,,486.0,,,,,,,,,,,,,,,,,,,,,,,,,,,,,,,,
Samuel Singleton Jr.,RB,Florida State,ACC,2026,250,7,2026_prospect,MISSING,,1.0,21.73,4.1,8.6,,3.0,42.6,,,,,,71.0,201.0,,,,28.03,,,,,,,,,360.0,51.0,4.0,7.06,12.0,16.0,1.0,0.0,16.0,0.3,0.5,0.0,,,,0.05,339.0,12.311129406408108,,,,,,,,,,,,,,,,,,,,,,,,,,,,,,,
Branson Robinson,RB,Georgia State,Sun Belt,2026,250,7,2026_prospect,2004-03-17,22.1,1.0,21.72,4.1,8.6,,2.9,42.6,,,,,,70.0,211.0,,,,30.27,,,,,,,,,148.0,46.0,1.0,3.22,12.0,22.0,5.0,0.0,4.4,0.4,0.7,0.0,,,,0.05,475.0,9.46089442515826,,,,,,,,,,,,,,,,,,,,,,,,,,,,,,,
Derrick Davis Jr.,RB,Pittsburgh,ACC,2026,250,7,2026_prospect,MISSING,,1.0,20.84,4.1,6.1,,0.0,42.6,,,,,,72.0,210.0,,,,28.48,,,,,,,,,,,,,13.0,,,,,,,,,,,,443.0,,,,,,,,,,,,,,,,,,,,,,,,,,,,,,,,
Noah Whittington,RB,Oregon,Big Ten,2026,276,7,2026_prospect,2001-05-26,24.9,1.0,21.3,1.0,16.0,,11.6,42.6,,,,,,68.0,203.0,,,,30.86,,,,,,,,,829.0,129.0,6.0,6.43,15.0,98.0,19.0,1.0,5.16,2.9,2.6,3.2,,,,0.22,437.0,30.006941111435804,,,,,,,946.0,24.0,,5.7,5.6,,,,,,,,,,,,,,,,,,,,
Chip Trayanum,RB,Toledo,Mid-American,2026,327,7,2026_prospect,2002-01-02,24.3,1.0,20.83,1.0,30.8,,28.8,42.6,,,,,,71.0,227.0,,,,31.66,,,,,,,,,,,,,13.0,212.0,,,,,6.8,,,,,0.53,399.0,,,,,,,,1227.0,21.0,,5.3,-7.0,,,,,,,,,,,,,,,,,,,,
Kentrel Bullock,RB,South Alabama,Sun Belt,2026,328,7,2026_prospect,2002-03-31,24.1,1.0,14.84,1.0,14.0,,9.2,42.6,,,,,,70.0,205.0,,,,29.41,,,,,,,,,1085.0,218.0,14.0,4.98,12.0,53.0,14.0,1.0,3.79,5.1,2.4,7.7,,,,0.17,310.0,63.85984209257474,,,,,,,,,,,,,,,,,,,,,,,,,,,,,,,
Jaydn Ott,RB,Oklahoma,SEC,2026,347,7,2026_prospect,2002-12-16,23.4,1.0,10.48,1.0,7.3,,1.4,42.6,,,,,,71.0,208.0,,,,29.01,,,,,,,,,68.0,21.0,0.0,3.24,13.0,10.0,2.0,0.0,5.0,0.2,0.3,0.0,,,,0.02,431.0,,,,,,,,1507.0,46.0,,4.8,-3.2,,,,,,,,,,,,,,,,,,,,
Jamarion Miller,RB,Alabama,SEC,2026,357,7,2026_prospect,2004-04-29,22.0,1.0,13.74,1.0,19.6,,12.5,62.1,,,,,,70.25,209.0,8.75,30.38,,29.77,4.42,1.53,30.5,115.0,,,,7.04,504.0,130.0,3.0,3.88,15.0,109.0,19.0,0.0,5.74,1.4,2.8,0.0,,,,0.21,523.0,19.74063092979127,,,,,,,,,,,,,,,,,,,,,,,,,,,,,,,
Curtis Allen,RB,Virginia Union,CIAA,2026,367,7,2026_prospect,MISSING,,1.0,7.99,1.0,6.1,,0.0,42.6,,,,,,,,,,,,,,,,,,,,,,,,,,,,,,,,,,,,,,,,,,,,,,,,,,,,,,,,,,,,,,,,,,,,
C.J. Donaldson,RB,Ohio State,Big Ten,2026,368,7,2026_prospect,2004-07-09,21.8,1.0,12.32,1.0,18.8,,14.8,42.6,,,,,,74.0,232.0,,,,29.78,,,,,,,,,361.0,96.0,10.0,3.76,14.0,96.0,15.0,1.0,6.4,2.8,2.6,3.0,,,,0.24,408.0,34.83670497248506,,,,,,,854.0,15.0,,4.7,-10.9,,,,,,,,,,,,,,,,,,,,
Jamal Haynes,RB,Georgia Tech,ACC,2026,388,7,2026_prospect,2002-10-05,23.6,1.0,17.6,1.0,39.6,,39.1,42.6,,,,,,69.0,190.0,,,,28.06,,,,,,,,,531.0,124.0,5.0,4.28,13.0,257.0,33.0,0.0,7.79,3.8,7.5,0.0,,,,0.65,394.0,45.87987370165588,,,,,,,1212.0,34.0,,5.4,-2.9,,,,,,,,,,,,,,,,,,,,
Kejon Owens,RB,Florida International,Conference USA,2026,389,7,2026_prospect,MISSING,,1.0,8.57,1.0,14.1,,9.4,42.6,,,,,,71.0,210.0,,,,29.29,,,,,,,,,,,,,,67.0,,,,,,,,,,0.16,429.0,,,,,,,,,,,,,,,,,,,,,,,,,,,,,,,,
Desmond Reid,RB,Pittsburgh,ACC,2026,393,7,2026_prospect,2004-07-29,21.7,1.0,18.24,1.0,42.9,,42.9,42.6,,,,,,68.0,175.0,,,,26.61,,,,,,,,,278.0,60.0,2.0,4.63,13.0,317.0,23.0,2.0,13.78,7.9,8.9,6.9,,,,0.68,464.0,46.63482942846013,,,,,,,1548.0,51.0,,6.0,9.6,,,,,,,,,,,,,,,,,,,,
Dean Connors,RB,Houston,Big 12,2026,414,7,2026_prospect,2003-08-29,22.7,1.0,15.4,1.0,40.7,,40.4,42.6,,,,,,72.0,206.0,,,,27.94,,,,,,,,,977.0,200.0,6.0,4.88,13.0,254.0,34.0,3.0,7.47,10.3,9.0,11.5,,,,0.67,377.0,75.1667823967407,,,,,,,1233.0,61.0,,5.2,10.6,,,,,,,,,,,,,,,,,,,,
Rahsul Faison,RB,South Carolina,SEC,2026,424,7,2026_prospect,2000-02-20,26.2,1.0,7.62,1.0,21.3,,17.7,42.6,,,,,,72.0,218.0,,,,29.56,,,37.5,122.0,,,,,470.0,96.0,3.0,4.9,12.0,118.0,19.0,0.0,6.21,2.2,4.4,0.0,,,,0.35,342.0,43.82840190553488,,,,,,,1206.0,22.0,,5.6,1.3,,,,,,,,,,,,,,,,,,,,
Terion Stewart,RB,Virginia Tech,ACC,2026,437,7,2026_prospect,2001-11-29,24.4,1.0,3.15,1.0,9.0,,3.4,42.6,,,,,,69.0,222.0,,,,32.78,,,,,,,,,469.0,82.0,0.0,5.72,12.0,19.0,4.0,0.0,4.75,0.5,1.0,0.0,,,,0.06,319.0,9.814550502483089,,,,,,,929.0,4.0,,5.9,15.7,,,,,,,,,,,,,,,,,,,,
Sedrick Alexander,RB,Vanderbilt,SEC,2026,472,7,2026_prospect,MISSING,,1.0,11.13,1.0,31.8,,30.0,42.6,,,,,,69.0,200.0,,,,29.53,,,,,,,,,570.0,106.0,11.0,5.38,13.0,200.0,19.0,4.0,10.53,9.3,5.4,13.3,,,,0.5,400.0,60.71136790804423,,,,,,,,,,,,,,,,,,,,,,,,,,,,,,,
Jaylon Glover,RB,UNLV,Mountain West,2026,489,7,2026_prospect,MISSING,,1.0,4.4,1.0,12.6,,7.6,42.6,,,,,,69.0,205.0,,,,30.27,,,,,,,,,384.0,64.0,1.0,6.0,14.0,51.0,6.0,0.0,8.5,0.7,1.5,0.0,,,,0.12,424.0,9.303710556016446,,,,,,,,,,,,,,,,,,,,,,,,,,,,,,,
TreVonte Citizen,RB,McNeese State,Southland,2026,493,7,2026_prospect,2003-11-11,22.5,1.0,2.13,1.0,6.1,,0.0,42.6,,,,,,74.0,223.0,,,,28.63,,,,,,,,,,,,,,,,,,,,,,,,,,22.804113317329666,,,,,,,,,,,,,,,,,,,,,,,,,,,,,,,
Savion Red,RB,Sacramento State,Big Sky,2026,511,7,2026_prospect,MISSING,,1.0,2.13,1.0,6.1,,0.0,42.6,,,,,,70.0,233.0,,,,33.43,,,,,,,,,58.0,12.0,0.0,4.83,12.0,,1.0,0.0,,,,,,,,-0.01,308.0,0.3582915120728013,,,,,,,,,,,,,,,,,,,,,,,,,,,,,,,
Richard Reese,RB,Stephen F. Austin,Southland,2026,515,7,2026_prospect,2004-10-24,21.5,1.0,5.76,1.0,16.5,,12.1,42.6,,,,,,71.0,175.0,,,,24.4,,,,,,,,,448.0,73.0,3.0,6.14,14.0,94.0,6.0,1.0,15.67,,,,,,,0.18,510.0,42.60697821764873,,,,,,,,,,,,,,,,,,,,,,,,,,,,,,,
Andrew Paul,RB,Jacksonville State,Conference USA,2026,525,7,2026_prospect,MISSING,,1.0,3.8,1.0,10.8,,5.6,42.6,,,,,,71.0,215.0,,,,29.98,,,,,,,,,127.0,30.0,3.0,4.23,14.0,29.0,2.0,0.0,14.5,0.6,1.3,0.0,,,,0.09,328.0,9.67648794965895,,,,,,,,,,,,,,,,,,,,,,,,,,,,,,,
Byron Cardwell,RB,San Diego State,Mountain West,2026,572,7,2026_prospect,2003-01-23,23.3,1.0,8.51,1.0,24.3,,21.3,42.6,,,,,,72.0,215.0,,,,29.16,,,,,,,,,267.0,48.0,1.0,5.56,13.0,108.0,5.0,1.0,21.6,7.6,5.3,10.0,,,,0.37,290.0,34.596435681561964,,,,,,,,,,,,,,,,,,,,,,,,,,,,,,,
Trevion Cooley,RB,Troy,Sun Belt,2026,574,7,2026_prospect,2002-03-20,24.1,1.0,2.13,1.0,6.1,,0.0,42.6,,,,,,70.0,208.0,,,,29.84,,,,,,,,,,,,,14.0,,,,,,,,,,,,394.0,,,,,,,,,,,,,,,,,,,,,,,,,,,,,,,,
Kadarius Calloway,RB,New Mexico State,Conference USA,2026,580,7,2026_prospect,MISSING,,1.0,8.8,1.0,25.2,,22.2,42.6,,,,,,72.0,220.0,,,,29.83,,,,,,,,,450.0,117.0,3.0,3.85,12.0,175.0,26.0,0.0,6.73,2.9,5.8,0.0,,,,0.37,472.0,46.510059415027015,,,,,,,,,,,,,,,,,,,,,,,,,,,,,,,
L.J. Johnson Jr.,RB,California,ACC,2026,584,7,2026_prospect,MISSING,,1.0,3.11,1.0,8.9,,3.3,42.6,,,,,,70.0,215.0,,,,30.85,,,,,,,,,108.0,33.0,2.0,3.27,13.0,18.0,4.0,0.0,4.5,0.3,0.5,0.0,,,,0.05,361.0,6.796604613338209,,,,,,,,,,,,,,,,,,,,,,,,,,,,,,,
Armoni Goodwin,RB,UT Martin,Big South-OVC,2026,587,7,2026_prospect,2001-11-16,24.4,1.0,2.79,1.0,8.0,,2.2,42.6,,,,,,68.0,195.0,,,,29.65,,,,,,,,,13.0,6.0,0.0,2.17,12.0,18.0,5.0,0.0,3.6,,,,,,,0.04,443.0,1.387225584901849,,,,,,,,,,,,,,,,,,,,,,,,,,,,,,,
Barika Kpeenu,RB,North Dakota State,MVFC,2026,598,7,2026_prospect,2002-03-12,24.1,1.0,14.86,1.0,42.4,,42.4,42.6,,,,,,70.0,199.0,,,,28.55,,,,,,,,,1005.0,191.0,20.0,5.26,13.0,211.0,19.0,1.0,11.11,,,,,,,0.78,270.0,62.0248963998964,,,,,,,,,,,,,,,,,,,,,,,,,,,,,,,
Logan Diggs,RB,Mississippi,SEC,2026,603,7,2026_prospect,2002-03-17,24.1,1.0,3.97,1.0,11.3,,6.1,42.6,,,,,,73.0,215.0,,,,28.36,,,,,,,,,189.0,33.0,4.0,5.73,15.0,56.0,7.0,0.0,8.0,0.6,1.2,0.0,,,,0.11,523.0,15.857089770133248,,,,,,,,,,,,,,,,,,,,,,,,,,,,,,,
Alton McCaskill IV,RB,Sam Houston State,Conference USA,2026,607,7,2026_prospect,2003-04-10,23.0,1.0,2.13,1.0,6.1,,0.0,42.6,,,,,,74.0,210.0,,,,26.96,,,,,,,,,,,,,,,,,,,,,,,,,,26.69027120915004,,,,,,,,,,,,,,,,,,,,,,,,,,,,,,,
Roydell Williams,RB,Florida State,ACC,2026,635,7,2026_prospect,2001-12-08,24.4,1.0,3.04,1.0,8.7,,3.0,42.6,,,,,,70.0,221.0,,,,31.71,,,,,,,,,46.0,15.0,0.0,3.07,12.0,19.0,2.0,0.0,9.5,0.3,0.6,0.0,,,,0.06,339.0,1.7444751037860144,,,,,,,,,,,,,,,,,,,,,,,,,,,,,,,
E.J. Smith,RB,Texas A&M,SEC,2026,642,7,2026_prospect,2002-05-15,23.9,1.0,2.89,1.0,8.2,,2.5,42.6,,,,,,71.0,211.0,,,,29.43,,,,,,,,,205.0,44.0,4.0,4.66,13.0,18.0,4.0,0.0,4.5,0.3,0.5,0.0,,,,0.04,408.0,9.962516326026332,,,,,,,,,,,,,,,,,,,,,,,,,,,,,,,
Dominic Richardson,RB,Tulsa,American Athletic,2026,654,7,2026_prospect,2001-04-12,25.0,1.0,7.03,1.0,20.1,,16.3,42.6,,,,,,72.0,210.0,,,,28.48,,,,,,,,,1065.0,212.0,5.0,5.02,12.0,130.0,20.0,0.0,6.5,2.4,4.9,0.0,,,,0.32,409.0,35.64697515601014,,,,,,,,,,,,,,,,,,,,,,,,,,,,,,,
Jalen Berger,RB,UCLA,Big Ten,2026,660,7,2026_prospect,2001-08-30,24.7,1.0,5.29,1.0,15.1,,10.5,42.6,,,,,,73.0,215.0,,,,28.36,,,,,,,,,364.0,81.0,2.0,4.49,12.0,70.0,10.0,2.0,7.0,8.3,3.2,13.3,,,,0.19,361.0,34.35552126757259,,,,,,,,,,,,,,,,,,,,,,,,,,,,,,,
Cam Porter,RB,Northwestern,Big Ten,2026,660,7,2026_prospect,MISSING,,1.0,3.22,1.0,9.2,,3.7,42.6,,,,,,70.0,215.0,,,,30.85,,,,,,,,,137.0,18.0,1.0,7.61,13.0,23.0,3.0,0.0,7.67,0.5,1.0,0.0,,,,0.06,378.0,6.554488797556191,,,,,,,,,,,,,,,,,,,,,,,,,,,,,,,
Kenyon Sadiq,TE,Oregon,Big Ten,2026,19,1,2026_prospect,2005-03-04,21.1,83.7,68.57,95.9,40.2,,,,29.8,14.3,94.4,,,75.1,241.0,10.0,31.5,78.25,30.04,4.39,1.54,43.5,132.0,26.0,,,9.44,6.0,3.0,0.0,,15.0,560.0,51.0,8.0,10.98,20.3,14.7,25.8,14.826581943341278,,,1.28,437.0,,,,,,,,,,,,,70.4,69.0,,1.62,1.62,,,,,,,,,,,,,,,
Eli Stowers,TE,Vanderbilt,SEC,2026,61,2,2026_prospect,2003-04-15,23.0,82.5,65.75,80.6,56.8,,,,66.4,22.0,94.7,,,75.75,239.0,9.75,32.63,79.75,29.28,4.51,1.57,45.5,135.0,,,,9.47,2.0,2.0,0.0,,13.0,765.0,61.0,4.0,12.54,16.9,20.5,13.3,27.806563039723663,21.0,,1.91,400.0,,,,,,,,,,,,,81.6,85.3,,2.55,2.55,,,,,,,,,,,,,,,
Max Klare,TE,Ohio State,Big Ten,2026,71,3,2026_prospect,2003-07-08,22.8,65.9,57.05,78.2,39.6,,,,68.0,11.0,40.0,,,77.0,243.0,,,,28.81,,,,,,,,,,,,,14.0,448.0,43.0,2.0,10.42,9.0,11.9,6.1,30.908269317668324,20.8,,1.1,408.0,,,,,,,,,,,,,69.3,66.5,,1.48,1.48,,,,,,,,,,,,,,,
Michael Trigg,TE,Baylor,Big 12,2026,91,3,2026_prospect,2002-06-27,23.8,48.8,48.66,71.4,27.0,,,,31.8,13.6,40.0,,,76.0,240.0,,,,29.21,,,,,,,,,,,,,12.0,694.0,50.0,6.0,13.88,19.0,18.7,19.4,18.670971213344096,22.8,,1.36,510.0,,,,,,,,,,,,,72.4,77.3,,2.18,2.18,,,,,,,,,,,,,,,
Justin Joly,TE,NC State,ACC,2026,98,3,2026_prospect,2004-07-09,21.8,62.2,54.47,67.2,44.4,,,,80.3,11.4,40.0,,,75.0,251.0,,,,31.37,,,,,,,,,,,,,13.0,489.0,49.0,7.0,9.98,21.1,15.3,26.9,25.55604012211077,19.3,,1.18,413.0,,,,,,,,,,,,,77.9,81.6,,1.78,1.78,,,,,,,,,,,,,,,
Oscar Delp,TE,Georgia,SEC,2026,119,4,2026_prospect,2003-07-04,22.8,26.1,41.78,56.7,20.5,,,,23.4,4.6,40.0,,,77.0,245.0,,,,29.05,,,,,,,,,,,,,14.0,261.0,20.0,1.0,13.05,6.2,8.5,4.0,8.432956381260096,,,0.63,417.0,,,,,,,,,,,,,63.0,60.1,,1.29,1.29,,,,,,,,,,,,,,,
Jack Endries,TE,Texas,SEC,2026,121,4,2026_prospect,2004-03-26,22.1,51.2,49.96,55.2,41.7,,,,46.8,6.8,86.5,,,76.625,245.0,9.63,31.13,,29.33,4.62,1.59,36.0,119.0,,,,8.65,,,,,13.0,346.0,33.0,3.0,10.48,10.7,10.6,10.7,18.59701492537313,21.4,,0.82,420.0,,,,,,,,,,,,,68.5,65.1,,1.07,1.07,,,,,,,,,,,,,,,
Sam Roush,TE,Stanford,ACC,2026,133,4,2026_prospect,2003-09-06,22.6,43.9,46.88,49.4,38.3,,,,22.7,13.1,99.3,,,78.0,267.0,10.0,30.63,76.38,30.85,4.7,1.61,38.5,126.0,25.0,7.08,4.37,9.93,,,,,12.0,545.0,49.0,2.0,11.12,17.4,20.5,14.3,20.473328324567994,23.4,,1.39,391.0,,,,,,,,,,,,,57.1,56.6,,1.39,1.39,,,,,,,,,,,,,,,
Dallen Bentley,TE,Utah,Big 12,2026,146,5,2026_prospect,2001-01-01,25.3,43.3,46.7,42.6,42.3,,,,34.1,17.5,91.7,,,76.1,253.0,9.25,33.13,,30.71,4.62,1.62,35.0,118.0,24.0,,4.42,9.17,,,,,13.0,620.0,48.0,6.0,12.92,22.1,22.0,22.2,23.16890881913304,22.5,,1.66,373.0,,,,,,,,,,,,,76.9,83.1,,2.07,2.07,,,,,,,,,,,,,,,
Nate Boerkircher,TE,Texas A&M,SEC,2026,149,5,2026_prospect,2001-09-04,24.6,14.5,36.92,40.8,18.8,,,,20.9,2.6,40.0,,,76.0,250.0,,,,30.43,,,,,,,4.4,,5.0,3.0,1.0,,13.0,204.0,20.0,3.0,10.2,8.8,6.0,11.5,5.88410104011887,,,0.5,408.0,,,,,,,,,,,,,74.3,67.2,,1.11,1.11,,,,,,,,,,,,,,,
Eli Raridon,TE,Notre Dame,FBS Independents,2026,175,5,2026_prospect,2004-02-12,22.2,37.8,45.14,28.9,47.8,,,,45.6,16.4,98.1,,,78.1,245.0,10.75,32.75,,28.24,4.62,1.59,36.0,123.0,20.0,,,9.81,,,,,12.0,482.0,32.0,0.0,15.06,7.9,15.7,0.0,16.19079610345986,21.8,,1.5,322.0,,,,,,,,,,,,,67.5,70.8,,2.22,2.22,,,,,,,,,,,,,,,
John Michael Gyllenborg,TE,Wyoming,Mountain West,2026,178,6,2026_prospect,2002-06-15,23.9,38.4,45.41,26.1,49.4,,,,62.1,3.4,99.2,,,77.75,249.0,10.0,31.0,,28.96,4.6,1.56,35.5,128.0,,,4.22,9.92,,,,,12.0,217.0,24.0,1.0,9.04,8.8,9.9,7.7,19.200351493848856,20.9,,0.57,384.0,,,,,,,,,,,,,54.0,63.9,,1.17,1.17,,,,,,,,,,,,,,,
Joe Royer,TE,Cincinnati,Big 12,2026,179,6,2026_prospect,2001-08-10,24.7,12.6,35.81,26.1,25.7,,,,31.7,10.1,40.0,,,77.0,250.0,,,,29.64,,,,,,,,,,,,,13.0,416.0,29.0,4.0,14.34,13.8,13.9,13.8,18.39323467230444,22.7,,1.15,363.0,,,,,,,,,,,,,59.8,64.6,,1.49,1.49,,,,,,,,,,,,,,,
Tanner Koziol,TE,Houston,Big 12,2026,183,6,2026_prospect,2003-01-23,23.3,47.6,47.9,26.1,57.1,,,,66.7,20.9,97.2,,,78.5,247.0,9.75,33.75,,28.18,4.7,1.62,36.5,122.0,,,,9.72,,,,,13.0,727.0,74.0,6.0,9.82,24.5,25.8,23.1,28.34964562942963,20.3,,1.93,377.0,,,,,,,,,,,,,78.9,87.3,,2.26,2.26,,,,,,,,,,,,,,,
Dae'Quan Wright,TE,Mississippi,SEC,2026,186,6,2026_prospect,2003-09-21,22.6,11.4,34.91,25.5,25.6,,,,29.0,12.6,40.0,,,76.0,255.0,,,,31.04,,,,,,,,,2.0,1.0,0.0,,15.0,635.0,39.0,5.0,16.28,16.4,13.5,19.2,13.996175908221796,,,1.21,523.0,,,,,,,,,,,,,66.2,75.4,,2.06,2.06,,,,,,,,,,,,,,,
Josh Cuevas,TE,Alabama,SEC,2026,189,6,2026_prospect,2003-09-15,22.6,13.9,36.62,24.9,30.8,,,,25.4,6.3,75.6,,,75.375,245.0,9.63,30.63,,30.32,4.65,1.62,34.0,118.0,,7.37,4.38,7.56,7.0,1.0,0.0,,15.0,411.0,37.0,4.0,11.11,11.4,10.4,12.5,10.423535379152929,,,0.79,523.0,,,,,,,,,,,,,69.6,71.1,,1.25,1.25,,,,,,,,,,,,,,,
Riley Nowakowski,TE,Indiana,Big Ten,2026,210,6,2026_prospect,2003-01-20,23.3,11.4,34.8,17.5,32.5,,,,25.1,8.4,79.7,,,74.25,250.0,8.75,31.5,,31.88,4.66,1.62,33.5,119.0,,,,7.97,2.0,2.0,2.0,,16.0,387.0,32.0,2.0,12.09,7.2,10.1,4.3,10.128238680973569,,,0.95,406.0,,,,,,,,,,,,,79.6,75.5,,1.68,1.68,,,,,,,,,,,,,,,
Marlin Klein,TE,Michigan,Big Ten,2026,217,6,2026_prospect,2003-08-12,22.7,10.2,34.67,15.7,34.2,,,,25.2,6.0,90.0,,,78.0,248.0,9.25,32.38,,28.66,4.61,1.63,36.0,117.0,,7.42,,9.0,,,,,13.0,248.0,24.0,1.0,10.33,9.7,10.2,9.1,10.214168039538714,,,0.73,340.0,,,,,,,,,,,,,64.6,65.3,,1.53,1.53,,,,,,,,,,,,,,,
Lance Mason,TE,Wisconsin,Big Ten,2026,242,7,2026_prospect,2003-09-19,22.6,1.6,27.95,8.4,24.5,,,,24.7,14.0,40.0,,,,240.0,,,,,,,,,,,,,7.0,1.0,0.0,,12.0,398.0,30.0,4.0,13.27,34.4,24.3,44.4,24.312767257177764,23.4,,1.46,272.0,,,,,,,,,,,,,67.0,74.1,,1.88,1.88,,,,,,,,,,,,,,,
Toby Payne,TE,Marshall,Sun Belt,2026,250,7,2026_prospect,2002-05-18,23.9,1.6,27.48,5.9,25.5,,,,30.4,11.0,40.0,,,76.0,232.0,,,,28.24,,,,,,,,,0.0,1.0,0.0,,12.0,387.0,36.0,3.0,10.75,16.1,15.5,16.7,15.770465489566613,22.9,,1.16,335.0,,,,,,,,,,,,,65.7,64.3,,1.32,1.32,,,,,,,,,,,,,,,
Brett Norfleet,TE,Missouri,SEC,2026,250,7,2026_prospect,2003-04-12,23.0,1.6,25.94,5.9,21.7,,,,25.4,5.7,40.0,,,78.0,263.0,,,,30.39,,,,,,,,,,,,,13.0,254.0,31.0,5.0,8.19,21.9,10.4,33.3,10.39279869067103,,,0.7,361.0,,,,,,,,,,,,,55.1,58.8,,1.0,1.0,,,,,,,,,,,,,,,
Cooper Flanagan,TE,Notre Dame,FBS Independents,2026,250,7,2026_prospect,2003-03-14,23.1,1.6,24.76,5.9,18.7,,,,16.7,6.5,40.0,,,78.0,258.0,,,,29.81,,,,,,,,,,,,,12.0,,,,,,,,1.7421602787456445,,,,322.0,,,,,,,,,,,,,,,,,,,,,,,,,,,,,,,,
Ethan Davis,TE,Tennessee,SEC,2026,250,7,2026_prospect,2002-12-05,23.4,1.6,25.1,5.9,19.6,,,,21.8,3.7,40.0,,,77.0,245.0,,,,29.05,,,,,,,,,,,,,13.0,257.0,21.0,2.0,12.24,7.2,6.8,7.7,6.756046267087276,,,0.59,437.0,,,,,,,,,,,,,65.1,73.1,,1.8,1.8,,,,,,,,,,,,,,,
Andrew Rappleyea,TE,Penn State,Big Ten,2026,250,7,2026_prospect,2003-02-28,23.2,1.6,25.08,5.9,19.5,,,,22.4,3.0,40.0,,,76.0,251.0,,,,30.55,,,,,,,,,,,,,13.0,180.0,20.0,3.0,9.0,13.1,7.4,18.8,7.395234182415776,,,0.53,339.0,,,,,,,,,,,,,63.1,66.5,,1.29,1.29,,,,,,,,,,,,,,,
Jaleel Skinner,TE,Louisville,ACC,2026,250,7,2026_prospect,2003-10-03,22.6,1.6,25.02,5.9,19.4,,,,22.2,2.8,40.0,,,77.0,230.0,,,,27.27,,,,,,,,,,,,,13.0,204.0,21.0,2.0,9.71,9.1,7.1,11.1,7.150368033648791,,,0.49,418.0,,,,,,,,,,,,,53.4,63.2,,1.15,1.15,,,,,,,,,,,,,,,
Benji Gosnell,TE,Virginia Tech,ACC,2026,250,7,2026_prospect,2004-09-15,21.6,1.6,25.61,5.9,20.8,,,,28.9,0.0,40.0,,,77.0,254.0,,,,30.12,,,,,,,,,,,,,12.0,86.0,12.0,0.0,7.17,2.2,4.3,0.0,13.878713878713878,,,0.27,319.0,,,,,,,,,,,,,50.0,51.3,,0.58,0.58,,,,,,,,,,,,,,,
Jack Pedersen,TE,UCLA,Big Ten,2026,250,7,2026_prospect,2002-04-18,24.0,1.6,24.15,5.9,17.2,,,,19.2,0.0,40.0,,,77.0,240.0,,,,28.46,,,,,,,,,,,,,12.0,72.0,11.0,0.0,6.55,1.7,3.3,0.0,4.203997243280496,,,0.2,361.0,,,,,,,,,,,,,45.9,50.1,,0.64,0.64,,,,,,,,,,,,,,,
Luke Hasz,TE,Mississippi,SEC,2026,250,7,2026_prospect,2004-04-08,22.0,1.6,25.21,5.9,19.8,,,,26.2,0.0,40.0,,,75.0,240.0,,,,29.99,,,,,,,,,,,,,15.0,28.0,3.0,1.0,9.33,2.2,0.6,3.8,11.244444444444444,,,0.05,523.0,,,,,,,,,,,,,58.8,65.7,,1.0,1.0,,,,,,,,,,,,,,,
Joey Schlaffer,TE,Penn State,Big Ten,2026,250,7,2026_prospect,2004-02-10,22.2,1.0,23.64,5.9,15.9,,,,15.8,0.0,40.0,,,77.0,252.0,,,,29.88,,,,,,,,,,,,,13.0,19.0,1.0,1.0,19.0,3.5,0.8,6.2,0.780608052588332,,,0.06,339.0,,,,,,,,,,,,,79.8,73.5,,9.5,9.5,,,,,,,,,,,,,,,
Shamar Easter,TE,North Carolina,ACC,2026,250,7,2026_prospect,2002-09-22,23.6,1.0,23.65,5.9,15.9,,,,15.9,0.0,40.0,,,77.0,215.0,,,,25.49,,,,,,,,,,,,,12.0,17.0,2.0,0.0,8.5,0.4,0.8,0.0,0.8608971454463071,,,0.05,355.0,,,,,,,,,,,,,46.5,48.3,,0.41,0.41,,,,,,,,,,,,,,,
Will Kacmarek,TE,Ohio State,Big Ten,2026,251,7,2026_prospect,2003-02-12,23.2,5.3,30.2,5.0,32.6,,,,24.2,1.8,91.4,,,77.5,261.0,9.75,32.25,,30.55,4.74,1.64,36.0,119.0,,,,9.14,,,,,14.0,168.0,15.0,2.0,11.2,5.3,4.5,6.1,9.204545454545451,,,0.41,408.0,,,,,,,,,,,,,77.3,73.1,,1.45,1.45,,,,,,,,,,,,,,,
Max Bredeson,TE,Michigan,Big Ten,2026,277,7,2026_prospect,2002-10-04,23.6,1.0,21.0,1.0,16.6,,,,17.5,0.0,40.0,,,74.0,250.0,,,,32.09,,,,,,,,,0.0,,,,13.0,11.0,2.0,0.0,5.5,0.2,0.5,0.0,2.530003243593902,,,0.03,340.0,,,,,,,,,,,,,,,,,,,,,,,,,,,,,,,,
R.J. Maryland,TE,SMU,ACC,2026,290,7,2026_prospect,2004-07-09,21.8,1.6,26.55,1.0,33.8,,,,28.3,4.7,85.8,,,76.1,236.0,9.0,32.25,,28.65,4.51,1.59,33.0,122.0,,,,8.58,,,,,13.0,322.0,27.0,2.0,11.93,8.2,8.8,7.7,13.31619537275064,,,0.7,460.0,,,,,,,,,,,,,62.4,67.5,,1.62,1.62,,,,,,,,,,,,,,,
Dan Villari,TE,Syracuse,ACC,2026,302,7,2026_prospect,2002-06-29,23.8,1.0,20.11,1.0,20.8,,,,20.4,8.5,40.0,,,76.0,245.0,,,,29.82,,,,,,,,,55.0,17.0,1.0,,12.0,412.0,39.0,0.0,10.56,7.9,15.8,0.0,15.77924601632336,24.1,,1.01,408.0,,,,,,,,,,,,,62.9,63.5,,1.11,1.11,,,,,,,,,,,,,,,
Bauer Sharp,TE,LSU,SEC,2026,320,7,2026_prospect,2004-01-15,22.3,1.6,24.07,1.0,35.2,,,,29.5,3.9,90.9,,,76.625,249.0,9.75,31.75,,29.81,4.63,1.59,35.0,120.0,20.0,,,9.09,,,,,13.0,252.0,24.0,2.0,10.5,9.2,8.4,10.0,14.522635589421784,,,0.57,443.0,,,,,,,,,,,,,47.9,49.3,,1.14,1.14,,,,,,,,,,,,,,,
Seydou Traore,TE,Mississippi State,SEC,2026,349,7,2026_prospect,2002-08-12,23.7,1.6,24.26,1.0,42.8,,,,79.1,8.4,40.0,,,76.0,235.0,,,,28.6,,,,,,,,,,,,,13.0,372.0,35.0,5.0,10.63,18.4,11.9,25.0,23.25925925925926,19.8,,0.95,390.0,,,,,,,,,,,,,60.3,63.0,,1.08,1.08,,,,,,,,,,,,,,,
Carsen Ryan,TE,BYU,Big 12,2026,358,7,2026_prospect,2003-08-21,22.7,1.0,15.87,1.0,24.0,,,,22.5,14.9,40.0,,,76.0,250.0,,,,30.43,,,,,,,,,,,,,14.0,620.0,45.0,3.0,13.78,20.0,20.0,20.0,20.090732339598187,23.2,,1.54,403.0,,,,,,,,,,,,,82.6,82.6,,2.04,2.04,,,,,,,,,,,,,,,
Khalil Dinkins,TE,Penn State,Big Ten,2026,377,7,2026_prospect,2002-08-08,23.7,1.0,12.12,1.0,19.1,,,,21.9,2.5,40.0,,,76.0,251.0,,,,30.55,4.72,1.7,32.5,119.0,25.0,7.28,4.33,,,,,,13.0,167.0,14.0,2.0,11.93,9.7,6.8,12.5,6.86113393590797,,,0.49,339.0,,,,,,,,,,,,,56.2,50.1,,1.12,1.12,,,,,,,,,,,,,,,
Lake McRee,TE,USC,Big Ten,2026,394,7,2026_prospect,2002-09-04,23.6,1.0,12.47,1.0,24.0,,,,26.6,10.6,40.0,,,76.0,250.0,,,,30.43,,,,,22.0,,,,,,,,13.0,450.0,30.0,4.0,15.0,13.5,11.7,15.4,11.564449064449065,,,1.07,420.0,,,,,,,,,,,,,68.9,71.9,,1.51,1.51,,,,,,,,,,,,,,,
Miles Kitselman,TE,Tennessee,SEC,2026,409,7,2026_prospect,2002-09-25,23.6,1.0,11.71,1.0,25.5,,,,25.5,3.6,58.3,,,77.1,251.0,9.88,31.88,,29.68,4.9,1.66,34.5,116.0,,,,5.83,2.0,1.0,0.0,,13.0,253.0,26.0,2.0,9.73,7.2,6.6,7.7,10.465924895688456,,,0.58,437.0,,,,,,,,,,,,,64.7,64.7,,1.41,1.41,,,,,,,,,,,,,,,
Jaren Kanak,TE,Oklahoma,SEC,2026,411,7,2026_prospect,2004-02-10,22.2,1.0,20.46,1.0,47.8,,,,61.1,13.7,79.0,,,74.0,234.0,9.38,30.5,,30.04,4.52,1.59,36.0,119.0,24.0,,,7.9,,,,,13.0,533.0,44.0,0.0,12.11,8.7,17.4,0.0,17.29200652528548,20.8,,1.24,431.0,,,,,,,,,,,,,64.1,71.2,,1.73,1.73,,,,,,,,,,,,,,,
Matthew Hibner,TE,SMU,ACC,2026,419,7,2026_prospect,2002-03-09,24.1,1.0,15.35,1.0,36.8,,,,26.8,7.7,95.6,,,76.25,251.0,9.38,32.38,,30.35,4.57,1.56,37.0,116.0,28.0,,,9.56,,,,,13.0,436.0,31.0,4.0,14.06,13.6,11.8,15.4,11.825332248440466,,,0.95,460.0,,,,,,,,,,,,,62.6,61.3,,1.37,1.37,,,,,,,,,,,,,,,
Tanner Arkin,TE,Illinois,Big Ten,2026,420,7,2026_prospect,2002-07-01,23.8,1.0,7.53,1.0,17.5,,,,19.9,0.1,40.0,,,76.0,265.0,,,,32.25,,,,,,,,,,,,,13.0,114.0,13.0,2.0,8.77,6.2,3.7,8.7,4.948805460750854,,,0.31,372.0,,,,,,,,,,,,,68.7,56.2,,0.65,0.65,,,,,,,,,,,,,,,
DJ Rogers,TE,TCU,Big 12,2026,421,7,2026_prospect,2002-09-08,23.6,1.0,8.72,1.0,20.7,,,,23.5,5.1,40.0,,,76.0,250.0,,,,30.43,,,,,,,,,,,,,13.0,319.0,34.0,2.0,9.38,7.6,8.5,6.7,8.508935716190983,,,0.69,460.0,,,,,,,,,,,,,72.4,74.7,,1.4,1.4,,,,,,,,,,,,,,,
Jameson Geers,TE,Minnesota,Big Ten,2026,423,7,2026_prospect,2002-11-25,23.4,1.0,8.44,1.0,20.5,,,,25.1,2.8,40.0,,,77.0,250.0,,,,29.64,,,,,,,,,1.0,2.0,0.0,,13.0,206.0,26.0,4.0,7.92,14.7,8.3,21.1,10.13631597343586,,,0.52,399.0,,,,,,,,,,,,,62.6,66.0,,1.05,1.05,,,,,,,,,,,,,,,
Jack Velling,TE,Michigan State,Big Ten,2026,445,7,2026_prospect,2002-07-30,23.7,1.0,12.06,1.0,30.2,,,,45.4,8.4,40.0,,,77.0,245.0,,,,29.05,,,,,,,,,,,,,12.0,359.0,36.0,3.0,9.97,14.2,13.4,15.0,15.777351247600768,21.7,,0.95,378.0,,,,,,,,,,,,,63.2,67.8,,1.2,1.2,,,,,,,,,,,,,,,
Davin Stoffel,TE,Illinois,Big Ten,2026,477,7,2026_prospect,2002-08-15,23.7,1.0,6.37,1.0,15.9,,,,15.8,0.0,40.0,,,78.0,260.0,,,,30.04,,,,,,,,,,,,,13.0,24.0,1.0,0.0,24.0,0.4,0.8,0.0,0.787143325680551,,,0.06,372.0,,,,,,,,,,,,,62.2,52.6,,0.69,0.69,,,,,,,,,,,,,,,
Amari Niblack,TE,Texas A&M,SEC,2026,480,7,2026_prospect,2003-08-25,22.7,1.0,7.84,1.0,19.6,,,,25.6,0.0,40.0,,,75.0,235.0,,,,29.37,,,,,,,,,,,,,13.0,69.0,5.0,0.0,13.8,1.0,2.0,0.0,10.579100614687803,,,0.17,408.0,,,,,,,,,,,,,54.6,57.5,,0.97,0.97,,,,,,,,,,,,,,,
Holden Staes,TE,Indiana,Big Ten,2026,501,7,2026_prospect,2003-06-01,22.9,1.0,7.07,1.0,17.7,,,,20.5,0.0,40.0,,,76.0,248.0,,,,30.18,,,,,,,,,,,,,16.0,62.0,7.0,2.0,8.86,3.0,1.6,4.3,5.472636815920398,,,0.15,406.0,,,,,,,,,,,,,59.3,59.3,,0.79,0.79,,,,,,,,,,,,,,,
Josh Kattus,TE,Kentucky,SEC,2026,528,7,2026_prospect,2002-06-10,23.9,1.0,7.9,1.0,19.8,,,,23.0,3.0,40.0,,,76.0,247.0,,,,30.06,,,,,,,,,,,,,12.0,195.0,17.0,2.0,11.47,10.7,8.0,13.3,7.995079950799508,,,0.53,367.0,,,,,,,,,,,,,71.0,65.2,,1.18,1.18,,,,,,,,,,,,,,,
Ty Thompson,TE,Tulane,American Athletic,2026,586,7,2026_prospect,2002-11-30,23.4,1.0,8.46,1.0,21.2,,,,23.3,6.5,40.0,,,76.0,224.0,,,,27.26,,,,,,,,,,,,,14.0,,,,,,,,8.252032520325203,,,,425.0,,,,,,,,,,,,,,,,,,,,,,,,,,,,,,,,
Jerand Bradley,TE,Kansas State,Big 12,2026,608,7,2026_prospect,2002-10-10,23.5,1.0,8.02,1.0,20.1,,,,23.7,3.1,40.0,,,77.0,223.0,,,,26.44,,,,,,,,,0.0,,,,12.0,184.0,13.0,2.0,14.15,9.4,7.7,11.1,8.712871287128712,,,0.54,342.0,,,,,,,,,,,,,,,,,,,,,,,,,,,,,,,,
Chamon Metayer,TE,Arizona State,Big 12,2026,615,7,2026_prospect,2002-05-05,24.0,1.0,9.3,1.0,23.3,,,,28.0,7.4,40.0,,,76.0,255.0,,,,31.04,,,,,,,,,1.0,1.0,0.0,,13.0,375.0,38.0,4.0,9.87,16.4,12.9,20.0,12.980269989615785,,,0.87,430.0,,,,,,,,,,,,,56.3,62.9,,1.37,1.37,,,,,,,,,,,,,,,
Nate Rutchena,TE,UC Davis,Big Sky,2026,662,7,2026_prospect,2002-07-15,23.8,1.0,9.68,1.0,24.2,,,,31.4,6.5,40.0,,,75.0,230.0,,,,28.74,,,,,,,,,,,,,13.0,,,,,,,,,,,,,,,,,,,,,,,,,,,,,,,,,,,,,,,,,,,,
Carnell Tate,WR,Ohio State,Big Ten,2026,7,1,2026_prospect,2005-01-19,21.3,96.1,89.59,96.8,78.4,77.6,,,,,,60.0,100.0,75.0,195.0,,,,24.37,4.53,1.61,,,,,,,16.0,2.0,0.0,,14.0,875.0,51.0,9.0,17.16,25.3,23.3,27.3,25.3,20.0,2025.0,2.14,408.0,,16.0,2.14,24.0,3.0,15.5,,,,,,,,,,,,,,,,,,,,,,,,,3.0,
Jordyn Tyson,WR,Arizona State,Big 12,2026,10,1,2026_prospect,2004-08-12,21.7,92.1,84.31,95.1,65.5,98.2,,,,,,0.0,0.0,74.0,200.0,,,,25.68,,,,,,,,,4.0,2.0,1.0,,13.0,711.0,61.0,8.0,11.66,32.2,24.4,40.0,36.4,19.0,2024.0,1.65,430.0,,30.0,2.88,17.2,1.0,14.3,,,,,,,,,,,,,,,,,,,,,,,,,2.0,
Makai Lemon,WR,USC,Big Ten,2026,13,1,2026_prospect,2004-06-02,21.9,89.7,82.06,93.8,62.1,68.1,,,,,,0.0,100.0,71.0,195.0,,,,27.19,,,,,,,,,4.0,9.0,2.0,,13.0,1156.0,79.0,11.0,14.63,36.2,30.0,42.3,36.2,21.0,2025.0,2.75,420.0,,17.0,2.75,17.6,3.0,14.7,,,,,,,,,,,,,,,,,,,,,,,,,3.0,
Denzel Boston,WR,Washington,Big Ten,2026,20,1,2026_prospect,2003-12-06,22.4,83.1,77.42,91.5,55.0,82.5,,,,,,0.0,0.0,76.0,209.0,,,,25.44,,,35.0,,,,4.28,,,,,,13.0,881.0,62.0,11.0,14.21,35.0,27.7,42.3,35.0,20.0,2024.0,2.38,370.0,,15.0,2.38,13.9,3.0,13.5,,,,,,,,,,,,,,,,,,,,,,,,,4.0,
KC Concepcion,WR,Texas A&M,SEC,2026,24,1,2026_prospect,2004-09-24,21.6,89.7,81.72,88.0,73.6,85.4,,,,,,0.0,100.0,71.0,190.0,,,,26.5,,,,,,,,,75.0,10.0,1.0,,13.0,919.0,61.0,9.0,15.07,30.9,27.2,34.6,30.9,20.0,,2.25,408.0,,28.0,2.25,-1.9,1.0,12.0,,,,,,,,,,,,,,,,,,,,,,,,,,
Omar Cooper Jr.,WR,Indiana,Big Ten,2026,41,2,2026_prospect,2003-12-14,22.4,78.8,73.55,79.9,62.2,68.3,,,,,,0.0,100.0,72.1,199.0,9.63,30.25,75.25,26.91,4.42,1.54,37.0,,,,,8.79,74.0,3.0,1.0,,16.0,961.0,70.0,13.0,13.73,26.7,25.1,28.3,26.7,21.0,2025.0,2.37,406.0,,14.0,2.48,5.2,4.0,13.6,,,,,,,,,,,,,,,,,,,,,,,,,3.0,
Malachi Fields,WR,Notre Dame,FBS Independents,2026,48,2,2026_prospect,2002-07-02,23.8,67.2,65.19,77.6,40.1,60.1,,,,,,0.0,0.0,76.5,218.0,9.0,32.13,79.0,26.19,4.61,1.58,38.0,124.0,,6.98,4.35,8.22,,,,,12.0,630.0,36.0,5.0,17.5,20.3,20.6,20.0,20.3,21.0,2025.0,1.96,322.0,,17.0,2.05,21.8,3.0,15.1,,,,,,,,,,,,,,,,,,,,,,,,,1.0,
Zachariah Branch,WR,Georgia,SEC,2026,50,2,2026_prospect,2004-03-29,22.1,78.5,73.2,76.9,68.4,62.6,,,,,,60.0,100.0,68.625,177.0,9.0,29.38,72.38,26.42,4.35,1.52,38.0,125.0,,,,8.3,7.0,4.0,0.0,,14.0,811.0,81.0,6.0,10.01,25.2,26.3,24.0,25.2,21.0,2025.0,1.94,417.0,,15.0,1.94,-14.5,4.0,10.2,,,,,,,,,,,,,,,,,,,,,,,,,1.0,
Chris Bell,WR,Louisville,ACC,2026,52,2,2026_prospect,2004-06-07,21.9,58.2,59.22,75.7,23.3,35.0,,,,,,0.0,0.0,74.0,220.0,,,,28.24,,,,,,,,,,,,,13.0,917.0,72.0,6.0,12.74,32.7,32.0,33.3,32.7,,2025.0,2.19,418.0,,17.0,2.19,20.2,3.0,14.3,,,,,,,,,,,,,,,,,,,,,,,,,4.0,
Chris Brazzell,WR,Tennessee,SEC,2026,59,2,2026_prospect,2003-09-22,22.6,64.9,63.7,72.1,43.6,65.3,,,,,,0.0,0.0,77.0,200.0,,,,23.71,4.37,1.52,,,,,,,,,,,13.0,1017.0,62.0,9.0,16.4,30.7,26.7,34.6,30.7,21.0,2025.0,2.33,437.0,,16.0,2.33,19.9,2.0,15.3,,,,,,,,,,,,,,,,,,,,,,,,,2.0,
Elijah Sarratt,WR,Indiana,Big Ten,2026,67,3,2026_prospect,2003-05-28,22.9,61.4,61.59,69.2,42.3,63.4,,,,,,0.0,0.0,74.0,209.0,,,,26.83,,,,,,,,,,,,,16.0,806.0,64.0,15.0,12.59,26.8,21.1,32.6,26.8,21.0,2024.0,1.99,406.0,,27.0,2.78,14.2,2.0,15.3,,,,,,,,,,,,,,,,,,,,,,,,,2.0,
Germie Bernard,WR,Alabama,SEC,2026,72,3,2026_prospect,2003-12-02,22.4,68.4,66.05,66.9,60.6,65.9,,,,,,0.0,100.0,73.25,206.0,9.88,30.38,74.88,26.99,4.48,1.52,32.5,125.0,,6.71,4.31,9.03,101.0,18.0,2.0,,15.0,862.0,64.0,7.0,13.47,21.8,21.8,21.9,21.8,21.0,2025.0,1.65,523.0,,14.0,2.24,10.1,3.0,14.2,,,,,,,,,,,,,,,,,,,,,,,,,2.0,
Antonio Williams,WR,Clemson,ACC,2026,86,3,2026_prospect,2004-07-14,21.8,62.0,61.73,61.4,55.5,83.2,,,,,,0.0,0.0,71.5,187.0,9.25,30.75,76.0,25.71,4.41,1.54,39.5,124.0,,,,9.09,78.0,13.0,1.0,,13.0,604.0,55.0,4.0,10.98,17.8,17.4,18.2,26.4,20.0,2024.0,1.27,474.0,,17.0,1.71,3.2,3.0,11.3,,,,,,,,,,,,,,,,,,,,,,,,,5.0,
Ja'Kobi Lane,WR,USC,Big Ten,2026,90,3,2026_prospect,2004-08-05,21.7,71.2,68.09,60.3,79.2,93.8,,,,,,0.0,100.0,76.0,200.0,10.5,32.63,,24.34,4.47,1.51,40.0,129.0,,,,9.69,,,,,13.0,745.0,49.0,4.0,15.2,17.4,19.4,15.4,27.6,19.0,2024.0,1.77,420.0,,14.0,1.77,10.4,,13.8,,,,,,,,,,,,,,,,,,,,,,,,,3.0,
Ted Hurst,WR,Georgia State,Sun Belt,2026,94,3,2026_prospect,2004-07-02,21.8,42.6,50.58,58.7,23.3,35.0,,,,,,0.0,0.0,75.0,206.0,9.75,32.63,,25.75,4.42,1.55,36.5,135.0,,,,9.92,,,,,12.0,1004.0,71.0,6.0,14.14,30.1,32.9,27.3,37.1,,2024.0,2.11,475.0,,33.0,2.14,40.6,2.0,15.4,,,,,,,,,,,,,,,,,,,,,,,,,2.0,
Skyler Bell,WR,UConn,FBS Independents,2026,102,4,2026_prospect,2002-07-05,23.8,47.5,53.02,56.8,36.3,54.5,,,,,,0.0,0.0,71.625,192.0,10.0,31.13,,26.31,4.4,1.51,41.0,133.0,,,,9.71,-2.0,,,,,1276.0,,13.0,,39.0,34.6,43.3,39.0,22.0,2024.0,2.83,451.0,,19.0,2.83,13.8,4.0,13.2,,,,,,,,,,,,,,,,,,,,,,,,,2.0,
Deion Burks,WR,Oklahoma,SEC,2026,109,4,2026_prospect,2003-01-08,23.3,41.5,50.08,53.9,30.6,46.0,,,,,,0.0,0.0,69.75,180.0,9.5,29.38,72.75,26.01,4.3,1.49,42.5,131.0,,,,9.24,-3.0,6.0,0.0,,13.0,620.0,57.0,4.0,10.88,21.9,20.3,23.5,21.9,22.0,2025.0,1.44,431.0,,13.0,1.6,2.3,3.0,10.9,,,,,,,,,,,,,,,,,,,,,,,,,2.0,
Brenen Thompson,WR,Mississippi State,SEC,2026,127,4,2026_prospect,2003-07-25,22.8,37.4,48.0,49.0,33.9,50.9,,,,,,0.0,0.0,69.0,170.0,,,,25.1,4.26,1.54,,,,,,,14.0,4.0,1.0,,13.0,1054.0,57.0,6.0,18.49,31.8,33.6,30.0,31.8,22.0,2025.0,2.7,390.0,,12.0,2.7,63.7,4.0,18.5,,,,,,,,,,,,,,,,,,,,,,,,,1.0,
Kevin Coleman Jr.,WR,Missouri,SEC,2026,141,5,2026_prospect,2003-09-10,22.6,37.7,48.21,43.9,42.2,38.3,,,,,,0.0,100.0,70.25,179.0,9.5,30.0,,25.5,4.49,1.52,38.5,126.0,,,,7.86,76.0,9.0,0.0,,13.0,732.0,66.0,1.0,11.09,18.3,29.9,6.7,18.3,,,2.03,361.0,,21.0,2.3,7.0,3.0,12.6,,,,,,,,,,,,,,,,,,,,,,,,,1.0,
Reggie Virgil,WR,Texas Tech,Big 12,2026,142,5,2026_prospect,2004-05-14,21.9,36.6,47.03,43.4,38.8,33.2,,,,,,0.0,100.0,75.0,187.0,9.25,31.25,,23.37,4.57,1.51,36.0,127.0,,,,7.34,35.0,2.0,2.0,,14.0,705.0,57.0,6.0,12.37,18.2,18.1,18.2,18.2,,,1.45,486.0,,13.0,2.05,22.5,3.0,15.8,,,,,,,,,,,,,,,,,,,,,,,,,1.0,
Josh Cameron,WR,Baylor,Big 12,2026,143,5,2026_prospect,2003-03-18,23.1,37.4,47.96,42.9,42.4,63.6,,,,,,0.0,0.0,73.0,224.0,,,,29.55,,,,,,,,,,,,,12.0,872.0,69.0,9.0,12.64,26.3,23.5,29.0,27.2,21.0,2024.0,1.71,510.0,,16.0,1.83,5.0,3.0,13.1,,,,,,,,,,,,,,,,,,,,,,,,,4.0,
C.J. Daniels,WR,Miami (FL),ACC,2026,156,5,2026_prospect,2002-01-04,24.3,17.8,39.78,40.5,21.9,32.8,,,,,,0.0,0.0,74.0,205.0,,,,26.32,,,,,,,,,,,,,16.0,557.0,50.0,7.0,11.14,17.8,13.7,21.9,17.8,,,1.12,496.0,,15.0,3.52,11.6,4.0,15.1,,,,,,,,,,,,,,,,,,,,,,,,,1.0,
Bryce Lance,WR,North Dakota State,MVFC,2026,162,5,2026_prospect,2001-09-20,24.6,31.1,44.04,38.3,39.1,58.7,,,,,,0.0,0.0,75.0,204.0,9.25,32.13,,25.5,4.34,1.51,41.5,133.0,,,,9.98,92.0,4.0,1.0,,13.0,1079.0,51.0,8.0,21.16,37.4,34.8,40.0,37.4,22.0,2024.0,,,,34.0,4.15,15.6,3.0,17.0,,,,,,,,,,,,,,,,,,,,,,,,,3.0,
Eric McAlister,WR,TCU,Big 12,2026,165,5,2026_prospect,2003-09-29,22.6,39.4,49.1,37.0,57.5,66.2,,,,,,80.0,0.0,75.0,205.0,,,,25.62,,,,,,,,,,,,,13.0,1190.0,72.0,10.0,16.53,32.4,31.6,33.3,32.4,21.0,2025.0,2.59,460.0,,22.0,2.59,40.8,2.0,18.3,,,,,,,,,,,,,,,,,,,,,,,,,2.0,
Kendrick Law,WR,Kentucky,SEC,2026,188,6,2026_prospect,2003-06-13,22.9,15.2,38.61,25.9,33.7,50.6,,,,,,0.0,0.0,71.0,203.0,9.63,31.13,,28.31,4.45,1.53,42.0,128.0,,,,9.45,53.0,8.0,0.0,,12.0,540.0,53.0,3.0,10.19,21.1,22.3,20.0,21.1,22.0,2025.0,1.47,367.0,,8.0,1.47,-3.7,4.0,10.3,,,,,,,,,,,,,,,,,,,,,,,,,1.0,
De'Zhaun Stribling,WR,Mississippi,SEC,2026,201,6,2026_prospect,2002-12-18,23.4,13.1,37.69,22.5,36.7,45.1,,,,,,40.0,0.0,74.0,207.0,10.0,31.63,,26.57,4.36,1.52,36.0,127.0,,,,9.88,,,,,15.0,811.0,55.0,6.0,14.75,20.2,17.3,23.1,20.2,22.0,2025.0,1.55,523.0,,17.0,1.98,14.9,4.0,13.7,,,,,,,,,,,,,,,,,,,,,,,,,1.0,
Lewis Bond,WR,Boston College,ACC,2026,204,6,2026_prospect,MISSING,,34.2,45.94,21.1,65.6,98.4,,,,,,0.0,0.0,71.0,190.0,,,,26.5,,,,,,,,,3.0,4.0,0.0,,12.0,1010.0,89.0,1.0,11.35,17.5,30.0,5.0,36.8,19.0,2023.0,2.22,454.0,,,,,,,,,,,,,,,,,,,,,,,,,,,,,,,5.0,
Barion Brown,WR,LSU,SEC,2026,205,6,2026_prospect,2003-12-12,22.4,12.6,37.4,20.5,37.6,31.4,,,,,,0.0,100.0,71.0,185.0,,,,25.8,4.4,1.62,,,,,,,33.0,3.0,0.0,,13.0,532.0,53.0,1.0,10.04,11.4,17.8,5.0,11.4,,,1.2,443.0,,,,,,,,,,,,,,,,,,,,,,,,,,,,,,,1.0,
Tyren Montgomery,WR,John Carroll,Ohio,2026,207,6,2026_prospect,2001-07-03,24.8,4.8,30.84,19.1,16.7,25.0,,,,,,0.0,0.0,,,,,,,,,,,,,,,,,,,,,,,,,,,,,,,,,38.0,4.62,28.9,6.0,15.8,,,,,,,,,,,,,,,,,,,,,,,,,,
Kaden Wetjen,WR,Iowa,Big Ten,2026,218,6,2026_prospect,2002-03-09,24.1,3.3,29.99,15.2,18.8,28.2,,,,,,0.0,0.0,69.0,193.0,8.5,29.63,,28.5,4.47,1.51,35.5,,,,,7.29,79.0,15.0,2.0,,13.0,151.0,20.0,1.0,7.55,8.2,8.1,8.3,8.2,,,0.53,286.0,,,,,,,,,,,,,,,,,,,,,,,,,,,,,,,2.0,
Aaron Anderson,WR,LSU,SEC,2026,219,6,2026_prospect,2002-12-02,23.4,5.0,31.08,14.9,22.9,34.3,,,,,,0.0,0.0,68.0,188.0,,,,28.58,,,30.0,113.0,,,,,2.0,1.0,0.0,,13.0,398.0,33.0,0.0,12.06,6.7,13.3,0.0,19.3,,,0.9,443.0,,11.0,1.64,14.0,3.0,12.6,,,,,,,,,,,,,,,,,,,,,,,,,3.0,
Eric Rivers,WR,Georgia Tech,ACC,2026,228,7,2026_prospect,2002-09-17,23.6,3.6,30.23,11.8,24.1,36.1,,,,,,0.0,0.0,70.0,176.0,9.0,30.5,,25.25,4.35,1.49,37.0,127.0,,,,8.74,56.0,7.0,0.0,,13.0,671.0,47.0,2.0,14.28,16.1,19.7,12.5,16.1,,,1.7,394.0,,19.0,3.51,21.9,4.0,15.6,,,,,,,,,,,,,,,,,,,,,,,,,1.0,
Cyrus Allen,WR,Cincinnati,Big 12,2026,236,7,2026_prospect,MISSING,,10.5,36.13,8.8,47.2,70.9,,,,,,0.0,0.0,71.0,180.0,,,,25.1,,,,,,,,,34.0,8.0,1.0,,13.0,660.0,50.0,12.0,13.2,31.7,22.1,41.4,31.7,21.0,2025.0,1.82,363.0,,19.0,1.84,30.4,2.0,16.3,,,,,,,,,,,,,,,,,,,,,,,,,1.0,
Chase Roberts,WR,BYU,Big 12,2026,245,7,2026_prospect,2001-01-21,25.3,2.2,27.79,5.0,23.3,35.0,,,,,,0.0,0.0,75.0,209.0,9.75,31.5,,26.12,4.64,1.57,37.0,126.0,,,,7.6,,,,,14.0,802.0,54.0,6.0,14.85,33.0,25.9,40.0,33.0,,2023.0,1.99,403.0,,22.0,2.12,22.6,2.0,15.2,,,,,,,,,,,,,,,,,,,,,,,,,4.0,
Jeff Caldwell,WR,Cincinnati,Big 12,2026,249,7,2026_prospect,2001-03-05,25.1,1.3,26.95,4.2,22.2,33.3,,,,,,0.0,0.0,77.0,216.0,9.75,32.63,,25.61,4.31,1.5,42.0,134.0,,,,9.99,,,,,13.0,478.0,32.0,6.0,14.94,18.3,16.0,20.7,18.3,,,1.32,363.0,,38.0,3.71,35.8,2.0,18.1,,,,,,,,,,,,,,,,,,,,,,,,,1.0,
Amare Thomas,WR,Houston,Big 12,2026,250,7,2026_prospect,2005-11-18,20.4,31.9,45.13,3.9,83.3,99.9,,,,,,0.0,100.0,72.0,205.0,,,,27.8,,,,,,,,,9.0,5.0,0.0,,13.0,966.0,67.0,12.0,14.42,40.2,34.3,46.2,40.2,19.0,2025.0,2.56,377.0,,,,,,,,,,,,,,,,,,,,,,,,,,,,,,,1.0,
Shelton Sampson Jr.,WR,Louisiana-Lafayette,Sun Belt,2026,250,7,2026_prospect,2005-04-18,21.0,25.9,41.93,3.9,72.6,83.9,,,,,,0.0,100.0,76.0,195.0,,,,23.73,,,,,,,,,,,,,13.0,537.0,32.0,6.0,16.78,37.8,25.6,50.0,37.8,20.0,2025.0,1.57,342.0,,,,,,,,,,,,,,,,,,,,,,,,,,,,,,,1.0,
Anthony Evans III,WR,Mississippi State,SEC,2026,250,7,2026_prospect,2005-06-20,20.8,24.7,41.48,3.9,71.1,81.6,,,,,,0.0,100.0,71.0,180.0,,,,25.1,,,,,,,,,47.0,7.0,0.0,,13.0,831.0,67.0,4.0,12.4,23.2,26.5,20.0,23.2,20.0,2025.0,2.13,390.0,,,,,,,,,,,,,,,,,,,,,,,,,,,,,,,1.0,
Cody Jackson,WR,Tarleton State,UAC,2026,250,7,2026_prospect,MISSING,,12.3,37.13,3.9,56.6,84.9,,,,,,0.0,0.0,,,,,,,,,,,,,,,6.0,1.0,0.0,,14.0,799.0,53.0,6.0,15.08,26.4,29.8,23.1,53.4,20.0,2024.0,6.34,126.0,,,,,,,,,,,,,,,,,,,,,,,,,,,,,,,2.0,
Donaven McCulley,WR,Michigan,Big Ten,2026,250,7,2026_prospect,2003-01-15,23.3,5.6,31.57,3.9,38.1,47.1,,,,,,40.0,0.0,77.0,215.0,,,,25.49,,,,,,,,,5.0,2.0,0.0,,13.0,588.0,39.0,3.0,15.08,25.7,24.2,27.3,24.2,22.0,,1.73,340.0,,,,,,,,,,,,,,,,,,,,,,,,,,,,,,,,
Mikey Matthews,WR,UCLA,Big Ten,2026,250,7,2026_prospect,MISSING,,5.0,31.1,3.9,36.5,29.7,,,,,,0.0,100.0,69.0,180.0,,,,26.58,,,,,,,,,1.0,1.0,0.0,,12.0,348.0,33.0,2.0,10.55,14.7,16.1,13.3,14.7,,,0.96,361.0,,,,,,,,,,,,,,,,,,,,,,,,,,,,,,,1.0,
Anthony Smith,WR,East Carolina,American Athletic,2026,250,7,2026_prospect,2002-03-01,24.2,5.0,31.12,3.9,36.6,54.8,,,,,,0.0,0.0,75.0,189.0,,,,23.62,,,,,,,,,45.0,1.0,1.0,,13.0,1053.0,64.0,7.0,16.45,30.8,29.7,31.8,29.7,22.0,,2.39,440.0,,,,,,,,,,,,,,,,,,,,,,,,,,,,,,,,
London Humphreys,WR,Georgia,SEC,2026,250,7,2026_prospect,2005-05-13,21.0,3.6,30.25,3.9,33.7,25.5,,,,,,0.0,100.0,74.0,200.0,,,,25.68,,,,,,,,,7.0,1.0,0.0,,14.0,276.0,18.0,3.0,15.33,10.5,9.0,12.0,10.5,,,0.66,417.0,,,,,,,,,,,,,,,,,,,,,,,,,,,,,,,2.0,
Cordale Russell,WR,Miami (OH),Mid-American,2026,250,7,2026_prospect,MISSING,,3.3,30.1,3.9,33.2,24.7,,,,,,0.0,100.0,76.0,210.0,,,,25.56,,,,,,,,,,,,,14.0,153.0,,0.0,,3.7,7.4,0.0,9.7,,,0.43,356.0,,,,,,,,,,,,,,,,,,,,,,,,,,,,,,,2.0,
Brandon Inniss,WR,Ohio State,Big Ten,2026,250,7,2026_prospect,2004-10-07,21.5,3.3,29.78,3.9,32.1,23.2,,,,,,0.0,100.0,72.0,199.0,,,,26.99,,,,,,,,,16.0,3.0,0.0,,14.0,271.0,36.0,3.0,7.53,8.2,7.2,9.1,8.2,,,0.66,408.0,,,,,,,,,,,,,,,,,,,,,,,,,,,,,,,3.0,
Jalen Brown,WR,Arkansas,SEC,2026,250,7,2026_prospect,MISSING,,3.3,29.59,3.9,31.5,22.2,,,,,,0.0,100.0,73.0,174.0,,,,22.95,,,,,,,,,,,,,12.0,167.0,12.0,2.0,13.92,7.2,5.3,9.1,7.2,,,0.44,381.0,,,,,,,,,,,,,,,,,,,,,,,,,,,,,,,2.0,
Hykeem Williams,WR,Colorado,Big 12,2026,250,7,2026_prospect,2003-11-18,22.4,2.4,28.49,3.9,27.8,16.7,,,,,,0.0,100.0,74.0,220.0,,,,28.24,,,,,,,,,,,,,12.0,81.0,9.0,0.0,9.0,1.7,3.3,0.0,1.7,,,0.23,356.0,,,,,,,,,,,,,,,,,,,,,,,,,,,,,,,1.0,
Jaquaize Pettaway,WR,East Carolina,American Athletic,2026,250,7,2026_prospect,MISSING,,2.4,28.24,3.9,27.0,15.5,,,,,,0.0,100.0,72.0,194.0,,,,26.31,,,,,,,,,2.0,4.0,0.0,,13.0,32.0,13.0,0.0,2.46,0.5,0.9,0.0,0.5,,,0.07,440.0,,,,,,,,,,,,,,,,,,,,,,,,,,,,,,,1.0,
Vinny Anthony II,WR,Wisconsin,Big Ten,2026,250,7,2026_prospect,2003-06-27,22.8,2.4,28.15,3.9,26.7,40.0,,,,,,0.0,0.0,71.875,183.0,9.13,31.38,,24.9,4.54,1.52,34.5,,,6.86,4.07,7.68,27.0,5.0,2.0,,12.0,391.0,31.0,1.0,12.61,17.5,23.9,11.1,28.5,,2024.0,1.44,272.0,,,,,,,,,,,,,,,,,,,,,,,,,,,,,,,3.0,
Tyler Brown,WR,Clemson,ACC,2026,250,7,2026_prospect,2005-06-14,20.9,2.2,27.94,3.9,26.0,38.9,,,,,,0.0,0.0,71.0,185.0,,,,25.8,,,,,,,,,71.0,6.0,1.0,,13.0,191.0,22.0,0.0,8.68,2.7,5.5,0.0,18.9,,,0.4,474.0,,,,,,,,,,,,,,,,,,,,,,,,,,,,,,,4.0,
Jordan Dwyer,WR,TCU,Big 12,2026,250,7,2026_prospect,MISSING,,1.6,27.15,3.9,23.3,35.0,,,,,,0.0,0.0,72.0,195.0,,,,26.44,,,,,,,,,,,,,13.0,730.0,54.0,7.0,13.52,21.3,19.4,23.3,21.3,,2025.0,1.59,460.0,,,,,,,,,,,,,,,,,,,,,,,,,,,,,,,1.0,
Griffin Wilde,WR,Northwestern,Big Ten,2026,250,7,2026_prospect,MISSING,,1.6,27.15,3.9,23.3,35.0,,,,,,0.0,0.0,74.0,200.0,,,,25.68,,,,,,,,,5.0,1.0,0.0,,13.0,880.0,71.0,8.0,12.39,41.7,36.4,47.1,41.7,,2025.0,2.33,378.0,,35.0,2.33,18.1,2.0,15.0,,,,,,,,,,,,,,,,,,,,,,,,,1.0,
Jaron Glover,WR,Mississippi State,SEC,2026,250,7,2026_prospect,MISSING,,1.0,25.43,3.9,17.6,26.4,,,,,,0.0,0.0,73.0,205.0,,,,27.04,,,,,,,,,,,,,13.0,192.0,,2.0,,11.4,7.3,15.4,11.4,,,0.51,378.0,,,,,,,,,,,,,,,,,,,,,,,,,,,,,,,3.0,
Talyn Shettron,WR,Oklahoma State,Big 12,2026,250,7,2026_prospect,MISSING,,1.0,24.38,3.9,14.1,21.1,,,,,,0.0,0.0,74.0,195.0,,,,25.03,,,,,,,,,,,,,12.0,245.0,,1.0,,6.1,7.7,4.5,6.1,,,0.67,365.0,,,,,,,,,,,,,,,,,,,,,,,,,,,,,,,3.0,
Jaden Bray,WR,West Virginia,Big 12,2026,250,7,2026_prospect,2002-08-06,23.7,1.0,23.57,3.9,11.4,17.1,,,,,,0.0,0.0,74.0,209.0,,,,26.83,,,,,,,,,,,,,12.0,95.0,7.0,0.0,13.57,2.1,4.2,0.0,2.1,,,0.29,327.0,,,,,,,,,,,,,,,,,,,,,,,,,,,,,,,2.0,
Andre Greene Jr.,WR,Virginia,ACC,2026,250,7,2026_prospect,MISSING,,1.0,23.42,3.9,10.9,16.3,,,,,,0.0,0.0,74.0,202.0,,,,25.93,,,,,,,,,,,,,14.0,7.0,1.0,0.0,7.0,0.1,0.2,0.0,1.3,,,0.01,492.0,,,,,,,,,,,,,,,,,,,,,,,,,,,,,,,2.0,
Jayden McGowan,WR,Charlotte,American Athletic,2026,250,7,2026_prospect,MISSING,,1.0,23.18,3.9,10.1,15.1,,,,,,0.0,0.0,67.0,180.0,,,,28.19,,,,,,,,,,,,,12.0,7.0,1.0,0.0,7.0,0.1,0.3,0.0,0.1,,,0.02,379.0,,,,,,,,,,,,,,,,,,,,,,,,,,,,,,,1.0,
Kris Hutson,WR,Arizona,Big 12,2026,250,7,2026_prospect,2002-02-15,24.2,1.0,26.45,3.9,21.0,31.5,,,,,,0.0,0.0,71.0,174.0,,,,24.27,,,,,,,,,14.0,2.0,0.0,,13.0,764.0,60.0,4.0,12.73,18.4,23.0,13.8,23.0,23.0,,1.71,447.0,,,,,,,,,,,,,,,,,,,,,,,,,,,,,,,,
Nick DeGennaro,WR,James Madison,Sun Belt,2026,250,7,2026_prospect,2000-12-29,25.3,1.0,26.53,3.9,21.3,31.9,,,,,,0.0,0.0,73.0,196.0,,,,25.86,,,,,,,,,5.0,1.0,0.0,,14.0,500.0,28.0,5.0,17.86,18.1,16.9,19.2,16.9,,,1.3,385.0,,,,,,,,,,,,,,,,,,,,,,,,,,,,,,,,
Dane Key,WR,Nebraska,Big Ten,2026,271,7,2026_prospect,2003-07-01,22.8,1.0,24.23,1.0,22.4,33.6,,,,,,0.0,0.0,75.0,210.0,,,,26.25,,,,,,,,,,,,,13.0,452.0,39.0,5.0,11.59,18.6,15.5,21.7,18.6,,,1.2,378.0,,22.0,2.29,12.9,1.0,14.0,,,,,,,,,,,,,,,,,,,,,,,,,1.0,
Devin Voisin,WR,South Alabama,Sun Belt,2026,279,7,2026_prospect,2001-06-22,24.8,1.0,21.53,1.0,16.7,25.0,,,,,,0.0,0.0,70.0,187.0,,,,26.83,,,,,,,,,,,,,12.0,775.0,67.0,4.0,11.57,33.2,35.7,30.8,,,,2.5,310.0,,,,,,,,,,,,,,,,,,,,,,,,,,,,,,,,
Hank Beatty,WR,Illinois,Big Ten,2026,282,7,2026_prospect,2003-09-20,22.6,3.0,29.22,1.0,43.5,65.3,,,,,,0.0,0.0,71.0,185.0,,,,25.8,,,,,,,,,46.0,4.0,1.0,,13.0,864.0,70.0,3.0,12.34,20.6,28.2,13.0,20.6,21.0,2025.0,2.32,372.0,,,,,,,,,,,,,,,,,,,,,,,,,,,,,,,4.0,
Caleb Douglas,WR,Texas Tech,Big 12,2026,284,7,2026_prospect,2003-09-09,22.6,10.3,36.04,1.0,67.1,75.6,,,,,,0.0,100.0,75.5,206.0,10.13,32.5,,25.41,4.39,1.53,31.5,126.0,,,,9.52,,,,,14.0,830.0,53.0,7.0,15.66,21.3,21.4,21.2,21.3,20.0,2024.0,1.71,486.0,,14.0,1.71,28.3,3.0,15.2,,,,,,,,,,,,,,,,,,,,,,,,,2.0,
Zavion Thomas,WR,LSU,SEC,2026,286,7,2026_prospect,2004-09-14,21.6,17.8,39.65,1.0,79.9,99.9,,,,,,80.0,0.0,70.0,190.0,9.0,30.5,,27.26,4.28,1.51,36.0,,,,,9.12,99.0,19.0,1.0,,13.0,488.0,41.0,4.0,11.9,18.2,16.4,20.0,32.7,18.0,2023.0,1.1,443.0,,11.0,1.45,4.9,,11.5,,,,,,,,,,,,,,,,,,,,,,,,,5.0,
Romello Brinson,WR,SMU,ACC,2026,296,7,2026_prospect,MISSING,,1.0,20.35,1.0,19.6,29.4,,,,,,0.0,0.0,74.0,190.0,,,,24.39,,,,,,,,,4.0,1.0,0.0,,13.0,638.0,43.0,3.0,14.84,14.4,17.3,11.5,14.4,,,1.39,460.0,,,,,,,,,,,,,,,,,,,,,,,,,,,,,,,3.0,
Caullin Lacy,WR,Louisville,ACC,2026,298,7,2026_prospect,2001-12-22,24.3,1.0,21.55,1.0,24.4,36.6,,,,,,0.0,0.0,69.0,183.0,9.88,29.38,,27.02,4.55,1.6,33.5,116.0,,,,3.66,53.0,15.0,0.0,,13.0,635.0,60.0,2.0,10.58,16.6,22.1,11.1,16.6,,,1.52,418.0,,,,,,,,,,,,,,,,,,,,,,,,,,,,,,,2.0,
Jordan Hudson,WR,SMU,ACC,2026,307,7,2026_prospect,2003-11-22,22.4,1.0,25.35,1.0,40.6,61.0,,,,,,0.0,0.0,73.0,200.0,,,,26.38,,,,,,,,,6.0,1.0,0.0,,13.0,766.0,61.0,6.0,12.56,21.9,20.8,23.1,21.9,21.0,2025.0,1.67,460.0,,,,,,,,,,,,,,,,,,,,,,,,,,,,,,,3.0,
Malik Benson,WR,Oregon,Big Ten,2026,332,7,2026_prospect,2002-10-17,23.5,1.0,17.07,1.0,22.8,34.1,,,,,,0.0,0.0,72.1,189.0,8.63,31.88,,25.56,4.37,1.53,32.5,122.0,,,,7.84,-4.0,1.0,0.0,,15.0,719.0,43.0,6.0,16.72,19.1,18.9,19.4,19.1,,,1.65,437.0,,12.0,1.65,21.5,,14.7,,,,,,,,,,,,,,,,,,,,,,,,,1.0,
Michael Wortham,WR,Montana,Big Sky,2026,345,7,2026_prospect,2002-06-27,23.8,1.0,14.76,1.0,20.0,30.0,,,,,,0.0,0.0,69.0,177.0,,,,26.14,,,,,,,,,345.0,57.0,7.0,,15.0,1224.0,85.0,10.0,14.4,,,,,,,,,,,,,,,,,,,,,,,,,,,,,,,,,,,,,,,,
Emmanuel Henderson,WR,Kansas,Big 12,2026,348,7,2026_prospect,2003-03-21,23.1,1.0,17.96,1.0,31.8,47.7,,,,,,0.0,0.0,72.875,185.0,8.38,31.0,,24.49,4.44,1.53,35.0,120.0,,,,7.6,16.0,4.0,0.0,,12.0,766.0,45.0,5.0,17.02,25.4,29.0,21.7,25.4,22.0,2025.0,2.22,345.0,,7.0,2.22,34.9,4.0,17.0,,,,,,,,,,,,,,,,,,,,,,,,,1.0,
Colbie Young,WR,Georgia,SEC,2026,354,7,2026_prospect,2002-07-24,23.8,1.0,12.31,1.0,15.2,22.8,,,,,,0.0,0.0,75.0,215.0,,,,26.87,4.49,1.59,,,,,,,,,,,14.0,358.0,26.0,1.0,13.77,7.8,11.6,4.0,7.8,,,0.86,417.0,,12.0,1.29,11.8,,12.8,,,,,,,,,,,,,,,,,,,,,,,,,2.0,
Chris Hilton,WR,LSU,SEC,2026,363,7,2026_prospect,2002-10-11,23.5,1.0,11.38,1.0,15.4,23.1,,,,,,0.0,0.0,72.0,188.0,9.25,32.0,,25.49,4.41,1.52,34.5,122.0,,7.25,4.41,6.5,,,,,13.0,122.0,10.0,0.0,12.2,2.0,4.1,0.0,8.1,,,0.28,443.0,,4.0,0.55,52.0,,19.0,,,,,,,,,,,,,,,,,,,,,,,,,5.0,
Keelan Marion,WR,Miami (FL),ACC,2026,376,7,2026_prospect,2002-06-22,23.8,1.0,10.78,1.0,18.2,27.3,,,,,,0.0,0.0,72.0,195.0,,,,26.44,,,,,,,,,25.0,4.0,0.0,,16.0,746.0,57.0,2.0,13.09,12.3,18.4,6.2,12.3,,,1.5,496.0,,,,,,,,,,,,,,,,,,,,,,,,,,,,,,,1.0,
J.Michael Sturdivant,WR,Florida,SEC,2026,378,7,2026_prospect,2002-09-06,23.6,1.0,11.42,1.0,21.1,31.6,,,,,,0.0,0.0,75.0,207.0,9.5,32.88,,25.87,4.4,1.52,39.0,131.0,,,,9.96,1.0,1.0,0.0,,12.0,406.0,27.0,3.0,15.04,16.6,16.5,16.7,16.6,,,1.09,374.0,,14.0,1.62,22.7,2.0,13.9,,,,,,,,,,,,,,,,,,,,,,,,,1.0,
Noah Thomas,WR,Georgia,SEC,2026,396,7,2026_prospect,2004-01-13,22.3,1.0,13.57,1.0,34.7,27.1,,,,,,0.0,100.0,77.0,205.0,,,,24.31,,,,,,,,,,,,,14.0,254.0,16.0,4.0,15.88,12.1,8.2,16.0,12.1,,,0.61,417.0,,13.0,1.59,15.3,3.0,13.9,,,,,,,,,,,,,,,,,,,,,,,,,2.0,
Dillon Bell,WR,Georgia,SEC,2026,397,7,2026_prospect,2003-11-06,22.5,1.0,9.6,1.0,21.9,32.8,,,,,,0.0,0.0,72.75,209.0,9.5,30.25,,27.76,4.5,1.55,39.0,126.0,,,,9.57,109.0,17.0,2.0,,14.0,268.0,27.0,2.0,9.93,8.3,8.7,8.0,12.8,,,0.64,417.0,,,,,,,,,,,,,,,,,,,,,,,,,,,,,,,4.0,
Harrison Wallace III,WR,Mississippi,SEC,2026,403,7,2026_prospect,2003-04-23,23.0,1.0,8.93,1.0,21.8,32.6,,,,,,0.0,0.0,73.0,195.0,,,,25.72,4.54,1.58,,,,,,,1.0,3.0,0.0,,15.0,934.0,61.0,4.0,15.31,17.6,19.9,15.4,17.6,,,1.79,523.0,,,,,,,,,,,,,,,,,,,,,,,,,,,,,,,1.0,
Squirrel White,WR,Florida State,ACC,2026,426,7,2026_prospect,2004-05-05,22.0,1.0,8.17,1.0,27.2,15.9,,,,,,0.0,100.0,70.0,170.0,,,,24.39,,,,,,,,,6.0,4.0,0.0,,12.0,52.0,5.0,0.0,10.4,0.9,1.7,0.0,0.9,,,0.15,339.0,,,,,,,,,,,,,,,,,,,,,,,,,,,,,,,1.0,
Jalil Farooq,WR,Maryland,Big Ten,2026,436,7,2026_prospect,2001-09-13,24.6,1.0,7.0,1.0,23.3,35.0,,,,,,0.0,0.0,74.0,213.0,,,,27.34,,,,,,,,,8.0,2.0,0.0,,12.0,545.0,58.0,4.0,9.4,20.0,17.8,22.2,20.0,,,1.11,491.0,,,,,,,,,,,,,,,,,,,,,,,,,,,,,,,1.0,
Jalen Walthall,WR,Incarnate Word,Southland,2026,440,7,2026_prospect,2002-10-14,23.5,1.0,8.0,1.0,26.7,40.0,,,,,,0.0,0.0,73.0,191.0,9.0,31.25,,25.2,4.57,1.55,35.0,131.0,,,,6.78,50.0,4.0,0.0,,12.0,847.0,70.0,8.0,12.1,55.9,50.2,61.5,55.9,,2024.0,1.57,540.0,,,,,,,,,,,,,,,,,,,,,,,,,,,,,,,2.0,
Trebor Pena,WR,Penn State,Big Ten,2026,453,7,2026_prospect,2002-02-21,24.2,1.0,7.51,1.0,25.0,37.6,,,,,,0.0,0.0,70.0,186.0,,,,26.69,,,,,,,,,69.0,11.0,0.0,,13.0,552.0,49.0,2.0,11.27,17.6,22.6,12.5,17.6,,,1.63,339.0,,,,,,,,,,,,,,,,,,,,,,,,,,,,,,,1.0,
Raymond Cottrell,WR,West Alabama,Gulf South,2026,455,7,2026_prospect,MISSING,,1.0,8.45,1.0,28.2,17.3,,,,,,0.0,100.0,,,,,,,,,,,,,,,,,,,,13.0,,1.0,,2.3,0.4,4.2,2.3,,,0.03,408.0,,,,,,,,,,,,,,,,,,,,,,,,,,,,,,,1.0,
Ryan Niblett,WR,Texas,SEC,2026,458,7,2026_prospect,2004-11-17,21.4,1.0,8.18,1.0,27.3,15.9,,,,,,0.0,100.0,70.0,187.0,,,,26.83,,,,,,,,,15.0,5.0,0.0,,13.0,60.0,8.0,0.0,7.5,0.9,1.8,0.0,0.9,,,0.14,420.0,,,,,,,,,,,,,,,,,,,,,,,,,,,,,,,2.0,
Ayden Williams,WR,Mississippi State,SEC,2026,461,7,2026_prospect,MISSING,,1.0,10.34,1.0,34.5,26.7,,,,,,0.0,100.0,75.0,205.0,,,,25.62,,,,,,,,,,,,,13.0,252.0,21.0,0.0,12.0,4.0,8.0,0.0,11.7,,,0.65,390.0,,,,,,,,,,,,,,,,,,,,,,,,,,,,,,,3.0,
Braylon James,WR,TCU,Big 12,2026,470,7,2026_prospect,MISSING,,1.0,8.04,1.0,26.8,15.2,,,,,,0.0,100.0,74.0,190.0,,,,24.39,,,,,,,,,,,,,13.0,12.0,,0.0,,0.2,0.4,0.0,0.2,,,0.04,322.0,,,,,,,,,,,,,,,,,,,,,,,,,,,,,,,1.0,
Nathan Leacock,WR,North Carolina,ACC,2026,482,7,2026_prospect,2004-11-22,21.4,1.0,8.22,1.0,27.4,16.1,,,,,,0.0,100.0,75.0,217.0,,,,27.12,,,,,,,,,6.0,1.0,0.0,,12.0,48.0,5.0,0.0,9.6,1.1,2.2,0.0,1.1,,,0.14,355.0,,,,,,,,,,,,,,,,,,,,,,,,,,,,,,,1.0,
Tobias Merriweather,WR,Utah,Big 12,2026,483,7,2026_prospect,MISSING,,1.0,3.46,1.0,11.5,17.3,,,,,,0.0,0.0,77.0,195.0,,,,23.12,,,,,,,,,,,,,13.0,130.0,8.0,0.0,16.25,2.3,4.6,0.0,2.3,,,0.35,373.0,,,,,,,,,,,,,,,,,,,,,,,,,,,,,,,1.0,
Kyion Grayes,WR,California,ACC,2026,484,7,2026_prospect,MISSING,,1.0,3.07,1.0,10.2,15.3,,,,,,0.0,0.0,72.0,190.0,,,,25.77,,,,,,,,,,,,,13.0,10.0,1.0,0.0,10.0,0.1,0.3,0.0,0.3,,,0.02,505.0,,,,,,,,,,,,,,,,,,,,,,,,,,,,,,,2.0,
Kobe Prentice,WR,Baylor,Big 12,2026,488,7,2026_prospect,2004-03-10,22.1,1.0,10.96,1.0,36.5,29.8,,,,,,0.0,100.0,71.0,190.0,,,,26.5,,,,,,,,,,,,,12.0,380.0,26.0,6.0,14.62,14.8,10.2,19.4,14.8,,,0.75,510.0,,,,,,,,,,,,,,,,,,,,,,,,,,,,,,,1.0,
C.J. Williams,WR,Stanford,ACC,2026,490,7,2026_prospect,2002-10-23,23.5,1.0,7.0,1.0,23.3,35.0,,,,,,0.0,0.0,73.0,205.0,,,,27.04,,,,,,,,,,,,,12.0,757.0,60.0,6.0,12.62,35.6,28.4,42.9,35.6,,2025.0,1.94,391.0,,,,,,,,,,,,,,,,,,,,,,,,,,,,,,,1.0,
Antonio Gates Jr.,WR,Delaware State,MEAC,2026,499,7,2026_prospect,2003-10-06,22.6,1.0,9.06,1.0,30.2,20.3,,,,,,0.0,100.0,,,,,,,,,,,,,,,,,,,12.0,49.0,,0.0,,0.9,1.9,0.0,5.3,,,0.13,378.0,,,,,,,,,,,,,,,,,,,,,,,,,,,,,,,2.0,
Braylin Presley,WR,Tulsa,American Athletic,2026,500,7,2026_prospect,2003-10-24,22.5,1.0,10.1,1.0,33.7,25.5,,,,,,0.0,100.0,66.0,170.0,,,,27.44,,,,,,,,,215.0,32.0,1.0,,12.0,115.0,18.0,1.0,6.39,5.5,4.3,6.7,5.5,,,0.28,409.0,,,,,,,,,,,,,,,,,,,,,,,,,,,,,,,3.0,
Kaleb Brown,WR,UAB,American Athletic,2026,516,7,2026_prospect,2003-10-07,22.5,1.0,4.8,1.0,16.0,24.0,,,,,,0.0,0.0,70.0,200.0,,,,28.69,,,,,,,,,5.0,1.0,0.0,,12.0,255.0,17.0,2.0,15.0,9.0,8.0,10.0,9.0,,,0.58,438.0,,,,,,,,,,,,,,,,,,,,,,,,,,,,,,,4.0,
Justus Ross-Simmons,WR,Syracuse,ACC,2026,545,7,2026_prospect,MISSING,,1.0,7.0,1.0,23.3,35.0,,,,,,0.0,0.0,75.0,210.0,,,,26.25,,,,,,,,,,,,,12.0,312.0,20.0,5.0,15.6,20.7,12.0,29.4,20.7,,2025.0,0.76,408.0,,,,,,,,,,,,,,,,,,,,,,,,,,,,,,,2.0,
Christian Leary,WR,Western Michigan,Mid-American,2026,549,7,2026_prospect,MISSING,,1.0,4.59,1.0,15.3,23.0,,,,,,0.0,0.0,70.0,180.0,,,,25.82,,,,,,,,,46.0,10.0,0.0,,14.0,115.0,15.0,0.0,7.67,3.0,5.9,0.0,3.0,,,0.38,305.0,,,,,,,,,,,,,,,,,,,,,,,,,,,,,,,1.0,
Kyron Ware-Hudson,WR,Penn State,Big Ten,2026,566,7,2026_prospect,MISSING,,1.0,5.43,1.0,18.1,27.2,,,,,,0.0,0.0,73.0,215.0,,,,28.36,,,,,,,,,,,,,13.0,288.0,23.0,2.0,12.52,12.2,11.8,12.5,12.2,,,0.85,339.0,,,,,,,,,,,,,,,,,,,,,,,,,,,,,,,1.0,
Deion Colzie,WR,Miami (OH),Mid-American,2026,567,7,2026_prospect,2003-07-28,22.7,1.0,4.27,1.0,14.2,21.3,,,,,,0.0,0.0,76.0,211.0,,,,25.68,,,,,,,,,,,,,14.0,178.0,11.0,1.0,16.18,6.3,6.8,5.9,6.3,,,0.48,368.0,,,,,,,,,,,,,,,,,,,,,,,,,,,,,,,1.0,
Dacari Collins,WR,Louisville,ACC,2026,569,7,2026_prospect,2002-11-04,23.5,1.0,4.32,1.0,14.4,21.6,,,,,,0.0,0.0,76.0,215.0,,,,26.17,,,,,,,,,,,,,13.0,219.0,13.0,1.0,16.85,6.6,7.6,5.6,6.6,,,0.52,418.0,,,,,,,,,,,,,,,,,,,,,,,,,,,,,,,1.0,
Malik McClain,WR,Arizona State,Big 12,2026,576,7,2026_prospect,MISSING,,1.0,5.02,1.0,16.7,25.1,,,,,,0.0,0.0,77.0,205.0,,,,24.31,,,,,,,,,,,,,13.0,441.0,31.0,1.0,14.23,10.1,15.2,5.0,10.1,,,1.03,430.0,,,,,,,,,,,,,,,,,,,,,,,,,,,,,,,2.0,
JoJo Earle,WR,UNLV,Mountain West,2026,581,7,2026_prospect,2003-04-05,23.1,1.0,4.73,1.0,15.8,23.7,,,,,,0.0,0.0,70.0,185.0,,,,26.54,,,,,,,,,102.0,13.0,2.0,,14.0,258.0,22.0,0.0,11.73,3.7,7.3,0.0,3.7,,,0.61,424.0,,,,,,,,,,,,,,,,,,,,,,,,,,,,,,,1.0,
Jayden Ballard,WR,Wisconsin,Big Ten,2026,593,7,2026_prospect,MISSING,,1.0,6.14,1.0,20.5,30.7,,,,,,0.0,0.0,74.0,205.0,,,,26.32,,,,,,,,,,,,,12.0,150.0,7.0,2.0,21.43,15.7,9.2,22.2,15.7,,,0.55,272.0,,,,,,,,,,,,,,,,,,,,,,,,,,,,,,,1.0,
Andrel Anthony,WR,Duke,ACC,2026,594,7,2026_prospect,2002-01-07,24.3,1.0,5.09,1.0,17.0,25.4,,,,,,0.0,0.0,73.0,186.0,,,,24.54,,,,,,,,,,,,,14.0,246.0,26.0,5.0,9.46,10.4,6.2,14.7,10.4,,,0.49,506.0,,,,,,,,,,,,,,,,,,,,,,,,,,,,,,,1.0,
Joseph Manjack IV,WR,TCU,Big 12,2026,597,7,2026_prospect,MISSING,,1.0,5.54,1.0,18.5,27.7,,,,,,0.0,0.0,75.0,205.0,,,,25.62,,,,,,,,,-4.0,2.0,0.0,,13.0,579.0,44.0,3.0,13.16,12.7,15.4,10.0,12.7,,,1.26,460.0,,,,,,,,,,,,,,,,,,,,,,,,,,,,,,,1.0,
Jayden Thomas,WR,Virginia,ACC,2026,608,7,2026_prospect,2002-10-18,23.5,1.0,3.03,1.0,10.1,15.1,,,,,,0.0,0.0,74.0,220.0,,,,28.24,,,,,,,,,,,,,14.0,9.0,3.0,0.0,3.0,0.1,0.3,0.0,0.1,,,0.02,492.0,,,,,,,,,,,,,,,,,,,,,,,,,,,,,,,1.0,
Rara Thomas,WR,Troy,Sun Belt,2026,610,7,2026_prospect,2002-07-28,23.7,1.0,7.32,1.0,24.4,36.6,,,,,,0.0,0.0,74.0,208.0,,,,26.7,,,,,,,,,39.0,6.0,0.0,,14.0,629.0,39.0,5.0,16.13,23.2,21.5,25.0,23.2,23.0,2025.0,1.45,433.0,,,,,,,,,,,,,,,,,,,,,,,,,,,,,,,1.0,
Jared Brown,WR,South Carolina,SEC,2026,612,7,2026_prospect,MISSING,,1.0,5.32,1.0,17.7,26.6,,,,,,0.0,0.0,72.0,195.0,,,,26.44,,,,,,,,,33.0,3.0,0.0,,12.0,102.0,6.0,0.0,17.0,1.9,3.8,0.0,6.6,,,0.3,342.0,,,,,,,,,,,,,,,,,,,,,,,,,,,,,,,5.0,
Max Tomczak,WR,Youngstown State,MVFC,2026,621,7,2026_prospect,MISSING,,1.0,5.0,1.0,16.7,25.0,,,,,,0.0,0.0,72.0,195.0,,,,26.44,,,,,,,,,7.0,1.0,0.0,,13.0,1021.0,70.0,8.0,14.59,,,,,,,,,,,,,,,,,,,,,,,,,,,,,,,,,,,,,,,,
E.J. Williams,WR,Indiana,Big Ten,2026,639,7,2026_prospect,MISSING,,1.0,5.83,1.0,19.4,29.2,,,,,,0.0,0.0,76.0,203.0,,,,24.71,,,,,,,,,,,,,16.0,438.0,36.0,6.0,12.17,12.2,11.4,13.0,14.2,,,1.08,406.0,,,,,,,,,,,,,,,,,,,,,,,,,,,,,,,3.0,
Ja'Mori Maclin,WR,Kentucky,SEC,2026,655,7,2026_prospect,MISSING,,1.0,12.04,1.0,40.1,60.2,,,,,,0.0,0.0,71.0,191.0,,,,26.64,,,,,,,,,,,,,12.0,189.0,13.0,0.0,14.54,3.9,7.8,0.0,20.4,21.0,2024.0,0.51,367.0,,,,,,,,,,,,,,,,,,,,,,,,,,,,,,,2.0,
Ja'Varrius Johnson,WR,UCF,Big 12,2026,668,7,2026_prospect,2000-10-07,25.5,1.0,12.86,1.0,42.9,64.3,,,,,,0.0,0.0,70.0,180.0,,,,25.82,,,,,,,,,,,,,12.0,347.0,,3.0,,16.6,16.5,16.7,28.6,21.0,2022.0,0.96,362.0,,,,,,,,,,,,,,,,,,,,,,,,,,,,,,,3.0,
Donavon Greene,WR,Virginia Tech,ACC,2026,669,7,2026_prospect,MISSING,,1.0,5.51,1.0,18.4,27.6,,,,,,0.0,0.0,74.0,196.0,,,,25.16,,,,,,,,,,,,,12.0,267.0,16.0,2.0,16.69,12.6,13.4,11.8,12.6,,,0.84,319.0,,,,,,,,,,,,,,,,,,,,,,,,,,,,,,,3.0,
