player_name,position,college,draft_year,pick,round,dataset_label,data_quality_flag,outlier_note,slap_display_score,slap_model_score,dc_score,prospect_profile,dataset,production_score,speed_score,broke_out,peak_dominator_imputed,rec_yards,team_pass_att,ryptpa,nfl_hit24,nfl_hit12,nfl_first_3yr_ppg,nfl_career_ppg,nfl_best_ppr,nfl_best_ppg,nfl_seasons_10ppg_3yr,model_version,data_as_of_date
Melvin Gordon,RB,Wisconsin,2015,15,1,Drafted Pick 15,complete,,92.3,69.15,95.6,31.3,backtest,28.5,48.0,,False,153.0,322.0,0.4752,1.0,1.0,19.276923,22.958333,296.4,17.435294117647057,2.0,V5.0,2026-05-05
Todd Gurley,RB,Georgia,2015,10,1,Drafted Pick 10,complete,,89.7,66.16,96.5,17.4,backtest,11.1,55.3,,False,57.0,322.0,0.177,1.0,1.0,25.686667,26.578571,404.6,23.8,3.0,V5.0,2026-05-05
Duke Johnson,RB,Miami (FL),2015,77,3,Drafted Pick 77,complete,,88.9,65.6,77.5,63.1,backtest,67.7,35.9,,False,421.0,391.0,1.0767,1.0,0.0,13.50625,13.50625,216.1,12.711764705882352,2.0,V5.0,2026-05-05
Ameer Abdullah,RB,Nebraska,2015,54,2,Drafted Pick 54,complete,,85.5,62.7,84.7,41.8,backtest,45.0,23.1,,False,269.0,359.0,0.7493,0.0,0.0,8.885714,9.630769,125.2,7.364705882352942,0.0,V5.0,2026-05-05
T.J. Yeldon,RB,Alabama,2015,36,2,Drafted Pick 36,complete,,84.3,61.78,90.6,27.4,backtest,25.1,41.6,,False,180.0,451.0,0.3991,0.0,0.0,12.991667,12.991667,173.1,10.18235294117647,1.0,V5.0,2026-05-05
David Johnson,RB,Northern Iowa,2015,86,3,Drafted Pick 86,complete,,74.2,56.29,75.0,41.2,backtest,37.8,61.6,,False,276.0,417.0,0.6619,1.0,1.0,25.4875,25.4875,407.8,23.988235294117647,2.0,V5.0,2026-05-05
Tevin Coleman,RB,Indiana,2015,73,3,Drafted Pick 73,complete,,73.8,55.52,79.2,32.2,backtest,27.0,63.0,,False,141.0,313.0,0.4505,1.0,1.0,14.7,14.7,233.9,13.758823529411766,2.0,V5.0,2026-05-05
Jay Ajayi,RB,Boise St.,2015,149,5,Drafted Pick 149,complete,,73.3,55.42,45.6,67.3,backtest,71.2,44.3,,False,535.0,451.0,1.1863,1.0,1.0,14.353333,14.353333,222.8,13.105882352941178,1.0,V5.0,2026-05-05
Javorius Allen,RB,USC,2015,125,4,Drafted Pick 125,complete,,72.1,54.25,57.6,53.8,backtest,54.0,52.2,,False,458.0,460.0,0.9957,0.0,0.0,10.38125,10.38125,166.1,9.770588235294117,1.0,V5.0,2026-05-05
Mike Davis,RB,South Carolina,2015,126,4,Drafted Pick 126,complete,,65.8,51.07,56.3,45.1,backtest,47.2,32.9,,False,368.0,468.0,0.7863,1.0,0.0,,14.75,206.5,12.147058823529411,,V5.0,2026-05-05
Matt Jones,RB,Florida,2015,95,3,Drafted Pick 95,complete,,55.3,46.23,70.4,16.9,backtest,12.0,46.4,,False,65.0,324.0,0.2006,0.0,0.0,8.953846,8.953846,116.4,6.847058823529412,0.0,V5.0,2026-05-05
David Cobb,RB,Minnesota,2015,138,5,Drafted Pick 138,complete,,54.0,45.44,49.8,34.2,backtest,38.3,10.0,,False,162.0,254.0,0.6378,0.0,0.0,,,21.4,1.258823529411765,,V5.0,2026-05-05
Jeremy Langford,RB,Michigan St.,2015,106,4,Drafted Pick 106,complete,,51.1,44.16,67.5,16.3,backtest,8.9,61.0,,False,62.0,400.0,0.155,0.0,0.0,9.84,9.84,147.6,8.68235294117647,0.0,V5.0,2026-05-05
Karlos Williams,RB,Florida St.,2015,155,5,Drafted Pick 155,complete,,50.2,43.85,41.4,36.7,backtest,30.8,72.3,,False,265.0,516.0,0.5136,0.0,0.0,11.3,11.3,124.3,7.311764705882353,1.0,V5.0,2026-05-05
Josh Robinson,RB,Mississippi St.,2015,205,6,Drafted Pick 205,complete,,35.9,40.12,22.2,45.3,backtest,50.0,17.4,,False,370.0,423.0,0.8747,0.0,0.0,,,11.2,0.6588235294117647,,V5.0,2026-05-05
Cameron Artis-Payne,RB,Auburn,2015,174,5,Drafted Pick 174,complete,,27.9,37.32,34.6,25.7,backtest,22.8,42.9,,False,147.0,332.0,0.4428,0.0,0.0,,,36.9,2.170588235294117,,V5.0,2026-05-05
Marcus Murphy,RB,Missouri,2015,230,7,Drafted Pick 230,complete,,14.5,30.61,14.0,27.1,backtest,29.2,14.6,,False,212.0,415.0,0.5108,0.0,0.0,,4.288889,38.6,2.2705882352941176,,V5.0,2026-05-05
Kenny Hilliard,RB,LSU,2015,235,7,Drafted Pick 235,complete,,2.3,22.92,11.7,6.9,backtest,7.2,4.6,,False,35.0,276.0,0.1268,0.0,0.0,,,0.0,0.0,,V5.0,2026-05-05
Ezekiel Elliott,RB,Ohio St.,2016,4,1,Drafted Pick 4,complete,,96.1,78.28,98.4,44.0,backtest,39.8,69.1,,False,206.0,325.0,0.6338,1.0,1.0,21.94,21.94,370.6,21.8,3.0,V5.0,2026-05-05
C.J. Prosise,RB,Notre Dame,2016,90,3,Drafted Pick 90,complete,,79.2,58.64,72.1,49.9,backtest,48.0,61.5,,False,308.0,385.0,0.8,0.0,0.0,,3.6,61.0,3.588235294117647,,V5.0,2026-05-05
Kenyan Drake,RB,Alabama,2016,73,3,Drafted Pick 73,complete,,78.4,58.24,79.2,40.0,backtest,37.1,56.9,,False,276.0,446.0,0.6188,1.0,0.0,12.8875,15.5,211.0,12.411764705882351,2.0,V5.0,2026-05-05
Derrick Henry,RB,Alabama,2016,45,2,Drafted Pick 45,complete,,77.1,57.55,87.2,21.5,backtest,12.2,76.8,,False,91.0,446.0,0.204,1.0,1.0,12.585,24.1625,381.4,22.43529411764706,1.0,V5.0,2026-05-05
Tyler Ervin,RB,San Jose St.,2016,119,4,Drafted Pick 119,complete,,71.2,53.98,62.0,50.3,backtest,51.3,44.7,,False,334.0,391.0,0.8542,0.0,0.0,,,26.1,1.535294117647059,,V5.0,2026-05-05
Kenneth Dixon,RB,Louisiana Tech,2016,134,4,Drafted Pick 134,complete,,69.6,53.62,51.3,55.9,backtest,58.5,40.2,,False,467.0,479.0,0.9749,0.0,0.0,8.533333,8.533333,102.4,6.023529411764706,0.0,V5.0,2026-05-05
Devontae Booker,RB,Utah,2016,136,4,Drafted Pick 136,complete,,64.5,50.68,50.2,48.4,backtest,49.0,44.3,,False,318.0,352.0,0.9034,0.0,0.0,8.91875,9.00625,144.10000000000002,8.476470588235296,0.0,V5.0,2026-05-05
DeAndre Washington,RB,Texas Tech,2016,143,5,Drafted Pick 143,complete,,54.4,45.48,48.1,36.5,backtest,35.5,42.3,,False,385.0,620.0,0.621,0.0,0.0,6.553846,7.61875,121.9,7.170588235294118,0.0,V5.0,2026-05-05
Paul Perkins,RB,UCLA,2016,149,5,Drafted Pick 149,complete,,46.0,42.64,45.6,30.8,backtest,29.8,36.9,,False,242.0,510.0,0.4745,0.0,0.0,5.907692,5.907692,85.5,5.029411764705882,0.0,V5.0,2026-05-05
Wendell Smallwood,RB,West Virginia,2016,153,5,Drafted Pick 153,complete,,37.6,40.51,42.6,26.4,backtest,22.4,50.6,,False,160.0,429.0,0.373,0.0,0.0,9.030769,9.030769,128.3,7.547058823529412,0.0,V5.0,2026-05-05
Jordan Howard,RB,Indiana,2016,150,5,Drafted Pick 150,complete,,32.1,38.7,44.5,20.0,backtest,14.5,53.3,,False,106.0,461.0,0.2299,1.0,1.0,15.34,15.34,230.1,13.53529411764706,3.0,V5.0,2026-05-05
Dwayne Washington,RB,Washington,2016,236,7,Drafted Pick 236,complete,,26.2,36.83,10.7,47.0,backtest,47.7,42.5,,False,315.0,396.0,0.7955,0.0,0.0,4.427273,4.427273,48.7,2.864705882352941,0.0,V5.0,2026-05-05
Jonathan Williams,RB,Arkansas,2016,156,5,Drafted Pick 156,complete,,25.0,36.37,40.5,15.8,backtest,10.9,45.3,,False,65.0,359.0,0.1811,0.0,0.0,1.55,1.55,40.400000000000006,2.3764705882352946,0.0,V5.0,2026-05-05
Keenan Reynolds,RB,Navy,2016,182,6,Drafted Pick 182,complete,,24.6,36.32,31.7,25.9,backtest,23.1,42.5,,False,47.0,122.0,0.3852,0.0,0.0,,,0.0,0.0,,V5.0,2026-05-05
Alex Collins,RB,Arkansas,2016,171,5,Drafted Pick 171,complete,,23.3,35.15,36.3,18.3,backtest,15.2,36.6,,False,95.0,374.0,0.254,1.0,0.0,11.4,11.4,171.0,10.058823529411764,2.0,V5.0,2026-05-05
Darius Jackson,RB,Eastern Michigan,2016,216,6,Drafted Pick 216,complete,,21.2,33.83,18.2,31.3,backtest,29.5,42.5,,False,201.0,409.0,0.4914,0.0,0.0,,,1.6,0.0941176470588235,,V5.0,2026-05-05
Kelvin Taylor,RB,Florida,2016,211,6,Drafted Pick 211,complete,,16.6,31.41,20.3,22.6,backtest,22.2,25.0,,False,150.0,405.0,0.3704,0.0,0.0,,,0.0,0.0,,V5.0,2026-05-05
Keith Marshall,RB,Georgia,2016,242,7,Drafted Pick 242,complete,,7.7,26.21,7.1,18.7,backtest,5.1,100.0,,False,28.0,327.0,0.0856,0.0,0.0,,,0.0,0.0,,V5.0,2026-05-05
Zac Brooks,RB,Clemson,2016,247,7,Drafted Pick 247,complete,,4.4,24.86,4.8,16.5,backtest,12.2,42.5,,False,113.0,528.0,0.214,0.0,0.0,,,0.0,0.0,,V5.0,2026-05-05
Daniel Lasco,RB,California,2016,237,7,Drafted Pick 237,complete,,2.7,23.71,9.4,9.8,backtest,2.5,53.7,,False,24.0,550.0,0.0436,0.0,0.0,,,6.300000000000001,0.3705882352941176,,V5.0,2026-05-05
Christian McCaffrey,RB,Stanford,2017,8,1,Drafted Pick 8,complete,,98.6,82.23,97.1,61.0,backtest,64.1,42.1,,False,310.0,304.0,1.0197,1.0,1.0,29.45,29.45,480.3,28.25294117647059,3.0,V5.0,2026-05-05
Joe Mixon,RB,Oklahoma,2017,48,2,Drafted Pick 48,complete,,96.5,78.31,86.4,82.7,backtest,88.1,50.6,,False,538.0,384.0,1.401,1.0,1.0,17.385714,17.99375,348.8,20.51764705882353,3.0,V5.0,2026-05-05
Leonard Fournette,RB,LSU,2017,4,1,Drafted Pick 4,complete,,95.2,75.51,98.4,36.1,backtest,29.4,76.3,,False,146.0,298.0,0.4899,1.0,1.0,17.707692,18.257143,289.8,17.04705882352941,3.0,V5.0,2026-05-05
Dalvin Cook,RB,Florida St.,2017,41,2,Drafted Pick 41,complete,,94.4,74.26,88.5,66.6,backtest,69.5,48.7,,False,488.0,421.0,1.1591,1.0,1.0,20.885714,24.128571,337.8,19.87058823529412,2.0,V5.0,2026-05-05
Alvin Kamara,RB,Tennessee,2017,67,3,Drafted Pick 67,complete,,89.3,65.99,81.3,58.8,backtest,62.1,39.2,,False,392.0,379.0,1.0343,1.0,1.0,23.613333,25.186667,410.9,24.170588235294115,3.0,V5.0,2026-05-05
Kareem Hunt,RB,Toledo,2017,86,3,Drafted Pick 86,complete,,82.2,60.53,75.0,53.3,backtest,57.2,30.2,,False,403.0,423.0,0.9527,1.0,1.0,20.927273,20.927273,308.90000000000003,18.17058823529412,3.0,V5.0,2026-05-05
Tarik Cohen,RB,North Carolina A&T,2017,119,4,Drafted Pick 119,complete,,81.3,59.63,62.0,66.5,backtest,72.9,27.9,,False,339.0,279.0,1.2151,1.0,1.0,14.62125,14.62125,235.6,13.858823529411763,2.0,V5.0,2026-05-05
James Conner,RB,Pittsburgh,2017,105,3,Drafted Pick 105,complete,,76.7,57.43,68.1,53.8,backtest,55.9,40.7,,False,302.0,324.0,0.9321,1.0,1.0,21.538462,21.538462,280.0,16.470588235294116,2.0,V5.0,2026-05-05
Jeremy McNichols,RB,Boise St.,2017,162,5,Drafted Pick 162,complete,,72.9,54.66,39.7,70.5,backtest,73.4,53.0,,False,474.0,406.0,1.1675,0.0,0.0,,5.661538,73.60000000000001,4.329411764705883,,V5.0,2026-05-05
Donnel Pumphrey,RB,San Diego St.,2017,132,4,Drafted Pick 132,complete,,66.6,51.3,52.3,48.4,backtest,54.1,14.0,,False,231.0,256.0,0.9023,0.0,0.0,,,0.0,0.0,,V5.0,2026-05-05
D'Onta Foreman,RB,Texas,2017,89,3,Drafted Pick 89,complete,,61.1,47.85,72.5,18.6,backtest,11.7,59.8,,False,75.0,402.0,0.1866,0.0,0.0,6.333333,10.433333,131.0,7.705882352941177,0.0,V5.0,2026-05-05
Marlon Mack,RB,South Florida,2017,143,4,Drafted Pick 143,complete,,58.6,47.17,48.1,41.3,backtest,39.9,49.9,,False,227.0,358.0,0.6341,1.0,0.0,14.841667,14.841667,206.1,12.123529411764707,2.0,V5.0,2026-05-05
Samaje Perine,RB,Oklahoma,2017,114,4,Drafted Pick 114,complete,,52.3,44.4,64.3,20.7,backtest,17.4,40.7,,False,106.0,384.0,0.276,0.0,0.0,8.346154,8.88125,165.4,9.729411764705883,0.0,V5.0,2026-05-05
Joe Williams,RB,Utah,2017,121,4,Drafted Pick 121,complete,,49.8,43.69,59.9,21.8,backtest,14.6,65.4,,False,107.0,399.0,0.2682,0.0,0.0,,,0.0,0.0,,V5.0,2026-05-05
Aaron Jones,RB,Texas-El Paso,2017,182,5,Drafted Pick 182,complete,,42.6,41.75,31.7,41.4,backtest,42.8,33.2,,False,233.0,327.0,0.7125,1.0,1.0,19.675,19.675,359.70000000000005,21.15882352941177,2.0,V5.0,2026-05-05
Elijah McGuire,RB,Louisiana,2017,188,6,Drafted Pick 188,complete,,39.7,40.64,29.0,40.5,backtest,39.8,45.0,,False,238.0,342.0,0.6959,0.0,0.0,10.7375,10.7375,85.9,5.052941176470589,1.0,V5.0,2026-05-05
T.J. Logan,RB,North Carolina,2017,179,5,Drafted Pick 179,complete,,35.5,39.68,33.2,34.3,backtest,30.4,57.7,,False,244.0,458.0,0.5328,0.0,0.0,,,10.9,0.6411764705882353,,V5.0,2026-05-05
Wayne Gallman,RB,Clemson,2017,140,4,Drafted Pick 140,complete,,34.2,39.15,49.2,17.1,backtest,14.5,32.8,,False,152.0,629.0,0.2417,0.0,0.0,8.069231,9.757143,136.6,8.035294117647059,0.0,V5.0,2026-05-05
Jamaal Williams,RB,BYU,2017,134,4,Drafted Pick 134,complete,,33.8,39.14,51.3,14.5,backtest,11.7,31.7,,False,80.0,412.0,0.1942,1.0,0.0,10.45,13.288235,225.9,13.288235294117648,2.0,V5.0,2026-05-05
Brian Hill,RB,Wyoming,2017,156,5,Drafted Pick 156,complete,,25.4,36.59,40.5,16.4,backtest,11.1,48.2,,False,67.0,379.0,0.1768,0.0,0.0,6.72,6.72,95.4,5.611764705882353,0.0,V5.0,2026-05-05
Matthew Dayes,RB,North Carolina St.,2017,252,7,Drafted Pick 252,complete,,16.1,31.29,2.7,36.6,backtest,34.8,47.3,,False,267.0,438.0,0.6096,0.0,0.0,,,0.0,0.0,,V5.0,2026-05-05
Elijah Hood,RB,North Carolina,2017,242,7,Drafted Pick 242,complete,,11.1,27.99,7.1,23.8,backtest,19.5,49.5,,False,142.0,458.0,0.31,0.0,0.0,,,0.0,0.0,,V5.0,2026-05-05
Brandon Wilson,RB,Houston,2017,207,6,Drafted Pick 207,complete,,10.7,27.83,21.6,10.9,backtest,5.7,42.5,,False,52.0,523.0,0.0994,0.0,0.0,,,0.0,0.0,,V5.0,2026-05-05
De'Angelo Henderson,RB,Coastal Carolina,2017,203,6,Drafted Pick 203,partial_data,,9.4,26.94,23.9,6.9,backtest,0.0,48.5,,False,,,,0.0,0.0,,,0.0,0.0,,V5.0,2026-05-05
Chris Carson,RB,Oklahoma St.,2017,249,7,Drafted Pick 249,complete,,6.9,25.76,4.4,19.8,backtest,16.5,39.4,,False,128.0,465.0,0.2753,1.0,0.0,15.506667,15.65,232.6,13.682352941176472,2.0,V5.0,2026-05-05
Khalfani Muhammad,RB,California,2017,241,7,Drafted Pick 241,complete,,6.0,25.74,7.7,17.0,backtest,12.8,42.5,,False,132.0,621.0,0.2126,0.0,0.0,,,0.0,0.0,,V5.0,2026-05-05
Devante Mays,RB,Utah St.,2017,238,7,Drafted Pick 238,complete,,1.4,22.63,8.6,7.1,backtest,1.2,42.5,,False,8.0,383.0,0.0209,0.0,0.0,,,1.1,0.0647058823529411,,V5.0,2026-05-05
Saquon Barkley,RB,Penn St.,2018,2,1,Drafted Pick 2,complete,,99.0,94.9,99.0,87.8,backtest,86.7,94.3,,False,632.0,458.0,1.3799,1.0,1.0,24.1125,24.1125,455.7,26.80588235294117,2.0,V5.0,2026-05-05
Rashaad Penny,RB,San Diego St.,2018,27,1,Drafted Pick 27,complete,,90.2,67.45,93.5,37.0,backtest,32.1,65.8,,False,135.0,252.0,0.5357,0.0,0.0,8.366667,12.17,121.7,7.158823529411765,0.0,V5.0,2026-05-05
Kerryon Johnson,RB,Auburn,2018,43,2,Drafted Pick 43,complete,,86.0,62.85,87.6,35.3,backtest,31.9,55.5,,False,194.0,382.0,0.5079,0.0,0.0,13.94,13.94,139.4,8.200000000000001,2.0,V5.0,2026-05-05
Sony Michel,RB,Georgia,2018,31,1,Drafted Pick 31,complete,,82.6,60.99,93.1,21.6,backtest,18.0,43.0,,False,96.0,305.0,0.3148,1.0,0.0,10.7,10.7,210.6,12.388235294117647,1.0,V5.0,2026-05-05
Ronald Jones II,RB,USC,2018,38,2,Drafted Pick 38,complete,,80.9,59.6,89.5,22.6,backtest,23.9,14.7,,False,187.0,491.0,0.3809,0.0,0.0,13.307143,13.307143,0.0,0.0,2.0,V5.0,2026-05-05
Derrius Guice,RB,LSU,2018,59,2,Drafted Pick 59,complete,,78.0,57.99,83.9,31.4,backtest,26.0,63.7,,False,124.0,300.0,0.4133,0.0,0.0,,,57.400000000000006,3.3764705882352946,,V5.0,2026-05-05
Nick Chubb,RB,Georgia,2018,35,2,Drafted Pick 35,complete,,75.9,57.22,91.8,13.7,backtest,5.9,60.5,,False,30.0,305.0,0.0984,1.0,1.0,17.308333,17.308333,281.4,16.552941176470586,3.0,V5.0,2026-05-05
Royce Freeman,RB,Oregon,2018,71,3,Drafted Pick 71,complete,,75.4,57.05,80.3,35.5,backtest,31.6,58.4,,False,164.0,311.0,0.5273,0.0,0.0,8.8875,8.8875,142.20000000000002,8.364705882352942,0.0,V5.0,2026-05-05
Ito Smith,RB,Southern Miss,2018,126,4,Drafted Pick 126,complete,,70.0,53.67,56.3,52.6,backtest,54.2,42.5,,False,396.0,438.0,0.9041,0.0,0.0,7.515385,7.515385,97.7,5.747058823529412,0.0,V5.0,2026-05-05
John Kelly,RB,Tennessee,2018,176,6,Drafted Pick 176,complete,,61.6,48.22,34.0,57.6,backtest,58.9,49.6,,False,299.0,319.0,0.9373,0.0,0.0,,,12.1,0.7117647058823531,,V5.0,2026-05-05
Nyheim Hines,RB,North Carolina St.,2018,104,4,Drafted Pick 104,complete,,59.9,47.6,68.9,25.2,backtest,19.7,58.0,,False,152.0,484.0,0.314,0.0,0.0,12.075,12.075,163.3,9.605882352941178,2.0,V5.0,2026-05-05
Chase Edmonds,RB,Fordham,2018,134,4,Drafted Pick 134,complete,,45.2,42.55,51.3,24.3,backtest,23.0,32.0,,False,129.0,337.0,0.3828,0.0,0.0,10.5,11.941667,168.0,9.882352941176473,1.0,V5.0,2026-05-05
Mark Walton,RB,Miami (FL),2018,112,4,Drafted Pick 112,complete,,44.7,42.52,65.8,14.4,backtest,13.5,20.2,,False,91.0,425.0,0.2141,0.0,0.0,,,0.0,0.0,,V5.0,2026-05-05
Kalen Ballage,RB,Arizona St.,2018,131,4,Drafted Pick 131,complete,,43.1,42.18,52.9,21.9,backtest,13.1,74.6,,False,91.0,416.0,0.2188,0.0,0.0,8.536364,8.536364,93.9,5.523529411764706,0.0,V5.0,2026-05-05
Jordan Wilkins,RB,Mississippi,2018,169,5,Drafted Pick 169,complete,,38.4,40.55,37.0,32.9,backtest,30.1,49.6,,False,241.0,434.0,0.5553,0.0,0.0,5.108333,5.108333,61.3,3.605882352941177,0.0,V5.0,2026-05-05
Boston Scott,RB,Louisiana Tech,2018,201,6,Drafted Pick 201,complete,,22.0,34.28,25.2,27.2,backtest,24.6,42.5,,False,181.0,420.0,0.431,0.0,0.0,12.3625,12.3625,109.1,6.417647058823529,1.0,V5.0,2026-05-05
David Williams,RB,Arkansas,2018,226,7,Drafted Pick 226,complete,,17.0,31.93,14.9,29.5,backtest,27.3,42.5,,False,171.0,340.0,0.5029,0.0,0.0,,,0.0,0.0,,V5.0,2026-05-05
Justin Jackson,RB,Northwestern,2018,251,7,Drafted Pick 251,complete,,15.7,30.94,3.3,35.3,backtest,35.9,31.3,,False,276.0,461.0,0.5987,0.0,0.0,8.1625,8.1625,86.2,5.070588235294117,0.0,V5.0,2026-05-05
Nick Bawden,RB,San Diego St.,2018,237,7,Drafted Pick 237,complete,,14.9,30.73,9.4,29.9,backtest,24.5,62.1,,False,103.0,252.0,0.4087,0.0,0.0,,,0.0,0.0,,V5.0,2026-05-05
Bo Scarbrough,RB,Alabama,2018,236,7,Drafted Pick 236,complete,,12.4,29.1,10.7,24.9,backtest,18.8,61.5,,False,109.0,332.0,0.3283,0.0,0.0,,,43.2,2.541176470588236,,V5.0,2026-05-05
Trenton Cannon,RB,Virginia St.,2018,204,6,Drafted Pick 204,partial_data,,8.6,26.5,23.1,6.1,backtest,0.0,42.5,,False,225.0,,,0.0,0.0,4.427273,4.427273,48.7,2.864705882352941,0.0,V5.0,2026-05-05
Josh Jacobs,RB,Alabama,2019,24,1,Drafted Pick 24,complete,,92.7,69.19,94.6,39.5,backtest,35.4,63.6,,False,247.0,438.0,0.5639,1.0,1.0,15.42,19.311765,328.3,19.31176470588236,3.0,V5.0,2026-05-05
Darrell Henderson,RB,Memphis,2019,70,3,Drafted Pick 70,complete,,81.8,60.01,80.9,43.4,backtest,42.9,46.6,,False,295.0,413.0,0.7143,0.0,0.0,13.616667,13.616667,171.4,10.08235294117647,1.0,V5.0,2026-05-05
Miles Sanders,RB,Penn St.,2019,53,2,Drafted Pick 53,complete,,76.3,57.36,85.1,26.0,backtest,22.0,49.8,,False,139.0,379.0,0.3668,1.0,1.0,14.2,14.2,244.8,14.4,2.0,V5.0,2026-05-05
Tony Pollard,RB,Memphis,2019,128,4,Drafted Pick 128,complete,,74.6,56.46,54.2,61.4,backtest,64.5,42.8,,False,444.0,413.0,1.0751,1.0,1.0,10.84,15.55,266.0,15.647058823529411,1.0,V5.0,2026-05-05
David Montgomery,RB,Iowa St.,2019,73,3,Drafted Pick 73,complete,,70.4,53.74,79.2,27.1,backtest,26.0,34.1,,False,157.0,363.0,0.4325,1.0,1.0,17.653333,17.653333,267.90000000000003,15.758823529411767,3.0,V5.0,2026-05-05
Damien Harris,RB,Alabama,2019,87,3,Drafted Pick 87,complete,,67.9,52.04,74.2,29.6,backtest,27.9,39.3,,False,204.0,438.0,0.4658,1.0,0.0,14.006667,14.006667,214.8,12.63529411764706,1.0,V5.0,2026-05-05
Alexander Mattison,RB,Boise St.,2019,102,3,Drafted Pick 102,complete,,59.5,47.51,69.6,24.0,backtest,23.6,26.1,,False,173.0,460.0,0.3761,0.0,0.0,7.86875,9.814286,137.4,8.08235294117647,0.0,V5.0,2026-05-05
Devin Singletary,RB,Florida Atlantic,2019,74,3,Drafted Pick 74,complete,,56.1,46.41,78.4,6.7,backtest,5.9,11.2,,False,36.0,364.0,0.0989,1.0,1.0,12.325,12.325,237.3,13.958823529411765,2.0,V5.0,2026-05-05
Benny Snell Jr.,RB,Kentucky,2019,122,4,Drafted Pick 122,complete,,50.6,44.13,59.3,23.5,backtest,22.4,30.6,,False,105.0,295.0,0.3559,0.0,0.0,5.263636,5.263636,0.0,0.0,0.0,V5.0,2026-05-05
Bryce Love,RB,Stanford,2019,112,4,Drafted Pick 112,complete,,49.4,43.68,65.8,17.7,backtest,14.0,39.8,,False,99.0,423.0,0.234,0.0,0.0,,,0.0,0.0,,V5.0,2026-05-05
Justice Hill,RB,Oklahoma St.,2019,113,4,Drafted Pick 113,complete,,45.6,42.61,64.9,15.1,backtest,8.7,53.7,,False,68.0,491.0,0.1385,0.0,0.0,3.3,8.473333,147.3,8.664705882352942,0.0,V5.0,2026-05-05
Trayveon Williams,RB,Texas A&M,2019,182,6,Drafted Pick 182,complete,,41.4,41.19,31.7,39.8,backtest,39.7,40.5,,False,277.0,439.0,0.631,0.0,0.0,,1.064286,21.700000000000003,1.2764705882352942,,V5.0,2026-05-05
Darwin Thompson,RB,Utah St.,2019,214,6,Drafted Pick 214,complete,,33.0,38.85,19.1,45.0,backtest,45.4,42.5,,False,351.0,464.0,0.7565,0.0,0.0,3.21,3.21,33.2,1.9529411764705884,0.0,V5.0,2026-05-05
Ryquell Armstead,RB,Temple,2019,140,5,Drafted Pick 140,complete,,31.7,38.67,49.2,15.7,backtest,7.0,68.0,,False,52.0,443.0,0.1174,0.0,0.0,3.657143,3.657143,51.2,3.011764705882353,0.0,V5.0,2026-05-05
Qadree Ollison,RB,Pittsburgh,2019,152,5,Drafted Pick 152,complete,,29.6,37.65,43.1,17.8,backtest,12.6,49.3,,False,66.0,315.0,0.2095,0.0,0.0,,,30.7,1.8058823529411765,,V5.0,2026-05-05
Jordan Scarlett,RB,Florida,2019,154,5,Drafted Pick 154,complete,,29.2,37.61,42.0,18.5,backtest,13.2,50.6,,False,84.0,364.0,0.2308,0.0,0.0,,,0.9,0.0529411764705882,,V5.0,2026-05-05
Rodney Anderson,RB,Oklahoma,2019,211,6,Drafted Pick 211,complete,,27.1,37.25,20.3,39.3,backtest,38.9,41.7,,False,281.0,433.0,0.649,0.0,0.0,,,0.0,0.0,,V5.0,2026-05-05
Travis Homer,RB,Miami (FL),2019,204,6,Drafted Pick 204,complete,,24.1,36.31,23.1,34.1,backtest,32.9,41.0,,False,186.0,355.0,0.5239,0.0,0.0,5.15,5.3875,55.8,3.282352941176471,0.0,V5.0,2026-05-05
Dexter Williams,RB,Notre Dame,2019,194,6,Drafted Pick 194,complete,,19.5,33.17,27.3,21.4,backtest,19.1,35.4,,False,133.0,418.0,0.3182,0.0,0.0,,,1.1,0.0647058823529411,,V5.0,2026-05-05
Kerrith Whyte Jr.,RB,Florida Atlantic,2019,222,7,Drafted Pick 222,complete,,17.4,32.15,16.1,28.7,backtest,26.4,42.5,,False,160.0,364.0,0.4396,0.0,0.0,,,0.0,0.0,,V5.0,2026-05-05
Ty Johnson,RB,Maryland,2019,186,6,Drafted Pick 186,complete,,14.0,30.57,29.8,11.0,backtest,5.7,42.5,,False,22.0,241.0,0.0913,0.0,0.0,7.8,7.8,117.0,6.882352941176471,0.0,V5.0,2026-05-05
Mike Weber,RB,Ohio St.,2019,218,7,Drafted Pick 218,complete,,11.9,28.91,17.4,18.0,backtest,12.0,53.8,,False,112.0,559.0,0.2004,0.0,0.0,,,0.0,0.0,,V5.0,2026-05-05
Chandler Cox,RB,Auburn,2019,233,7,Drafted Pick 233,complete,,9.0,26.52,13.2,16.5,backtest,12.1,42.5,,False,81.0,382.0,0.212,0.0,0.0,,,0.0,0.0,,V5.0,2026-05-05
Cullen Gillaspia,RB,Texas A&M,2019,220,7,Drafted Pick 220,complete,,8.2,26.41,17.0,11.6,backtest,6.4,42.5,,False,52.0,439.0,0.1185,0.0,0.0,,,0.0,0.0,,V5.0,2026-05-05
Myles Gaskin,RB,Washington,2019,234,7,Drafted Pick 234,complete,,5.2,25.39,12.4,13.6,backtest,11.4,26.6,,False,77.0,405.0,0.1901,0.0,0.0,16.42,16.42,173.6,10.211764705882352,2.0,V5.0,2026-05-05
Antonio Gibson,RB,Memphis,2020,66,3,Drafted Pick 66,complete,,97.7,80.13,82.0,98.6,backtest,99.9,91.0,,False,735.0,441.0,1.6667,1.0,0.0,14.442857,14.442857,229.1,13.476470588235296,3.0,V5.0,2026-05-05
Clyde Edwards-Helaire,RB,LSU,2020,32,1,Drafted Pick 32,complete,,93.1,69.5,92.7,46.6,backtest,50.2,25.0,,False,453.0,567.0,0.7989,1.0,0.0,13.538462,13.538462,194.4,11.43529411764706,2.0,V5.0,2026-05-05
Jonathan Taylor,RB,Wisconsin,2020,41,2,Drafted Pick 41,complete,,91.8,68.93,88.5,51.3,backtest,45.1,88.6,,False,252.0,351.0,0.7179,1.0,1.0,21.947059,21.947059,373.1,21.947058823529414,3.0,V5.0,2026-05-05
Zack Moss,RB,Utah,2020,86,3,Drafted Pick 86,complete,,88.1,65.2,75.0,66.7,backtest,72.5,31.4,,False,388.0,321.0,1.2087,0.0,0.0,8.092308,12.114286,169.6,9.976470588235294,0.0,V5.0,2026-05-05
D'Andre Swift,RB,Georgia,2020,35,2,Drafted Pick 35,complete,,87.6,64.88,91.8,35.6,backtest,32.7,52.9,,False,216.0,415.0,0.5205,1.0,0.0,16.069231,16.069231,214.5,12.617647058823527,3.0,V5.0,2026-05-05
AJ Dillon,RB,Boston Col.,2020,62,2,Drafted Pick 62,complete,,84.7,61.87,83.0,44.2,backtest,38.4,79.1,,False,195.0,305.0,0.6393,0.0,0.0,10.917647,10.917647,117.6,6.91764705882353,1.0,V5.0,2026-05-05
J.K. Dobbins,RB,Ohio St.,2020,55,2,Drafted Pick 55,complete,,83.9,61.41,84.3,38.7,backtest,38.2,41.7,,False,247.0,406.0,0.6084,1.0,0.0,11.233333,14.753846,194.4,11.43529411764706,2.0,V5.0,2026-05-05
Cam Akers,RB,Florida St.,2020,52,2,Drafted Pick 52,complete,,83.4,61.33,85.8,36.7,backtest,32.7,60.4,,False,225.0,432.0,0.5208,0.0,0.0,9.42,9.42,146.0,8.588235294117647,0.0,V5.0,2026-05-05
Ke'Shawn Vaughn,RB,Illinois,2020,76,3,Drafted Pick 76,complete,,78.8,58.29,78.0,41.7,backtest,40.5,48.9,,False,270.0,381.0,0.7087,0.0,0.0,,,50.8,2.988235294117647,,V5.0,2026-05-05
Darrynton Evans,RB,Appalachian St.,2020,93,3,Drafted Pick 93,complete,,68.3,53.17,71.0,35.8,backtest,32.2,57.4,,False,198.0,369.0,0.5366,0.0,0.0,,,30.0,1.7647058823529411,,V5.0,2026-05-05
La'Mical Perine,RB,Florida,2020,120,4,Drafted Pick 120,complete,,60.3,47.81,60.7,33.2,backtest,33.7,30.2,,False,262.0,467.0,0.561,0.0,0.0,5.833333,5.833333,52.5,3.088235294117647,0.0,V5.0,2026-05-05
Anthony McFarland Jr.,RB,Maryland,2020,124,4,Drafted Pick 124,complete,,53.6,45.05,58.2,27.1,backtest,22.1,56.7,,False,126.0,342.0,0.3684,0.0,0.0,2.063636,2.063636,0.0,0.0,0.0,V5.0,2026-05-05
Joshua Kelley,RB,UCLA,2020,112,4,Drafted Pick 112,complete,,47.7,43.02,65.8,15.8,backtest,10.0,50.8,,False,71.0,426.0,0.1667,0.0,0.0,6.246154,6.246154,81.2,4.776470588235294,0.0,V5.0,2026-05-05
Malcolm Perry,RB,Navy,2020,246,7,Drafted Pick 246,complete,,42.2,41.38,5.2,63.4,backtest,74.0,0.0,,False,167.0,129.0,1.2946,0.0,0.0,3.0875,3.0875,24.7,1.4529411764705882,0.0,V5.0,2026-05-05
Eno Benjamin,RB,Arizona St.,2020,222,7,Drafted Pick 222,complete,,40.5,40.71,16.1,53.2,backtest,56.9,30.4,,False,347.0,383.0,0.906,0.0,0.0,7.466667,7.466667,89.60000000000001,5.270588235294119,0.0,V5.0,2026-05-05
DeeJay Dallas,RB,Miami (FL),2020,144,4,Drafted Pick 144,complete,,38.0,40.54,47.3,22.8,backtest,20.1,38.5,,False,140.0,437.0,0.3204,0.0,0.0,7.1125,7.1125,60.1,3.5352941176470587,0.0,V5.0,2026-05-05
Jason Huntley,RB,New Mexico St.,2020,172,5,Drafted Pick 172,complete,,31.3,38.49,35.7,28.2,backtest,25.8,42.5,,False,192.0,446.0,0.4305,0.0,0.0,,,5.1000000000000005,0.3,,V5.0,2026-05-05
Raymond Calais,RB,Louisiana,2020,245,7,Drafted Pick 245,complete,,3.5,24.15,5.8,13.8,backtest,9.8,38.2,,False,67.0,412.0,0.1626,0.0,0.0,,,0.0,0.0,,V5.0,2026-05-05
Travis Etienne,RB,Clemson,2021,25,1,Drafted Pick 25,complete,,97.3,79.8,94.0,70.6,backtest,72.0,62.4,,False,588.0,490.0,1.2,1.0,1.0,16.611765,16.611765,282.4,16.61176470588235,2.0,V5.0,2026-05-05
Najee Harris,RB,Alabama,2021,24,1,Drafted Pick 24,complete,,94.8,75.04,94.6,56.2,backtest,57.1,50.6,,False,425.0,425.0,1.0,1.0,1.0,17.688235,17.688235,303.5,17.852941176470587,3.0,V5.0,2026-05-05
Javonte Williams,RB,North Carolina,2021,35,2,Drafted Pick 35,complete,,93.5,70.49,91.8,51.6,backtest,53.7,39.1,,False,305.0,357.0,0.8543,1.0,0.0,12.052941,15.425,204.9,12.052941176470588,2.0,V5.0,2026-05-05
Kenneth Gainwell,RB,Memphis,2021,150,5,Drafted Pick 150,complete,,80.5,59.25,44.5,78.7,backtest,83.0,53.0,,False,610.0,441.0,1.3832,0.0,0.0,7.7125,13.135294,139.9,8.229411764705883,0.0,V5.0,2026-05-05
Michael Carter,RB,North Carolina,2021,107,4,Drafted Pick 107,complete,,69.1,53.61,66.8,43.8,backtest,44.9,37.2,,False,267.0,357.0,0.7479,0.0,0.0,11.028571,11.028571,154.4,9.08235294117647,1.0,V5.0,2026-05-05
Trey Sermon,RB,Ohio St.,2021,88,3,Drafted Pick 88,complete,,65.4,51.03,73.3,27.2,backtest,25.3,38.3,,False,95.0,225.0,0.4222,0.0,0.0,2.5375,3.842857,53.8,3.164705882352941,0.0,V5.0,2026-05-05
Rhamondre Stevenson,RB,Oklahoma,2021,120,4,Drafted Pick 120,complete,,62.0,48.23,60.7,34.4,backtest,33.3,40.7,,False,211.0,362.0,0.5829,1.0,1.0,14.652941,14.652941,249.1,14.65294117647059,2.0,V5.0,2026-05-05
Chuba Hubbard,RB,Oklahoma St.,2021,126,4,Drafted Pick 126,complete,,38.9,40.56,56.3,15.1,backtest,9.2,50.7,,False,52.0,340.0,0.1529,1.0,0.0,10.735294,16.106667,241.6,14.211764705882352,1.0,V5.0,2026-05-05
Kene Nwangwu,RB,Iowa St.,2021,119,4,Drafted Pick 119,complete,,35.1,39.5,62.0,9.0,backtest,3.4,42.5,,False,22.0,372.0,0.0591,0.0,0.0,,,11.0,0.6470588235294118,,V5.0,2026-05-05
Demetric Felton,RB,UCLA,2021,211,6,Drafted Pick 211,complete,,30.9,37.91,20.3,41.2,backtest,45.4,15.8,,False,159.0,200.0,0.795,0.0,0.0,4.590909,4.590909,50.5,2.9705882352941178,0.0,V5.0,2026-05-05
Khalil Herbert,RB,Virginia Tech,2021,217,6,Drafted Pick 217,complete,,28.8,37.6,17.8,42.5,backtest,40.4,54.8,,False,179.0,253.0,0.7075,0.0,0.0,9.375,9.375,117.8,6.929411764705883,0.0,V5.0,2026-05-05
Elijah Mitchell,RB,Louisiana,2021,194,6,Drafted Pick 194,complete,,27.5,37.27,27.3,33.1,backtest,28.4,61.5,,False,153.0,308.0,0.4968,1.0,0.0,15.0,15.0,200.6,11.8,1.0,V5.0,2026-05-05
Chris Evans,RB,Michigan,2021,202,6,Drafted Pick 202,complete,,21.6,34.03,24.6,26.8,backtest,23.3,47.8,,False,87.0,213.0,0.4085,0.0,0.0,5.533333,5.533333,52.400000000000006,3.0823529411764707,0.0,V5.0,2026-05-05
Gerrid Doaks,RB,Cincinnati,2021,244,7,Drafted Pick 244,complete,,20.3,33.63,6.5,40.6,backtest,39.1,49.3,,False,202.0,295.0,0.6847,0.0,0.0,,,0.0,0.0,,V5.0,2026-05-05
Gary Brightwell,RB,Arizona,2021,196,6,Drafted Pick 196,complete,,18.2,32.57,26.4,20.4,backtest,18.5,32.1,,False,58.0,188.0,0.3085,0.0,0.0,3.625,3.625,30.0,1.7647058823529411,0.0,V5.0,2026-05-05
Larry Rountree,RB,Missouri,2021,198,6,Drafted Pick 198,complete,,17.8,32.24,25.8,20.2,backtest,16.5,42.5,,False,100.0,363.0,0.2755,0.0,0.0,1.95,1.95,15.6,0.9176470588235296,0.0,V5.0,2026-05-05
Jake Funk,RB,Maryland,2021,233,7,Drafted Pick 233,complete,,12.8,30.3,13.2,27.3,backtest,24.7,42.3,,False,68.0,157.0,0.4331,0.0,0.0,,,3.2,0.188235294117647,,V5.0,2026-05-05
Kylin Hill,RB,Mississippi St.,2021,256,7,Drafted Pick 256,complete,,10.3,27.75,2.3,27.8,backtest,24.3,48.9,,False,237.0,557.0,0.4255,0.0,0.0,,,3.9,0.2294117647058823,,V5.0,2026-05-05
Jermar Jefferson,RB,Oregon St.,2021,257,7,Drafted Pick 257,complete,,3.9,24.78,1.8,19.7,backtest,18.1,29.4,,False,67.0,233.0,0.2876,0.0,0.0,,,25.700000000000003,1.5117647058823531,,V5.0,2026-05-05
Breece Hall,RB,Iowa St.,2022,36,2,Drafted Pick 36,complete,,91.4,68.84,90.6,47.6,backtest,42.6,78.1,,False,302.0,446.0,0.6771,1.0,1.0,17.088235,17.088235,290.5,17.08823529411765,2.0,V5.0,2026-05-05
Rachaad White,RB,Arizona St.,2022,91,3,Drafted Pick 91,complete,,91.0,68.72,71.7,79.2,backtest,83.2,55.0,,False,456.0,313.0,1.4569,1.0,1.0,15.758824,15.758824,295.5,17.38235294117647,2.0,V5.0,2026-05-05
James Cook,RB,Georgia,2022,63,2,Drafted Pick 63,complete,,83.0,61.3,82.6,43.1,backtest,41.9,50.7,,False,284.0,407.0,0.6978,1.0,1.0,16.66875,18.129412,324.3,19.076470588235296,2.0,V5.0,2026-05-05
Kenneth Walker III,RB,Michigan St.,2022,41,2,Drafted Pick 41,complete,,79.7,58.82,88.5,22.5,backtest,14.0,73.3,,False,89.0,400.0,0.2225,1.0,0.0,16.472727,16.472727,199.4,11.729411764705883,3.0,V5.0,2026-05-05
Brian Robinson Jr.,RB,Alabama,2022,98,3,Drafted Pick 98,complete,,67.0,51.49,70.0,33.4,backtest,29.6,56.4,,False,296.0,571.0,0.5184,0.0,0.0,13.206667,13.206667,0.0,0.0,2.0,V5.0,2026-05-05
Dameon Pierce,RB,Florida,2022,107,4,Drafted Pick 107,complete,,63.2,49.51,66.8,32.1,backtest,31.2,37.6,,False,216.0,416.0,0.5192,0.0,0.0,12.8,12.8,166.4,9.788235294117648,1.0,V5.0,2026-05-05
Isaiah Spiller,RB,Texas A&M,2022,123,4,Drafted Pick 123,complete,,60.7,47.82,58.6,34.5,backtest,32.1,49.0,,False,189.0,370.0,0.5108,0.0,0.0,2.111111,2.111111,19.0,1.1176470588235294,0.0,V5.0,2026-05-05
Tyrion Davis-Price,RB,LSU,2022,93,3,Drafted Pick 93,complete,,54.8,45.96,71.0,15.2,backtest,9.1,51.8,,False,64.0,443.0,0.1445,0.0,0.0,,,9.9,0.5823529411764706,,V5.0,2026-05-05
Kyren Williams,RB,Notre Dame,2022,164,5,Drafted Pick 164,complete,,51.9,44.3,38.9,41.7,backtest,47.9,4.4,,False,359.0,450.0,0.7978,1.0,1.0,21.25,21.25,299.8,17.63529411764706,2.0,V5.0,2026-05-05
Jerome Ford,RB,Cincinnati,2022,156,5,Drafted Pick 156,complete,,48.9,43.48,40.5,36.1,backtest,33.0,54.8,,False,220.0,400.0,0.55,1.0,0.0,12.541176,12.541176,220.4,12.96470588235294,1.0,V5.0,2026-05-05
Hassan Haskins,RB,Michigan,2022,131,4,Drafted Pick 131,complete,,48.1,43.22,52.9,24.9,backtest,19.9,54.8,,False,131.0,395.0,0.3316,0.0,0.0,2.981818,2.981818,33.3,1.9588235294117649,0.0,V5.0,2026-05-05
Tyler Allgeier,RB,BYU,2022,151,5,Drafted Pick 151,complete,,47.3,42.84,43.7,32.2,backtest,30.7,41.6,,False,199.0,389.0,0.5116,0.0,0.0,9.9625,9.9625,159.4,9.376470588235296,0.0,V5.0,2026-05-05
Zamir White,RB,Georgia,2022,122,4,Drafted Pick 122,complete,,46.8,42.82,59.3,19.8,backtest,11.1,72.3,,False,75.0,407.0,0.1843,0.0,0.0,5.684615,5.684615,73.9,4.347058823529412,0.0,V5.0,2026-05-05
Trestan Ebner,RB,Baylor,2022,203,6,Drafted Pick 203,complete,,40.1,40.68,23.9,46.2,backtest,44.5,56.6,,False,284.0,365.0,0.7781,0.0,0.0,,,8.200000000000001,0.4823529411764706,,V5.0,2026-05-05
Tyler Badie,RB,Missouri,2022,196,6,Drafted Pick 196,complete,,39.3,40.59,26.4,43.4,backtest,43.5,42.5,,False,330.0,455.0,0.7253,0.0,0.0,,2.528571,10.2,0.6,,V5.0,2026-05-05
Ty Chandler,RB,North Carolina,2022,169,5,Drafted Pick 169,complete,,36.8,40.36,37.0,32.4,backtest,30.7,42.5,,False,216.0,382.0,0.5654,0.0,0.0,7.769231,7.769231,101.0,5.941176470588236,0.0,V5.0,2026-05-05
Pierre Strong,RB,South Dakota St.,2022,127,4,Drafted Pick 127,complete,,33.4,39.02,55.0,11.1,backtest,1.2,70.8,,False,8.0,388.0,0.0206,0.0,0.0,3.292308,3.292308,42.8,2.51764705882353,0.0,V5.0,2026-05-05
Snoop Conner,RB,Mississippi,2022,154,5,Drafted Pick 154,complete,,25.8,36.64,42.0,15.8,backtest,11.5,41.5,,False,82.0,429.0,0.1911,0.0,0.0,,,10.2,0.6,,V5.0,2026-05-05
Kevin Harris,RB,South Carolina,2022,183,6,Drafted Pick 183,complete,,20.8,33.73,30.9,18.9,backtest,15.5,38.8,,False,89.0,360.0,0.2472,0.0,0.0,,,21.3,1.2529411764705882,,V5.0,2026-05-05
Keaontay Ingram,RB,USC,2022,201,6,Drafted Pick 201,complete,,19.1,32.99,25.2,23.5,backtest,18.7,52.2,,False,156.0,500.0,0.312,0.0,0.0,1.81,1.81,18.1,1.0647058823529412,0.0,V5.0,2026-05-05
Brittain Brown,RB,UCLA,2022,250,7,Drafted Pick 250,complete,,9.8,27.11,3.9,24.0,backtest,20.9,42.5,,False,129.0,335.0,0.3851,0.0,0.0,,,0.0,0.0,,V5.0,2026-05-05
Isiah Pacheco,RB,Rutgers,2022,251,7,Drafted Pick 251,complete,,3.1,23.76,3.3,14.8,backtest,3.6,81.6,,False,25.0,394.0,0.0635,1.0,1.0,15.278571,15.278571,279.2,16.423529411764704,1.0,V5.0,2026-05-05
Zander Horvath,RB,Purdue,2022,260,7,Drafted Pick 260,complete,,1.8,22.87,1.4,15.2,backtest,10.7,42.5,,False,108.0,576.0,0.1875,0.0,0.0,2.325,2.325,18.6,1.0941176470588234,0.0,V5.0,2026-05-05
Jahmyr Gibbs,RB,Alabama,2023,12,1,Drafted Pick 12,complete,,98.2,81.57,96.1,63.7,backtest,63.7,63.5,,False,444.0,438.0,1.0137,1.0,1.0,21.682353,21.682353,390.4,22.96470588235294,3.0,V5.0,2026-05-05
Bijan Robinson,RB,Texas,2023,8,1,Drafted Pick 8,complete,,96.9,78.53,97.1,50.4,backtest,48.7,60.3,,False,314.0,405.0,0.7753,1.0,1.0,22.047059,22.047059,341.7,20.1,3.0,V5.0,2026-05-05
Zach Charbonnet,RB,UCLA,2023,52,2,Drafted Pick 52,complete,,87.2,64.53,85.8,45.8,backtest,46.0,45.0,,False,321.0,419.0,0.7661,0.0,0.0,11.2125,11.2125,183.7,10.805882352941175,2.0,V5.0,2026-05-05
Tyjae Spears,RB,Tulane,2023,81,3,Drafted Pick 81,complete,,75.0,56.97,77.1,40.6,backtest,40.5,40.9,,False,256.0,379.0,0.6755,0.0,0.0,9.466667,9.466667,153.8,9.047058823529412,0.0,V5.0,2026-05-05
De'Von Achane,RB,Texas A&M,2023,84,3,Drafted Pick 84,complete,,72.5,54.62,75.9,35.4,backtest,31.5,58.7,,False,196.0,391.0,0.5013,1.0,0.0,20.13125,20.13125,196.7,11.570588235294116,3.0,V5.0,2026-05-05
Evan Hull,RB,Northwestern,2023,176,5,Drafted Pick 176,complete,,71.7,54.22,34.0,74.7,backtest,78.6,51.7,,False,546.0,417.0,1.3094,0.0,0.0,,,1.7000000000000002,0.1,,V5.0,2026-05-05
Tank Bigsby,RB,Auburn,2023,88,3,Drafted Pick 88,complete,,70.8,53.8,73.3,35.1,backtest,35.1,35.2,,False,180.0,308.0,0.5844,0.0,0.0,8.6,8.6,129.0,7.588235294117647,0.0,V5.0,2026-05-05
Kendre Miller,RB,TCU,2023,71,3,Drafted Pick 71,complete,,67.5,51.8,80.3,20.5,backtest,16.1,46.9,,False,116.0,454.0,0.2555,0.0,0.0,,,43.3,2.547058823529412,,V5.0,2026-05-05
Roschon Johnson,RB,Texas,2023,115,4,Drafted Pick 115,complete,,52.7,44.71,63.7,22.0,backtest,19.0,40.4,,False,128.0,405.0,0.316,0.0,0.0,6.806667,6.806667,102.1,6.005882352941176,0.0,V5.0,2026-05-05
Chase Brown,RB,Illinois,2023,163,5,Drafted Pick 163,complete,,48.5,43.33,39.3,38.5,backtest,34.9,60.0,,False,240.0,393.0,0.6107,1.0,1.0,16.370588,16.370588,255.0,15.0,2.0,V5.0,2026-05-05
Israel Abanikanda,RB,Pittsburgh,2023,143,5,Drafted Pick 143,complete,,44.3,42.52,48.1,28.0,backtest,24.4,49.6,,False,146.0,393.0,0.3715,0.0,0.0,,,18.3,1.076470588235294,,V5.0,2026-05-05
Deuce Vaughn,RB,Kansas St.,2023,212,6,Drafted Pick 212,complete,,43.9,42.46,19.5,54.6,backtest,61.2,14.5,,False,378.0,388.0,0.9742,0.0,0.0,,,15.0,0.8823529411764706,,V5.0,2026-05-05
Eric Gray,RB,Oklahoma,2023,172,5,Drafted Pick 172,complete,,37.2,40.41,35.7,33.7,backtest,32.2,43.0,,False,229.0,407.0,0.5627,0.0,0.0,1.93,1.93,19.3,1.1352941176470588,0.0,V5.0,2026-05-05
Kenny McIntosh,RB,Georgia,2023,237,7,Drafted Pick 237,complete,,32.5,38.77,9.4,52.8,backtest,58.5,18.7,,False,504.0,492.0,1.0244,0.0,0.0,,,22.4,1.3176470588235294,,V5.0,2026-05-05
Chris Rodriguez,RB,Kentucky,2023,193,6,Drafted Pick 193,complete,,13.6,30.45,28.1,13.3,backtest,7.0,50.6,,False,41.0,349.0,0.1175,0.0,0.0,7.666667,7.666667,31.5,1.8529411764705883,0.0,V5.0,2026-05-05
Zach Evans,RB,Mississippi,2023,215,6,Drafted Pick 215,complete,,13.2,30.42,18.7,21.2,backtest,18.5,37.7,,False,119.0,386.0,0.3083,0.0,0.0,,,1.9,0.1117647058823529,,V5.0,2026-05-05
Lew Nichols,RB,Central Michigan,2023,235,7,Drafted Pick 235,complete,,11.5,28.56,11.7,23.0,backtest,19.7,42.5,,False,128.0,389.0,0.329,0.0,0.0,,,0.0,0.0,,V5.0,2026-05-05
DeWayne McBride,RB,Ala-Birmingham,2023,222,7,Drafted Pick 222,complete,,4.8,24.93,16.1,8.1,backtest,1.9,45.1,,False,10.0,321.0,0.0312,0.0,0.0,,,0.0,0.0,,V5.0,2026-05-05
Jonathon Brooks,RB,Texas,2024,46,2,Drafted Pick 46,complete,,86.8,64.1,86.8,40.8,backtest,37.8,58.8,,False,286.0,475.0,0.6021,0.0,0.0,,,7.500000000000001,0.4411764705882353,,V5.0,2026-05-05
Trey Benson,RB,Florida St.,2024,66,3,Drafted Pick 66,complete,,80.1,58.89,82.0,37.9,backtest,31.5,76.9,,False,227.0,433.0,0.5242,0.0,0.0,3.916667,3.916667,47.0,2.764705882352941,0.0,V5.0,2026-05-05
MarShawn Lloyd,RB,USC,2024,88,3,Drafted Pick 88,complete,,68.7,53.43,73.3,34.0,backtest,28.8,65.8,,False,232.0,461.0,0.5033,0.0,0.0,,,2.8,0.1647058823529411,,V5.0,2026-05-05
Ray Davis,RB,Kentucky,2024,128,4,Drafted Pick 128,complete,,66.2,51.12,54.2,46.1,backtest,46.8,42.5,,False,323.0,375.0,0.8613,0.0,0.0,7.25625,7.25625,125.7,7.394117647058824,0.0,V5.0,2026-05-05
Bucky Irving,RB,Oregon,2024,125,4,Drafted Pick 125,complete,,64.9,50.83,57.6,44.0,backtest,48.2,18.8,,False,413.0,514.0,0.8035,1.0,1.0,14.376471,14.376471,260.70000000000005,15.33529411764706,2.0,V5.0,2026-05-05
Dylan Laube,RB,New Hampshire,2024,208,6,Drafted Pick 208,complete,,64.1,50.09,21.2,74.9,backtest,81.6,34.9,,False,699.0,465.0,1.5032,0.0,0.0,,,-2.0,-0.1176470588235294,,V5.0,2026-05-05
Blake Corum,RB,Michigan,2024,83,3,Drafted Pick 83,complete,,63.7,49.75,76.5,21.0,backtest,18.5,35.7,,False,117.0,361.0,0.3241,0.0,0.0,7.188235,7.188235,33.5,1.9705882352941173,0.0,V5.0,2026-05-05
Isaac Guerendo,RB,Louisville,2024,129,4,Drafted Pick 129,complete,,62.8,49.02,53.6,40.6,backtest,31.1,97.4,,False,234.0,408.0,0.5735,0.0,0.0,7.4,7.4,96.2,5.658823529411765,0.0,V5.0,2026-05-05
Will Shipley,RB,Clemson,2024,127,4,Drafted Pick 127,complete,,56.5,46.7,55.0,33.1,backtest,30.9,46.3,,False,244.0,474.0,0.5148,0.0,0.0,1.772727,1.772727,29.4,1.7294117647058822,0.0,V5.0,2026-05-05
Jaylen Wright,RB,Tennessee,2024,120,4,Drafted Pick 120,complete,,55.7,46.28,60.7,28.8,backtest,21.6,72.1,,False,141.0,411.0,0.3431,0.0,0.0,5.577778,5.577778,26.700000000000003,1.5705882352941178,0.0,V5.0,2026-05-05
Braelon Allen,RB,Wisconsin,2024,134,4,Drafted Pick 134,complete,,46.4,42.66,51.3,24.6,backtest,18.4,61.9,,False,131.0,469.0,0.2793,0.0,0.0,5.011765,5.011765,85.2,5.011764705882353,0.0,V5.0,2026-05-05
Isaiah Davis,RB,South Dakota St.,2024,173,5,Drafted Pick 173,complete,,41.8,41.33,35.1,36.7,backtest,36.0,41.3,,False,190.0,317.0,0.5994,0.0,0.0,5.1,5.1,45.900000000000006,2.7,0.0,V5.0,2026-05-05
Audric Estime,RB,Notre Dame,2024,147,5,Drafted Pick 147,complete,,41.0,40.73,46.6,24.6,backtest,25.4,19.3,,False,142.0,351.0,0.4046,0.0,0.0,3.746154,3.746154,48.7,2.864705882352941,0.0,V5.0,2026-05-05
Rasheen Ali,RB,Marshall,2024,165,5,Drafted Pick 165,complete,,36.3,40.27,38.4,30.5,backtest,28.6,42.0,,False,213.0,425.0,0.5012,0.0,0.0,3.025,3.025,3.1,0.1823529411764706,0.0,V5.0,2026-05-05
Kimani Vidal,RB,Troy,2024,181,6,Drafted Pick 181,complete,,30.4,37.86,32.5,29.9,backtest,25.2,58.1,,False,201.0,456.0,0.4408,0.0,0.0,9.825,9.825,32.7,1.9235294117647064,0.0,V5.0,2026-05-05
Tyrone Tracy Jr.,RB,Purdue,2024,166,5,Drafted Pick 166,complete,,28.3,37.41,38.0,22.8,backtest,18.3,49.6,,False,132.0,392.0,0.3367,0.0,0.0,10.853333,10.853333,0.0,0.0,2.0,V5.0,2026-05-05
Jase McClellan,RB,Alabama,2024,186,6,Drafted Pick 186,complete,,23.7,36.25,29.8,27.2,backtest,25.3,38.8,,False,137.0,325.0,0.4215,0.0,0.0,,,3.2,0.188235294117647,,V5.0,2026-05-05
Jawhar Jordan,RB,Louisville,2024,205,6,Drafted Pick 205,complete,,22.5,34.46,22.2,29.2,backtest,31.0,18.1,,False,246.0,408.0,0.6029,0.0,0.0,,,0.0,0.0,,V5.0,2026-05-05
Keilan Robinson,RB,Texas,2024,167,5,Drafted Pick 167,complete,,19.9,33.3,37.6,11.4,backtest,6.4,41.6,,False,56.0,475.0,0.1179,0.0,0.0,,,0.0,0.0,,V5.0,2026-05-05
Omarion Hampton,RB,North Carolina,2025,22,1,Drafted Pick 22,complete,,95.6,76.47,95.2,58.6,backtest,57.2,66.9,,False,373.0,391.0,0.954,0.0,0.0,15.077778,15.077778,135.7,7.98235294117647,1.0,V5.0,2026-05-05
Ashton Jeanty,RB,Boise St.,2025,6,1,Drafted Pick 6,complete,,94.0,70.56,97.7,25.0,backtest,20.9,49.3,,False,138.0,415.0,0.3325,1.0,1.0,14.535294,14.535294,247.1,14.53529411764706,1.0,V5.0,2026-05-05
Cam Skattebo,RB,Arizona St.,2025,105,4,Drafted Pick 105,complete,,90.6,68.32,68.1,84.9,backtest,90.5,51.1,,False,605.0,382.0,1.5838,0.0,0.0,15.9625,15.9625,127.7,7.511764705882353,1.0,V5.0,2026-05-05
TreVeyon Henderson,RB,Ohio St.,2025,38,2,Drafted Pick 38,complete,,88.5,65.52,89.5,39.5,backtest,37.5,52.1,,False,284.0,455.0,0.6242,1.0,0.0,12.247059,12.247059,208.2,12.24705882352941,1.0,V5.0,2026-05-05
RJ Harvey,RB,Central Florida,2025,60,2,Drafted Pick 60,complete,,86.4,63.93,83.4,48.9,backtest,46.8,61.8,,False,267.0,310.0,0.8613,1.0,0.0,12.270588,12.270588,208.6,12.270588235294117,1.0,V5.0,2026-05-05
Quinshon Judkins,RB,Ohio St.,2025,36,2,Drafted Pick 36,complete,,85.1,61.97,90.6,28.0,backtest,22.2,62.6,,False,161.0,455.0,0.3538,0.0,0.0,11.985714,11.985714,167.8,9.870588235294118,1.0,V5.0,2026-05-05
Kaleb Johnson,RB,Iowa,2025,83,3,Drafted Pick 83,complete,,77.5,57.79,76.5,43.9,backtest,43.4,47.3,,False,188.0,260.0,0.7231,0.0,0.0,0.88,0.88,8.8,0.5176470588235295,0.0,V5.0,2026-05-05
Woody Marks,RB,USC,2025,116,4,Drafted Pick 116,complete,,62.4,48.44,63.2,33.1,backtest,32.7,35.9,,False,321.0,533.0,0.6023,0.0,0.0,9.06875,9.06875,145.1,8.535294117647059,0.0,V5.0,2026-05-05
Jaydon Blue,RB,Texas,2025,149,5,Drafted Pick 149,complete,,59.0,47.45,45.6,44.6,backtest,42.8,55.6,,False,368.0,541.0,0.6802,0.0,0.0,,,20.4,1.2,,V5.0,2026-05-05
Bhayshul Tuten,RB,Virginia Tech,2025,104,4,Drafted Pick 104,complete,,58.2,47.04,68.9,23.6,backtest,14.0,81.2,,False,79.0,339.0,0.233,0.0,0.0,6.04,6.04,90.6,5.329411764705882,0.0,V5.0,2026-05-05
DJ Giddens,RB,Kansas St.,2025,151,5,Drafted Pick 151,complete,,57.8,46.92,43.7,43.9,backtest,40.6,63.4,,False,258.0,381.0,0.6772,0.0,0.0,,,9.6,0.5647058823529412,,V5.0,2026-05-05
Jarquez Hunter,RB,Auburn,2025,117,4,Drafted Pick 117,complete,,57.4,46.85,62.8,29.1,backtest,25.2,52.3,,False,155.0,369.0,0.4201,0.0,0.0,,,0.0,0.0,,V5.0,2026-05-05
Trevor Etienne,RB,Georgia,2025,114,4,Drafted Pick 114,complete,,56.9,46.77,64.3,27.5,backtest,23.8,49.6,,False,194.0,513.0,0.3782,0.0,0.0,1.7125,1.7125,13.7,0.8058823529411764,0.0,V5.0,2026-05-05
Dylan Sampson,RB,Tennessee,2025,126,4,Drafted Pick 126,complete,,53.2,44.82,56.3,27.3,backtest,25.2,39.8,,False,143.0,373.0,0.3834,0.0,0.0,5.973333,5.973333,89.60000000000001,5.270588235294119,0.0,V5.0,2026-05-05
Devin Neal,RB,Kansas,2025,184,6,Drafted Pick 184,complete,,51.5,44.17,30.4,49.1,backtest,51.5,34.5,,False,254.0,296.0,0.8581,0.0,0.0,6.666666666666667,6.666666666666667,60.0,6.666666666666667,0.0,V5.0,2026-05-05
Jordan James,RB,Oregon,2025,147,5,Drafted Pick 147,complete,,43.5,42.3,46.6,29.0,backtest,28.6,32.0,,False,209.0,460.0,0.4543,0.0,0.0,,,0.0,0.0,,V5.0,2026-05-05
LeQuint Allen,RB,Syracuse,2025,236,7,Drafted Pick 236,complete,,34.6,39.34,10.7,54.1,backtest,56.5,39.9,,False,480.0,534.0,0.8989,0.0,0.0,1.7714285714285716,1.7714285714285716,24.8,1.7714285714285716,0.0,V5.0,2026-05-05
Brashard Smith,RB,SMU,2025,228,7,Drafted Pick 228,complete,,30.0,37.84,14.5,47.1,backtest,46.4,51.1,,False,303.0,392.0,0.773,0.0,0.0,4.22,4.22,63.3,4.22,0.0,V5.0,2026-05-05
Ollie Gordon,RB,Oklahoma St.,2025,179,5,Drafted Pick 179,complete,,26.7,37.14,33.2,27.1,backtest,24.6,41.6,,False,167.0,426.0,0.392,0.0,0.0,3.38125,3.38125,54.1,3.38125,0.0,V5.0,2026-05-05
Tahj Brooks,RB,Texas Tech,2025,193,6,Drafted Pick 193,complete,,22.9,34.64,28.1,25.2,backtest,21.6,47.0,,False,185.0,489.0,0.3783,0.0,0.0,1.0666666666666669,1.0666666666666669,6.4,1.0666666666666669,0.0,V5.0,2026-05-05
Damien Martinez,RB,Miami (FL),2025,223,7,Drafted Pick 223,complete,,18.7,32.78,15.3,30.8,backtest,27.3,52.1,,False,198.0,456.0,0.4342,0.0,0.0,0.0,0.0,0.0,0.0,0.0,V5.0,2026-05-05
Kalel Mullings,RB,Michigan,2025,188,6,Drafted Pick 188,complete,,15.3,30.82,29.0,12.4,backtest,7.2,43.6,,False,35.0,290.0,0.1207,0.0,0.0,0.2333333333333333,0.2333333333333333,0.7000000000000001,0.2333333333333333,0.0,V5.0,2026-05-05
Phil Mafah,RB,Clemson,2025,239,7,Drafted Pick 239,complete,,7.3,26.07,8.2,17.2,backtest,11.6,51.4,,False,88.0,457.0,0.1926,0.0,0.0,10.9,10.9,10.9,10.9,1.0,V5.0,2026-05-05
Kyle Monangai,RB,Rutgers,2025,233,7,Drafted Pick 233,complete,,6.5,25.76,13.2,14.3,backtest,11.8,28.9,,False,75.0,362.0,0.2072,0.0,0.0,8.394117647058824,8.394117647058824,142.70000000000002,8.394117647058824,0.0,V5.0,2026-05-05
Jacory Croskey-Merritt,RB,Arizona,2025,245,7,Drafted Pick 245,complete,,5.6,25.47,5.8,17.6,backtest,13.4,42.5,,False,83.0,335.0,0.2478,0.0,0.0,8.488235294117647,8.488235294117647,144.3,8.488235294117647,0.0,V5.0,2026-05-05
Jeremiyah Love,RB,Notre Dame,2026,3,1,Drafted Pick 3,complete,,98.6,83.1,98.6,56.1,2026_prospect,57.1,49.6,,False,280.0,322.0,0.8696,,,,,,,,V5.0,2026-05-05
Jadarian Price,RB,Notre Dame,2026,32,1,Drafted Pick 32,complete,,82.2,60.76,92.7,21.6,2026_prospect,17.0,49.6,,False,87.0,322.0,0.2702,,,,,,,,V5.0,2026-05-05
Jonah Coleman,RB,Washington,2026,108,4,Drafted Pick 108,complete,,76.7,57.47,66.2,55.3,2026_prospect,57.4,42.5,,False,354.0,370.0,0.9568,,,,,,,,V5.0,2026-05-05
Eli Heidenreich,RB,Navy,2026,230,7,Drafted Pick 230,outlier_review,Navy triple-option offense — receiving rate inflated vs spread-offense backtest,68.3,53.22,14.0,91.7,2026_prospect,99.9,42.5,,False,941.0,182.0,5.1703,,,,,,,,V5.0,2026-05-05
Emmett Johnson,RB,Nebraska,2026,161,5,Drafted Pick 161,complete,,64.5,50.72,39.7,58.8,2026_prospect,61.5,42.5,,False,370.0,378.0,0.9788,,,,,,,,V5.0,2026-05-05
Mike Washington Jr.,RB,Arkansas,2026,122,4,Drafted Pick 122,complete,,62.4,48.69,59.3,36.6,2026_prospect,35.6,42.5,,False,226.0,381.0,0.5932,,,,,,,,V5.0,2026-05-05
Kaelon Black,RB,Indiana,2026,90,3,Drafted Pick 90,complete,,52.7,44.81,72.1,10.4,2026_prospect,5.1,42.5,,False,36.0,406.0,0.0887,,,,,,,,V5.0,2026-05-05
Nick Singleton,RB,Penn State,2026,165,5,Drafted Pick 165,complete,,50.2,43.89,38.4,40.9,2026_prospect,40.6,42.5,,False,219.0,339.0,0.646,,,,,,,,V5.0,2026-05-05
Adam Randall,RB,Clemson,2026,174,5,Drafted Pick 174,complete,,38.9,40.57,34.6,34.9,2026_prospect,33.7,42.5,,False,254.0,474.0,0.5359,,,,,,,,V5.0,2026-05-05
Demond Claiborne,RB,Wake Forest,2026,198,6,Drafted Pick 198,complete,,20.8,33.78,25.8,24.6,2026_prospect,21.7,42.5,,False,140.0,406.0,0.3448,,,,,,,,V5.0,2026-05-05
Desmond Reid,RB,Pittsburgh,2026,258,7,UDFA,complete,,18.2,32.78,1.4,42.9,2026_prospect,42.9,42.5,,False,317.0,464.0,0.6832,,,,,,,,V5.0,2026-05-05
Barika Kpeenu,RB,North Dakota State,2026,258,7,UDFA,complete,,18.2,32.62,1.4,42.4,2026_prospect,42.4,42.5,,False,211.0,270.0,0.7815,,,,,,,,V5.0,2026-05-05
Kaytron Allen,RB,Penn State,2026,187,6,Drafted Pick 187,complete,,17.8,32.33,29.2,16.4,2026_prospect,12.0,42.5,,False,68.0,339.0,0.2006,,,,,,,,V5.0,2026-05-05
Dean Connors,RB,Houston,2026,258,7,UDFA,complete,,17.0,32.02,1.4,40.7,2026_prospect,40.4,42.5,,False,254.0,377.0,0.6737,,,,,,,,V5.0,2026-05-05
Jamal Haynes,RB,Georgia Tech,2026,258,7,UDFA,complete,,16.6,31.63,1.4,39.6,2026_prospect,39.1,42.5,,False,257.0,394.0,0.6523,,,,,,,,V5.0,2026-05-05
Kaden Feagin,RB,Illinois,2026,258,7,UDFA,complete,,12.4,29.42,1.4,33.3,2026_prospect,31.8,42.5,,False,188.0,372.0,0.5054,,,,,,,,V5.0,2026-05-05
J'Mari Taylor,RB,Virginia,2026,258,7,UDFA,complete,,11.5,28.71,1.4,31.3,2026_prospect,29.4,42.5,,False,253.0,492.0,0.5142,,,,,,,,V5.0,2026-05-05
Sedrick Alexander,RB,Vanderbilt,2026,258,7,UDFA,complete,,11.5,28.89,1.4,31.8,2026_prospect,30.0,42.5,,False,200.0,400.0,0.5,,,,,,,,V5.0,2026-05-05
Chip Trayanum,RB,Toledo,2026,258,7,UDFA,complete,,11.1,28.55,1.4,30.8,2026_prospect,28.8,42.5,,False,212.0,399.0,0.5313,,,,,,,,V5.0,2026-05-05
Seth McGowan,RB,Kentucky,2026,237,7,Drafted Pick 237,complete,,11.1,28.28,9.4,22.9,2026_prospect,19.6,42.5,,False,126.0,367.0,0.3433,,,,,,,,V5.0,2026-05-05
Roman Hemby,RB,Indiana,2026,258,7,UDFA,complete,,9.0,26.86,1.4,26.0,2026_prospect,23.2,42.5,,False,165.0,406.0,0.4064,,,,,,,,V5.0,2026-05-05
Kadarius Calloway,RB,New Mexico State,2026,258,7,UDFA,complete,,9.0,26.57,1.4,25.1,2026_prospect,22.2,42.5,,False,175.0,472.0,0.3708,,,,,,,,V5.0,2026-05-05
Byron Cardwell,RB,San Diego State,2026,258,7,UDFA,complete,,7.7,26.28,1.4,24.3,2026_prospect,21.3,42.5,,False,108.0,290.0,0.3724,,,,,,,,V5.0,2026-05-05
Rueben Owens,RB,Texas A&M,2026,258,7,UDFA,complete,,5.6,25.63,1.4,22.5,2026_prospect,19.1,42.5,,False,130.0,408.0,0.3186,,,,,,,,V5.0,2026-05-05
Jamarion Miller,RB,Alabama,2026,245,7,Drafted Pick 245,complete,,4.8,25.18,5.8,16.8,2026_prospect,12.5,42.5,,False,109.0,523.0,0.2084,,,,,,,,V5.0,2026-05-05
Rahsul Faison,RB,South Carolina,2026,258,7,UDFA,complete,,4.8,25.22,1.4,21.3,2026_prospect,17.7,42.5,,False,118.0,342.0,0.345,,,,,,,,V5.0,2026-05-05
Dominic Richardson,RB,Tulsa,2026,258,7,UDFA,complete,,3.9,24.8,1.4,20.1,2026_prospect,16.3,42.5,,False,130.0,409.0,0.3178,,,,,,,,V5.0,2026-05-05
C.J. Donaldson,RB,Ohio State,2026,258,7,UDFA,complete,,3.5,24.33,1.4,18.7,2026_prospect,14.8,42.5,,False,96.0,408.0,0.2353,,,,,,,,V5.0,2026-05-05
Robert Henry Jr.,RB,UTSA,2026,258,7,UDFA,complete,,3.1,24.04,1.4,17.9,2026_prospect,13.8,42.5,,False,114.0,448.0,0.2545,,,,,,,,V5.0,2026-05-05
Noah Whittington,RB,Oregon,2026,258,7,UDFA,complete,,2.7,23.74,1.4,17.1,2026_prospect,12.8,42.5,,False,98.0,437.0,0.2243,,,,,,,,V5.0,2026-05-05
Quinten Joyner,RB,Texas Tech,2026,258,7,UDFA,complete,,2.3,23.49,1.4,16.3,2026_prospect,12.0,42.5,,False,89.0,488.0,0.1824,,,,,,,,V5.0,2026-05-05
TreVonte Citizen,RB,McNeese State,2026,258,7,UDFA,complete,,2.3,23.55,1.4,16.5,2026_prospect,12.2,42.5,,False,67.0,330.0,0.203,,,,,,,,V5.0,2026-05-05
Richard Reese,RB,Stephen F. Austin,2026,258,7,UDFA,complete,,2.3,23.53,1.4,16.4,2026_prospect,12.1,42.5,,False,94.0,510.0,0.1843,,,,,,,,V5.0,2026-05-05
Jalen Berger,RB,UCLA,2026,258,7,UDFA,complete,,2.3,23.05,1.4,15.1,2026_prospect,10.5,42.5,,False,70.0,361.0,0.1939,,,,,,,,V5.0,2026-05-05
Kentrel Bullock,RB,South Alabama,2026,258,7,UDFA,complete,,1.4,22.82,1.4,14.4,2026_prospect,9.8,42.5,,False,53.0,310.0,0.171,,,,,,,,V5.0,2026-05-05
Alton McCaskill IV,RB,Sam Houston State,2026,258,7,UDFA,complete,,1.4,22.8,1.4,14.4,2026_prospect,9.7,42.5,,False,51.0,316.0,0.1614,,,,,,,,V5.0,2026-05-05
Kejon Owens,RB,Florida International,2026,258,7,UDFA,complete,,1.4,22.7,1.4,14.1,2026_prospect,9.4,42.5,,False,67.0,429.0,0.1562,,,,,,,,V5.0,2026-05-05
Max Bredeson,RB,Michigan,2026,258,7,UDFA,complete,,1.0,20.48,1.4,7.7,2026_prospect,1.9,42.5,,False,11.0,340.0,0.0324,,,,,,,,V5.0,2026-05-05
Le'Veon Moss,RB,Texas A&M,2026,258,7,UDFA,complete,,1.0,20.03,1.4,6.4,2026_prospect,0.4,42.5,,False,3.0,408.0,0.0074,,,,,,,,V5.0,2026-05-05
Jaydn Ott,RB,Oklahoma,2026,258,7,UDFA,complete,,1.0,20.31,1.4,7.3,2026_prospect,1.4,42.5,,False,10.0,431.0,0.0232,,,,,,,,V5.0,2026-05-05
Terion Stewart,RB,Virginia Tech,2026,258,7,UDFA,complete,,1.0,20.91,1.4,9.0,2026_prospect,3.4,42.5,,False,19.0,319.0,0.0596,,,,,,,,V5.0,2026-05-05
Kedrick Reescano,RB,Arizona,2026,258,7,UDFA,complete,,1.0,20.38,1.4,7.4,2026_prospect,1.6,42.5,,False,12.0,447.0,0.0268,,,,,,,,V5.0,2026-05-05
Djay Braswell,RB,Georgia State,2026,258,7,UDFA,complete,,1.0,20.57,1.4,8.0,2026_prospect,2.2,42.5,,False,17.0,475.0,0.0358,,,,,,,,V5.0,2026-05-05
Samuel Singleton Jr.,RB,Florida State,2026,258,7,UDFA,complete,,1.0,20.78,1.4,8.6,2026_prospect,3.0,42.5,,False,16.0,339.0,0.0472,,,,,,,,V5.0,2026-05-05
Branson Robinson,RB,Georgia State,2026,258,7,UDFA,complete,,1.0,20.77,1.4,8.6,2026_prospect,2.9,42.5,,False,22.0,475.0,0.0463,,,,,,,,V5.0,2026-05-05
Jaylon Glover,RB,UNLV,2026,258,7,UDFA,complete,,1.0,22.16,1.4,12.5,2026_prospect,7.6,42.5,,False,51.0,424.0,0.1203,,,,,,,,V5.0,2026-05-05
Savion Red,RB,Sacramento State,2026,258,7,UDFA,complete,,1.0,20.16,1.4,6.8,2026_prospect,0.9,42.5,,False,3.0,209.0,0.0144,,,,,,,,V5.0,2026-05-05
Andrew Paul,RB,Jacksonville State,2026,258,7,UDFA,complete,,1.0,21.56,1.4,10.8,2026_prospect,5.6,42.5,,False,29.0,328.0,0.0884,,,,,,,,V5.0,2026-05-05
Armoni Goodwin,RB,UT Martin,2026,258,7,UDFA,complete,,1.0,20.56,1.4,8.0,2026_prospect,2.2,42.5,,False,18.0,443.0,0.0406,,,,,,,,V5.0,2026-05-05
L.J. Johnson Jr.,RB,California,2026,258,7,UDFA,complete,,1.0,20.88,1.4,8.9,2026_prospect,3.3,42.5,,False,18.0,361.0,0.0499,,,,,,,,V5.0,2026-05-05
Trevion Cooley,RB,Troy,2026,258,7,UDFA,complete,,1.0,20.06,1.4,6.6,2026_prospect,0.6,42.5,,False,4.0,382.0,0.0105,,,,,,,,V5.0,2026-05-05
Derrick Davis Jr.,RB,Pittsburgh,2026,258,7,UDFA,complete,,1.0,20.48,1.4,7.7,2026_prospect,2.0,42.5,,False,15.0,461.0,0.0325,,,,,,,,V5.0,2026-05-05
Logan Diggs,RB,Mississippi,2026,258,7,UDFA,complete,,1.0,21.73,1.4,11.3,2026_prospect,6.1,42.5,,False,56.0,523.0,0.1071,,,,,,,,V5.0,2026-05-05
E.J. Smith,RB,Texas A&M,2026,258,7,UDFA,complete,,1.0,20.65,1.4,8.2,2026_prospect,2.5,42.5,,False,18.0,408.0,0.0441,,,,,,,,V5.0,2026-05-05
Roydell Williams,RB,Florida State,2026,258,7,UDFA,complete,,1.0,20.81,1.4,8.7,2026_prospect,3.0,42.5,,False,19.0,339.0,0.056,,,,,,,,V5.0,2026-05-05
Cam Porter,RB,Northwestern,2026,258,7,UDFA,complete,,1.0,20.99,1.4,9.2,2026_prospect,3.7,42.5,,False,23.0,378.0,0.0608,,,,,,,,V5.0,2026-05-05
Curtis Allen,RB,Virginia Union,2026,258,7,UDFA,partial_data,,1.0,19.89,1.4,6.1,2026_prospect,0.0,42.5,,False,,,,,,,,,,,V5.0,2026-05-05
