player_name,position,college,draft_year,pick,round,dataset_label,data_quality_flag,outlier_note,slap_display_score,slap_model_score,dc_score,prospect_profile,dataset,te_breakout_score,te_production_score,ras_score,breakout_age,peak_dominator,rec_yards,team_pass_att,ryptpa,nfl_hit24,nfl_hit12,nfl_first_3yr_ppg,nfl_career_ppg,nfl_best_ppr,nfl_best_ppg,nfl_seasons_10ppg_3yr,model_version,data_as_of_date
Maxx Williams,TE,Minnesota,2015,55,2,Drafted Pick 55,complete,,86.8,72.21,82.5,70.1,backtest,99.9,59.2,41.8,19.0,36.8,569.0,254.0,2.2402,0.0,0.0,5.890909090909091,5.890909090909091,64.8,5.890909090909091,0.0,V5.0,2026-04-30
Jeff Heuerman,TE,Ohio St.,2015,92,3,Drafted Pick 92,partial_data,,81.8,65.99,70.8,70.8,backtest,99.9,27.7,91.7,19.0,100.0,,,,0.0,0.0,3.5200000000000005,7.109999999999999,71.1,7.109999999999999,0.0,V5.0,2026-04-30
Clive Walford,TE,Miami (FL),2015,68,3,Drafted Pick 68,complete,,70.2,59.4,79.4,44.2,backtest,49.5,40.5,41.7,22.0,23.9,676.0,391.0,1.7289,0.0,0.0,5.793333333333334,5.793333333333334,86.9,5.793333333333334,0.0,V5.0,2026-04-30
Tyler Kroft,TE,Rutgers,2015,85,3,Drafted Pick 85,complete,,64.7,57.42,73.3,46.5,backtest,61.9,16.7,68.2,21.0,18.7,269.0,357.0,0.7535,0.0,0.0,8.293333333333333,8.293333333333333,124.4,8.293333333333333,0.0,V5.0,2026-04-30
MyCole Pruitt,TE,Southern Illinois,2015,143,5,Drafted Pick 143,partial_data,,60.4,54.64,44.8,61.1,backtest,84.9,27.7,75.5,20.0,68.8,136.0,,,0.0,0.0,1.89,5.5,55.0,5.5,0.0,V5.0,2026-04-30
Jesse James,TE,Penn St.,2015,160,5,Drafted Pick 160,partial_data,,56.7,54.17,37.1,65.5,backtest,99.9,27.7,70.8,18.0,81.4,,,,0.0,0.0,7.014285714285714,7.014285714285714,98.2,7.014285714285714,0.0,V5.0,2026-04-30
Malcolm Johnson,TE,Mississippi St.,2015,195,6,Drafted Pick 195,partial_data,,45.1,49.99,22.4,66.0,backtest,99.9,27.7,72.7,19.0,88.1,,,,0.0,0.0,,,0.0,0.0,,V5.0,2026-04-30
Nick Boyle,TE,Delaware,2015,171,5,Drafted Pick 171,partial_data,,38.4,46.82,31.9,50.7,backtest,83.2,27.7,36.5,20.0,31.3,,,,0.0,0.0,4.4125,5.006666666666666,75.1,5.006666666666666,0.0,V5.0,2026-04-30
Kennard Backman,TE,Ala-Birmingham,2015,213,6,Drafted Pick 213,partial_data,,37.1,46.56,16.6,62.8,backtest,99.9,27.7,59.7,19.0,85.6,,,,0.0,0.0,,,0.0,0.0,,V5.0,2026-04-30
Blake Bell,TE,Oklahoma,2015,117,4,Drafted Pick 117,complete,,32.8,45.09,58.0,28.1,backtest,23.1,10.0,62.7,,8.1,214.0,386.0,0.5544,0.0,0.0,3.733333333333333,3.733333333333333,33.6,3.733333333333333,0.0,V5.0,2026-04-30
Nick O'Leary,TE,Florida St.,2015,194,6,Drafted Pick 194,partial_data,,31.6,44.49,23.4,52.0,backtest,99.9,27.7,16.5,19.0,100.0,,,,0.0,0.0,4.938461538461539,4.938461538461539,64.2,4.938461538461539,0.0,V5.0,2026-04-30
James O'Shaughnessy,TE,Illinois St.,2015,173,5,Drafted Pick 173,partial_data,,23.7,41.79,30.7,38.8,backtest,25.0,27.7,76.0,,,,,,0.0,0.0,2.492857142857143,3.61333335240682,54.200000286102295,7.199999979564121,0.0,V5.0,2026-04-30
C.J. Uzomah,TE,Auburn,2015,157,5,Drafted Pick 157,complete,,22.4,41.53,38.1,33.0,backtest,22.2,8.3,86.1,,7.2,145.0,332.0,0.4367,0.0,0.0,6.800000000000001,8.018750101327896,128.30000162124634,8.018750101327896,0.0,V5.0,2026-04-30
A.J. Derby,TE,Arkansas,2015,202,6,Drafted Pick 202,partial_data,,12.6,36.67,19.7,34.8,backtest,25.0,27.7,60.2,,,,359.0,,0.0,0.0,5.036363636363636,5.036363636363636,55.4,5.036363636363636,0.0,V5.0,2026-04-30
Randall Telfer,TE,USC,2015,198,6,Drafted Pick 198,complete,,10.2,35.02,21.5,29.5,backtest,22.7,7.5,72.7,,7.7,197.0,460.0,0.4283,0.0,0.0,,,6.6,0.0,,V5.0,2026-04-30
Ben Koyack,TE,Notre Dame,2015,229,7,Drafted Pick 229,complete,,5.9,30.56,11.4,27.4,backtest,27.1,14.9,46.5,,12.1,317.0,463.0,0.6847,0.0,0.0,4.566666666666666,4.566666666666666,41.1,4.566666666666666,0.0,V5.0,2026-04-30
Rory Anderson,TE,South Carolina,2015,254,7,Drafted Pick 254,complete,,4.1,29.38,3.1,31.4,backtest,23.8,11.4,72.7,,8.8,260.0,468.0,0.5556,0.0,0.0,,,0.0,0.0,,V5.0,2026-04-30
Geoff Swaim,TE,Texas,2015,246,7,Drafted Pick 246,complete,,2.2,28.18,8.0,26.2,backtest,17.7,1.3,76.2,,2.7,70.0,418.0,0.1675,0.0,0.0,,7.025,69.99999904632568,7.025,,V5.0,2026-04-30
Gerald Christian,TE,Louisville,2015,256,7,Drafted Pick 256,complete,,1.6,23.94,1.6,18.3,backtest,26.6,18.3,5.9,,11.6,384.0,428.0,0.8972,0.0,0.0,,,2.4,0.0,,V5.0,2026-04-30
Hunter Henry,TE,Arkansas,2016,35,2,Drafted Pick 35,complete,,92.9,77.46,91.3,72.7,backtest,99.9,51.8,63.2,18.0,24.0,739.0,374.0,1.9759,1.0,0.0,10.575,12.516666666666666,178.8,12.516666666666666,1.0,V5.0,2026-04-30
Austin Hooper,TE,Stanford,2016,81,3,Drafted Pick 81,complete,,79.4,64.27,75.4,62.0,backtest,75.9,35.1,81.5,20.0,16.7,438.0,318.0,1.3774,1.0,0.0,10.1875,14.746153846153844,191.7,14.746153846153844,1.0,V5.0,2026-04-30
Nick Vannett,TE,Ohio St.,2016,94,3,Drafted Pick 94,complete,,69.6,59.28,69.3,54.8,backtest,99.9,8.4,56.8,19.0,45.5,162.0,350.0,0.4629,0.0,0.0,4.926666666666667,4.926666666666667,73.9,4.926666666666667,0.0,V5.0,2026-04-30
Tyler Higbee,TE,Western Kentucky,2016,110,4,Drafted Pick 110,complete,,52.4,52.27,60.4,43.5,backtest,45.0,22.4,72.7,22.0,10.8,563.0,554.0,1.0162,0.0,0.0,4.6571428571428575,11.457142857142856,160.4,11.457142857142856,0.0,V5.0,2026-04-30
Seth Devalve,TE,Princeton,2016,138,4,Drafted Pick 138,partial_data,,40.2,47.75,46.9,42.2,backtest,25.0,27.7,89.6,,,,,,0.0,0.0,4.78125,4.78125,76.5,4.78125,0.0,V5.0,2026-04-30
David Morgan,TE,Texas-San Antonio,2016,188,6,Drafted Pick 188,complete,,36.5,46.27,25.5,54.6,backtest,84.9,25.4,53.0,20.0,100.0,566.0,499.0,1.1343,0.0,0.0,,,25.5,3.642857142857143,,V5.0,2026-04-30
Thomas Duarte,TE,UCLA,2016,231,7,Drafted Pick 231,complete,,30.4,44.27,10.2,62.2,backtest,80.0,44.4,62.3,20.0,24.9,872.0,510.0,1.7098,0.0,0.0,,,0.0,0.0,,V5.0,2026-04-30
Jerell Adams,TE,South Carolina,2016,184,6,Drafted Pick 184,complete,,29.8,44.23,26.1,48.3,backtest,46.0,27.1,83.6,22.0,16.9,421.0,351.0,1.1994,0.0,0.0,3.8,3.8,34.2,3.8,0.0,V5.0,2026-04-30
Beau Sandland,TE,Montana St.,2016,252,7,Drafted Pick 252,partial_data,,24.3,41.9,4.1,62.1,backtest,79.7,27.7,87.3,20.0,24.5,,,,0.0,0.0,,,0.0,0.0,,V5.0,2026-04-30
Temarrick Hemingway,TE,South Carolina St.,2016,177,6,Drafted Pick 177,partial_data,,19.4,40.67,27.0,37.2,backtest,25.0,27.7,69.8,,,,,,0.0,0.0,,,2.0,0.0,,V5.0,2026-04-30
Rico Gathers,TE,Baylor,2016,217,6,Drafted Pick 217,partial_data,,11.4,35.97,15.7,37.5,backtest,25.0,27.7,70.8,,,,389.0,,0.0,0.0,,,7.5,1.25,,V5.0,2026-04-30
Evan Engram,TE,Mississippi,2017,23,1,Drafted Pick 23,complete,,95.9,81.62,94.7,75.6,backtest,99.9,41.0,91.1,19.0,75.3,926.0,530.0,1.7472,1.0,1.0,13.675,13.675,230.3,13.675,3.0,V5.0,2026-04-30
David Njoku,TE,Miami (FL),2017,29,1,Drafted Pick 29,complete,,91.6,77.09,92.9,68.2,backtest,77.3,42.4,93.2,20.0,19.6,698.0,426.0,1.6385,1.0,0.0,9.593333333333334,13.5,201.2,13.5,0.0,V5.0,2026-04-30
O.J. Howard,TE,Alabama,2017,19,1,Drafted Pick 19,complete,,91.0,76.76,95.9,60.6,backtest,61.9,34.6,97.7,21.0,18.9,595.0,417.0,1.4269,1.0,1.0,12.05,12.05,120.5,12.05,1.0,V5.0,2026-04-30
Gerald Everett,TE,South Alabama,2017,44,2,Drafted Pick 44,complete,,85.5,71.13,88.0,61.8,backtest,64.5,40.5,89.8,21.0,24.0,717.0,415.0,1.7277,0.0,0.0,7.483333333333333,9.3,139.5,9.3,0.0,V5.0,2026-04-30
Adam Shaheen,TE,Ashland,2017,45,2,Drafted Pick 45,complete,,83.7,68.67,87.4,56.2,backtest,25.0,67.1,86.7,,,867.0,328.0,2.6433,0.0,0.0,,3.4615384890482974,45.00000035762787,7.116666666666667,,V5.0,2026-04-30
Jonnu Smith,TE,Florida International,2017,100,3,Drafted Pick 100,complete,,78.8,64.15,66.5,69.3,backtest,99.9,29.8,82.9,18.0,35.2,506.0,407.0,1.2432,0.0,0.0,6.98,13.076470588235296,222.3,13.076470588235296,0.0,V5.0,2026-04-30
Jake Butt,TE,Michigan,2017,145,5,Drafted Pick 145,complete,,58.0,54.31,43.6,60.9,backtest,78.1,36.0,72.7,20.0,21.2,546.0,370.0,1.4757,0.0,0.0,,,16.5,0.0,,V5.0,2026-04-30
Jordan Leggett,TE,Clemson,2017,150,5,Drafted Pick 150,complete,,54.3,52.58,40.2,58.3,backtest,75.0,27.8,79.0,20.0,14.7,736.0,629.0,1.1701,0.0,0.0,2.415384615384616,2.415384615384616,31.4,2.415384615384616,0.0,V5.0,2026-04-30
Bucky Hodges,TE,Virginia Tech,2017,201,6,Drafted Pick 201,complete,,50.6,52.06,20.6,73.0,backtest,91.9,37.6,97.6,19.0,18.8,691.0,449.0,1.539,0.0,0.0,,,0.0,0.0,,V5.0,2026-04-30
George Kittle,TE,Iowa,2017,146,5,Drafted Pick 146,complete,,49.4,51.73,42.6,54.8,backtest,60.4,22.3,95.2,21.0,15.8,314.0,310.0,1.0129,1.0,1.0,16.16875,16.16875,258.7,16.16875,2.0,V5.0,2026-04-30
Michael Roberts,TE,Toledo,2017,127,4,Drafted Pick 127,complete,,42.6,48.69,52.1,40.7,backtest,45.0,28.6,52.3,22.0,12.7,533.0,423.0,1.26,0.0,0.0,,,37.0,5.285714285714286,,V5.0,2026-04-30
Eric Saubert,TE,Drake,2017,174,5,Drafted Pick 174,partial_data,,23.0,41.77,29.8,39.0,backtest,25.0,27.7,77.0,,,,,,0.0,0.0,,3.3375,35.8,3.3375,,V5.0,2026-04-30
Jeremy Sprinkle,TE,Arkansas,2017,154,5,Drafted Pick 154,complete,,21.8,41.38,39.6,31.6,backtest,26.2,20.4,56.6,,11.2,380.0,406.0,0.936,0.0,0.0,3.74,3.74,56.1,3.74,0.0,V5.0,2026-04-30
Mason Schreck,TE,Buffalo,2017,251,7,Drafted Pick 251,complete,,14.5,38.43,5.0,53.2,backtest,51.0,38.2,78.7,22.0,27.1,651.0,397.0,1.6398,0.0,0.0,,,2.6,0.0,,V5.0,2026-04-30
Mike Gesicki,TE,Penn St.,2018,42,2,Drafted Pick 42,complete,,90.4,75.6,89.8,71.9,backtest,98.0,27.4,99.7,19.0,30.9,563.0,488.0,1.1537,1.0,0.0,10.6199999332428,10.6199999332428,165.00000143051147,10.6199999332428,1.0,V5.0,2026-04-30
Dallas Goedert,TE,South Dakota St.,2018,49,2,Drafted Pick 49,complete,,89.2,75.03,86.1,74.2,backtest,75.9,58.6,95.0,20.0,16.7,1111.0,455.0,2.4418,1.0,0.0,10.581818385557694,12.34,185.1,12.34,1.0,V5.0,2026-04-30
Hayden Hurst,TE,South Carolina,2018,25,1,Drafted Pick 25,complete,,82.5,67.78,93.8,42.3,backtest,33.6,28.8,75.7,23.0,22.2,559.0,397.0,1.4081,0.0,0.0,9.318750075995922,9.318750075995922,149.10000121593475,9.318750075995922,0.0,V5.0,2026-04-30
Mark Andrews,TE,Oklahoma,2018,86,3,Drafted Pick 86,complete,,72.7,60.89,72.4,55.6,backtest,47.0,52.8,72.8,22.0,18.9,958.0,433.0,2.2125,1.0,1.0,13.813333333333333,17.711764503927792,301.09999656677246,17.711764503927792,2.0,V5.0,2026-04-30
Chris Herndon,TE,Miami (FL),2018,107,4,Drafted Pick 107,complete,,69.0,59.23,61.3,59.7,backtest,99.9,26.3,49.6,19.0,48.8,477.0,429.0,1.1119,0.0,0.0,8.085714285714285,8.085714285714285,113.2,8.085714285714285,0.0,V5.0,2026-04-30
Jaylen Samuels,TE,North Carolina St.,2018,165,5,Drafted Pick 165,complete,,59.2,54.44,34.4,67.8,backtest,99.9,28.3,79.1,19.0,41.0,593.0,499.0,1.1884,0.0,0.0,,,0.0,0.0,0.0,V5.0,2026-04-30
Ian Thomas,TE,Indiana,2018,101,4,Drafted Pick 101,complete,,51.2,52.08,64.7,39.5,backtest,26.8,16.6,93.1,,11.8,376.0,502.0,0.749,0.0,0.0,8.13,8.13,81.30000000000001,8.13,0.0,V5.0,2026-04-30
Troy Fumagalli,TE,Wisconsin,2018,156,5,Drafted Pick 156,complete,,46.9,51.25,39.0,56.9,backtest,64.1,39.3,72.7,21.0,23.1,547.0,325.0,1.6831,0.0,0.0,,,22.00000023841858,3.14285717691694,,V5.0,2026-04-30
Jordan Akins,TE,Central Florida,2018,98,3,Drafted Pick 98,complete,,46.3,51.16,67.2,36.1,backtest,21.8,28.4,69.1,24.0,18.6,513.0,369.0,1.3902,0.0,0.0,6.438461544422003,7.766666666666667,116.5,7.766666666666667,0.0,V5.0,2026-04-30
Tyler Conklin,TE,Central Michigan,2018,157,5,Drafted Pick 157,complete,,42.0,48.65,38.1,50.8,backtest,60.3,23.9,76.8,21.0,15.6,504.0,469.0,1.0746,0.0,0.0,,8.135294170940623,138.3000009059906,8.135294170940623,,V5.0,2026-04-30
Durham Smythe,TE,Notre Dame,2018,123,4,Drafted Pick 123,complete,,33.5,45.14,54.0,30.4,backtest,25.5,14.3,61.9,,10.5,244.0,351.0,0.6952,0.0,0.0,4.523076919408945,5.5076923076923086,71.60000000000001,5.5076923076923086,0.0,V5.0,2026-04-30
Dalton Schultz,TE,Stanford,2018,137,4,Drafted Pick 137,complete,,29.2,43.81,47.9,32.0,backtest,25.8,12.2,70.9,,10.8,212.0,363.0,0.584,0.0,0.0,9.156249977648258,12.28235295940848,208.80000030994407,12.28235295940848,0.0,V5.0,2026-04-30
Will Dissly,TE,Washington,2018,120,4,Drafted Pick 120,complete,,27.3,43.64,56.4,25.5,backtest,24.8,18.1,37.8,,9.8,281.0,348.0,0.8075,0.0,0.0,4.364285698958805,7.34,110.1,12.316666666666668,0.0,V5.0,2026-04-30
Ryan Izzo,TE,Florida St.,2018,250,7,Drafted Pick 250,complete,,16.9,39.2,5.9,54.8,backtest,99.9,16.3,45.0,19.0,42.2,318.0,431.0,0.7378,0.0,0.0,3.09000004529953,3.09000004529953,30.9000004529953,3.09000004529953,0.0,V5.0,2026-04-30
Jordan Thomas,TE,Mississippi St.,2018,211,6,Drafted Pick 211,complete,,8.4,34.66,17.5,32.4,backtest,25.0,35.4,39.1,,,263.0,181.0,1.453,0.0,0.0,4.678571428571429,4.678571428571429,65.5,4.678571428571429,0.0,V5.0,2026-04-30
T.J. Hockenson,TE,Iowa,2019,8,1,Drafted Pick 8,complete,,96.6,82.06,98.4,64.6,backtest,65.3,45.7,91.9,21.0,25.7,750.0,407.0,1.8428,1.0,0.0,12.108333349227903,14.6,219.0,14.6,2.0,V5.0,2026-04-30
Noah Fant,TE,Iowa,2019,20,1,Drafted Pick 20,complete,,95.3,80.8,95.3,71.5,backtest,92.5,32.2,98.9,19.0,20.0,518.0,407.0,1.2727,1.0,0.0,10.664285778999329,10.664285778999329,159.0000011920929,10.664285778999329,1.0,V5.0,2026-04-30
Josh Oliver,TE,San Jose St.,2019,69,3,Drafted Pick 69,complete,,80.0,64.42,78.8,57.2,backtest,69.9,28.1,81.6,21.0,100.0,709.0,600.0,1.1817,0.0,0.0,1.5600000143051147,5.9818181818181815,65.8,5.9818181818181815,0.0,V5.0,2026-04-30
Kahale Warring,TE,San Diego St.,2019,86,3,Drafted Pick 86,complete,,76.3,62.66,72.4,60.0,backtest,69.9,27.5,94.0,21.0,100.0,372.0,321.0,1.1589,0.0,0.0,,,6.499999761581421,0.0,,V5.0,2026-04-30
Irv Smith Jr.,TE,Alabama,2019,50,2,Drafted Pick 50,complete,,72.0,60.66,85.2,38.8,backtest,29.6,41.9,47.8,,14.6,710.0,438.0,1.621,0.0,0.0,8.2083331545194,8.2083331545194,98.4999978542328,8.2083331545194,0.0,V5.0,2026-04-30
Jace Sternberger,TE,Texas A&M,2019,75,3,Drafted Pick 75,complete,,70.8,59.91,77.6,48.5,backtest,50.2,44.7,51.7,22.0,25.4,832.0,439.0,1.8952,0.0,0.0,3.67500002682209,3.67500002682209,29.40000021457672,3.67500002682209,0.0,V5.0,2026-04-30
Dawson Knox,TE,Mississippi,2019,96,3,Drafted Pick 96,complete,,68.4,58.93,68.4,54.7,backtest,69.9,14.4,92.5,21.0,63.2,284.0,427.0,0.6651,1.0,0.0,10.913333527247111,10.913333527247111,163.7000029087067,10.913333527247111,1.0,V5.0,2026-04-30
Drew Sample,TE,Washington,2019,52,2,Drafted Pick 52,complete,,67.8,58.9,84.3,35.4,backtest,22.4,12.0,89.9,,7.4,245.0,405.0,0.6049,0.0,0.0,4.9312499538064,4.9312499538064,78.8999992609024,4.9312499538064,0.0,V5.0,2026-04-30
Zach Gentry,TE,Michigan,2019,141,5,Drafted Pick 141,complete,,40.8,47.79,45.7,43.3,backtest,61.8,36.9,25.1,21.0,18.6,514.0,340.0,1.5118,0.0,0.0,3.570000010728836,3.570000010728836,35.70000010728836,3.570000010728836,0.0,V5.0,2026-04-30
Foster Moreau,TE,LSU,2019,137,4,Drafted Pick 137,complete,,37.8,46.62,47.9,39.0,backtest,25.5,15.4,94.7,,10.5,272.0,387.0,0.7028,0.0,0.0,7.108333259820938,7.108333259820938,103.3,7.108333259820938,0.0,V5.0,2026-04-30
Trevon Wesco,TE,West Virginia,2019,121,4,Drafted Pick 121,complete,,34.1,45.32,55.2,30.1,backtest,23.6,17.5,58.8,,8.6,366.0,445.0,0.8225,0.0,0.0,,,6.9,0.0,,V5.0,2026-04-30
Kaden Smith,TE,Stanford,2019,176,6,Drafted Pick 176,complete,,31.0,44.44,28.0,46.3,backtest,61.4,36.6,38.2,21.0,17.9,635.0,423.0,1.5012,0.0,0.0,2.246153840651879,2.246153840651879,75.8,10.828571428571427,0.0,V5.0,2026-04-30
Tommy Sweeney,TE,Boston Col.,2019,228,7,Drafted Pick 228,complete,,21.2,41.33,12.0,54.0,backtest,84.9,19.8,59.0,20.0,100.0,348.0,362.0,0.9613,0.0,0.0,,,19.4,2.771428568022592,,V5.0,2026-04-30
Isaac Nauta,TE,Georgia,2019,224,7,Drafted Pick 224,complete,,18.2,39.56,13.2,48.5,backtest,90.0,28.8,15.6,19.0,14.4,430.0,356.0,1.2079,0.0,0.0,,,3.3,0.0,,V5.0,2026-04-30
Caleb Wilson,TE,UCLA,2019,254,7,Drafted Pick 254,complete,,17.5,39.33,3.1,56.2,backtest,54.3,57.5,57.1,22.0,33.6,965.0,402.0,2.4005,0.0,0.0,,,0.0,0.0,,V5.0,2026-04-30
Alizé Mack,TE,Notre Dame,2019,231,7,Drafted Pick 231,complete,,9.0,34.69,10.2,38.3,backtest,25.8,19.6,85.0,,10.8,360.0,418.0,0.8612,0.0,0.0,,,0.0,0.0,,V5.0,2026-04-30
Cole Kmet,TE,Notre Dame,2020,43,2,Drafted Pick 43,complete,,86.1,71.51,88.6,62.3,backtest,75.4,31.2,89.2,20.0,15.7,515.0,416.0,1.238,0.0,0.0,8.66470588235294,12.073333333333332,181.1,12.073333333333332,0.0,V5.0,2026-04-30
Josiah Deguara,TE,Cincinnati,2020,94,3,Drafted Pick 94,complete,,67.2,58.56,69.3,53.0,backtest,62.4,30.6,72.7,21.0,19.7,504.0,377.0,1.3369,0.0,0.0,5.125,5.125,61.5,5.125,0.0,V5.0,2026-04-30
Harrison Bryant,TE,Florida Atlantic,2020,115,4,Drafted Pick 115,complete,,65.9,58.31,58.9,60.4,backtest,80.3,49.9,46.3,20.0,25.6,1004.0,502.0,2.0,0.0,0.0,5.15000004072984,5.15000004072984,62.299999833107,5.15000004072984,0.0,V5.0,2026-04-30
Albert Okwuegbunam,TE,Missouri,2020,118,4,Drafted Pick 118,complete,,64.1,57.23,57.4,58.8,backtest,90.0,18.3,72.7,19.0,12.8,306.0,376.0,0.8138,0.0,0.0,5.846153910343464,5.846153910343464,76.00000083446503,5.846153910343464,0.0,V5.0,2026-04-30
Colby Parkinson,TE,Stanford,2020,133,4,Drafted Pick 133,complete,,62.2,56.59,49.4,62.5,backtest,91.9,33.8,61.5,19.0,18.9,589.0,442.0,1.3326,0.0,0.0,4.942857142857143,9.414285714285716,131.8,9.414285714285716,0.0,V5.0,2026-04-30
Devin Asiasi,TE,UCLA,2020,91,3,Drafted Pick 91,complete,,61.6,56.33,71.4,46.2,backtest,48.0,34.8,60.8,22.0,20.9,641.0,426.0,1.5047,0.0,0.0,,,11.899999618530272,0.0,,V5.0,2026-04-30
Adam Trautman,TE,Dayton,2020,105,3,Drafted Pick 105,partial_data,,53.1,52.29,62.9,41.6,backtest,25.0,27.7,87.4,,,,,,0.0,0.0,5.754545396024531,5.754545396024531,63.29999935626984,5.754545396024531,0.0,V5.0,2026-04-30
Brycen Hopkins,TE,Purdue,2020,136,4,Drafted Pick 136,complete,,51.8,52.2,48.8,52.6,backtest,48.7,37.1,81.7,22.0,22.3,830.0,520.0,1.5962,0.0,0.0,,,17.900000000000002,2.5571428571428574,,V5.0,2026-04-30
Dalton Keene,TE,Virginia Tech,2020,101,3,Drafted Pick 101,complete,,50.0,51.99,64.7,39.3,backtest,25.2,17.4,93.3,,10.2,236.0,317.0,0.7445,0.0,0.0,,,4.600000023841858,0.0,,V5.0,2026-04-30
Tyler Davis,TE,Georgia Tech,2020,206,6,Drafted Pick 206,complete,,20.0,40.74,18.8,46.2,backtest,60.0,10.6,78.8,21.0,9.2,148.0,269.0,0.5502,0.0,0.0,,,7.5000001192092896,0.0,,V5.0,2026-04-30
Charlie Woerner,TE,Georgia,2020,190,6,Drafted Pick 190,complete,,7.7,34.3,24.9,25.3,backtest,19.7,1.6,69.2,,4.7,78.0,415.0,0.188,0.0,0.0,,1.45,12.8,2.1333333333333333,,V5.0,2026-04-30
Stephen Sullivan,TE,LSU,2020,251,7,Drafted Pick 251,complete,,3.4,29.07,5.0,29.8,backtest,27.2,2.4,74.5,,12.2,130.0,567.0,0.2293,0.0,0.0,,2.45,24.5,2.45,,V5.0,2026-04-30
Kyle Pitts,TE,Florida,2021,4,1,Drafted Pick 4,complete,,99.0,87.96,99.0,74.8,backtest,91.0,44.1,96.5,19.0,16.9,770.0,473.0,1.6279,1.0,0.0,10.388235260458554,12.4,210.8,12.4,1.0,V5.0,2026-04-30
Pat Freiermuth,TE,Penn St.,2021,55,2,Drafted Pick 55,complete,,88.0,73.53,82.5,73.4,backtest,99.9,40.4,83.2,19.0,100.0,310.0,189.0,1.6402,1.0,0.0,9.88,9.9,168.3,9.9,0.0,V5.0,2026-04-30
Hunter Long,TE,Boston Col.,2021,81,3,Drafted Pick 81,complete,,81.2,65.09,75.4,64.0,backtest,84.9,28.7,85.8,20.0,100.0,685.0,543.0,1.2615,0.0,0.0,,,32.5,4.642857142857143,,V5.0,2026-04-30
John Bates,TE,Boise St.,2021,124,4,Drafted Pick 124,complete,,63.5,56.66,53.1,59.5,backtest,84.9,28.5,68.0,20.0,54.5,117.0,93.0,1.2581,0.0,0.0,4.627272746779702,4.627272746779702,50.90000021457672,4.627272746779702,0.0,V5.0,2026-04-30
Kylen Granson,TE,SMU,2021,127,4,Drafted Pick 127,complete,,57.4,54.28,52.1,54.7,backtest,61.5,32.8,77.2,21.0,17.9,536.0,376.0,1.4255,0.0,0.0,4.866666666666666,4.866666666666666,73.0,4.866666666666666,0.0,V5.0,2026-04-30
Tommy Tremble,TE,Notre Dame,2021,83,3,Drafted Pick 83,complete,,55.5,53.44,73.9,35.7,backtest,22.6,13.4,89.0,,7.6,217.0,362.0,0.5994,0.0,0.0,4.646153846153846,5.64,63.900000000000006,5.64,0.0,V5.0,2026-04-30
Brevin Jordan,TE,Miami (FL),2021,147,5,Drafted Pick 147,complete,,48.8,51.54,41.7,54.7,backtest,76.9,38.8,45.1,20.0,18.9,576.0,381.0,1.5118,0.0,0.0,6.975000187754631,6.975000187754631,55.80000150203705,6.975000187754631,0.0,V5.0,2026-04-30
Luke Farrell,TE,Ohio St.,2021,145,5,Drafted Pick 145,complete,,48.2,51.43,43.6,53.8,backtest,84.9,1.0,86.2,20.0,35.1,37.0,216.0,0.1713,0.0,0.0,3.1666666666666665,3.5,31.5,3.5,0.0,V5.0,2026-04-30
Tre' McKitty,TE,Georgia,2021,97,3,Drafted Pick 97,complete,,39.0,46.89,67.8,25.0,backtest,19.3,6.0,62.0,,4.3,108.0,306.0,0.3529,0.0,0.0,2.15,2.15,17.2,2.15,0.0,V5.0,2026-04-30
Noah Gray,TE,Duke,2021,162,5,Drafted Pick 162,complete,,35.9,46.24,36.2,46.4,backtest,61.6,15.6,69.6,21.0,18.2,278.0,390.0,0.7128,0.0,0.0,4.4125,7.08125,113.3,7.08125,0.0,V5.0,2026-04-30
Zach Davidson,TE,Central Missouri St.,2021,168,5,Drafted Pick 168,partial_data,,26.7,43.63,33.5,41.8,backtest,25.0,27.7,88.0,,,,,,0.0,0.0,,,1.5,0.0,,V5.0,2026-04-30
Trey McBride,TE,Colorado St.,2022,55,2,Drafted Pick 55,complete,,89.8,75.51,82.5,78.4,backtest,99.9,55.1,81.0,18.0,100.0,1125.0,513.0,2.193,1.0,1.0,15.2375,18.58235294117648,315.90000000000003,18.58235294117648,2.0,V5.0,2026-04-30
Greg Dulcich,TE,UCLA,2022,80,3,Drafted Pick 80,complete,,83.1,68.62,76.3,72.4,backtest,84.0,54.3,82.3,20.0,32.9,725.0,335.0,2.1642,0.0,0.0,8.610000000000001,8.610000000000001,86.10000000000001,8.610000000000001,0.0,V5.0,2026-04-30
Daniel Bellinger,TE,San Diego St.,2022,112,4,Drafted Pick 112,complete,,77.0,63.25,59.8,71.6,backtest,99.9,26.8,96.5,18.0,100.0,353.0,327.0,1.0795,0.0,0.0,6.818181818181818,6.818181818181818,75.0,6.818181818181818,0.0,V5.0,2026-04-30
Charlie Kolar,TE,Iowa St.,2022,128,4,Drafted Pick 128,complete,,75.1,61.98,51.2,74.3,backtest,99.9,37.5,91.0,19.0,100.0,764.0,475.0,1.6084,0.0,0.0,,3.290909090909091,36.2,4.042857142857143,,V5.0,2026-04-30
Jelani Woods,TE,Virginia,2022,73,3,Drafted Pick 73,complete,,73.3,61.2,78.2,50.9,backtest,45.0,24.0,100.0,22.0,12.7,598.0,554.0,1.0794,0.0,0.0,6.183333333333334,6.183333333333334,74.2,6.183333333333334,0.0,V5.0,2026-04-30
Jeremy Ruckert,TE,Ohio St.,2022,101,3,Drafted Pick 101,complete,,71.4,60.42,64.7,60.4,backtest,99.9,12.7,72.7,19.0,57.5,309.0,512.0,0.6035,0.0,0.0,3.1100000000000003,3.5230769230769234,45.8,3.5230769230769234,0.0,V5.0,2026-04-30
Isaiah Likely,TE,Coastal Carolina,2022,139,4,Drafted Pick 139,complete,,66.5,58.54,46.3,69.5,backtest,80.7,72.1,48.7,20.0,26.4,912.0,322.0,2.8323,0.0,0.0,8.246666666666666,8.246666666666666,123.7,8.246666666666666,0.0,V5.0,2026-04-30
Jake Ferguson,TE,Wisconsin,2022,129,4,Drafted Pick 129,complete,,65.3,58.3,50.6,65.4,backtest,94.5,34.7,67.8,19.0,24.1,450.0,300.0,1.5,1.0,0.0,10.41764705882353,11.18235294117647,190.1,11.18235294117647,1.0,V5.0,2026-04-30
Cade Otton,TE,Washington,2022,106,4,Drafted Pick 106,complete,,59.8,54.59,62.2,47.7,backtest,66.7,12.1,72.7,21.0,28.5,250.0,409.0,0.6112,1.0,0.0,10.042857142857144,10.042857142857144,140.6,10.042857142857144,1.0,V5.0,2026-04-30
Cole Turner,TE,Nevada,2022,149,5,Drafted Pick 149,complete,,54.9,52.73,40.8,58.3,backtest,78.1,28.2,74.0,20.0,21.2,677.0,572.0,1.1836,0.0,0.0,,,23.0,3.2857142857142856,,V5.0,2026-04-30
Teagan Quitoriano,TE,Oregon St.,2022,170,5,Drafted Pick 170,complete,,41.4,48.6,32.8,54.8,backtest,99.9,14.7,47.4,19.0,79.4,214.0,315.0,0.6794,0.0,0.0,,,30.3,4.328571428571428,,V5.0,2026-04-30
Chigoziem Okonkwo,TE,Maryland,2022,143,4,Drafted Pick 143,complete,,28.6,43.75,44.8,33.9,backtest,26.3,21.0,64.6,,11.3,447.0,489.0,0.9141,0.0,0.0,7.1000000000000005,7.294117647058823,124.0,7.294117647058823,0.0,V5.0,2026-04-30
James Mitchell,TE,Virginia Tech,2022,177,5,Drafted Pick 177,complete,,25.5,42.41,27.0,41.6,backtest,62.4,0.0,72.7,21.0,19.7,42.0,316.0,0.1329,0.0,0.0,3.5375,3.5375,28.3,3.5375,0.0,V5.0,2026-04-30
Andrew Ogletree,TE,Youngstown St.,2022,192,6,Drafted Pick 192,partial_data,,20.6,41.19,24.3,43.1,backtest,25.0,27.7,93.4,,,,,,0.0,0.0,3.5700000000000003,3.5700000000000003,35.7,3.5700000000000003,0.0,V5.0,2026-04-30
Nick Muse,TE,South Carolina,2022,227,7,Drafted Pick 227,complete,,18.8,40.06,12.6,50.5,backtest,64.0,12.3,87.8,21.0,22.9,222.0,360.0,0.6167,0.0,0.0,,,3.2,0.0,,V5.0,2026-04-30
Grant Calcaterra,TE,SMU,2022,198,6,Drafted Pick 198,complete,,15.1,38.8,21.5,39.0,backtest,27.7,21.8,81.5,,12.7,465.0,468.0,0.9936,0.0,0.0,4.6000000000000005,4.6000000000000005,59.8,4.6000000000000005,0.0,V5.0,2026-04-30
Connor Heyward,TE,Michigan St.,2022,208,6,Drafted Pick 208,complete,,10.8,35.95,18.2,34.8,backtest,25.0,19.3,72.7,,,326.0,365.0,0.8932,0.0,0.0,4.4750000000000005,4.4750000000000005,39.7,4.4750000000000005,0.0,V5.0,2026-04-30
John FitzPatrick,TE,Georgia,2022,213,6,Drafted Pick 213,complete,,6.5,31.85,16.6,26.0,backtest,18.8,2.1,72.7,,3.8,83.0,407.0,0.2039,0.0,0.0,,2.52,25.2,2.52,,V5.0,2026-04-30
Ko Kieft,TE,Minnesota,2022,218,6,Drafted Pick 218,complete,,2.8,28.4,15.1,18.8,backtest,19.8,6.1,36.4,,4.8,101.0,256.0,0.3945,0.0,0.0,2.625,2.625,21.0,2.625,0.0,V5.0,2026-04-30
Luke Musgrave,TE,Oregon St.,2023,42,2,Drafted Pick 42,complete,,94.1,78.16,89.8,78.3,backtest,84.9,58.8,97.8,20.0,74.9,169.0,69.0,2.4493,0.0,0.0,6.836363636363637,6.836363636363637,75.2,6.836363636363637,0.0,V5.0,2026-04-30
Michael Mayer,TE,Notre Dame,2023,35,2,Drafted Pick 35,complete,,93.5,77.49,91.3,72.7,backtest,82.5,60.4,76.6,20.0,30.0,809.0,338.0,2.3935,0.0,0.0,6.15,6.15,73.8,6.15,0.0,V5.0,2026-04-30
Sam LaPorta,TE,Iowa,2023,34,2,Drafted Pick 34,complete,,92.3,77.2,92.3,71.4,backtest,83.6,46.7,90.3,20.0,32.2,656.0,349.0,1.8797,1.0,1.0,14.076470588235296,14.076470588235296,239.3,14.076470588235296,3.0,V5.0,2026-04-30
Dalton Kincaid,TE,Utah,2023,25,1,Drafted Pick 25,complete,,88.6,73.79,93.8,57.4,backtest,50.3,47.3,83.2,22.0,25.5,890.0,446.0,1.9955,0.0,0.0,10.508333333333336,10.508333333333336,150.3,10.508333333333336,1.0,V5.0,2026-04-30
Brenton Strange,TE,Penn St.,2023,61,2,Drafted Pick 61,complete,,84.9,70.81,80.6,69.5,backtest,99.9,24.8,90.9,19.0,85.8,362.0,343.0,1.0554,0.0,0.0,9.833333333333334,9.833333333333334,118.0,9.833333333333334,0.0,V5.0,2026-04-30
Tucker Kraft,TE,South Dakota St.,2023,78,3,Drafted Pick 78,complete,,80.6,64.82,77.0,62.1,backtest,79.3,21.8,96.7,20.0,23.7,348.0,369.0,0.9431,1.0,1.0,14.65,14.65,163.3,14.65,1.0,V5.0,2026-04-30
Luke Schoonmaker,TE,Michigan,2023,58,2,Drafted Pick 58,complete,,73.9,61.31,81.2,44.3,backtest,28.6,23.9,98.6,,13.6,418.0,370.0,1.1297,0.0,0.0,5.71,5.71,57.1,5.71,0.0,V5.0,2026-04-30
Darnell Washington,TE,Georgia,2023,93,3,Drafted Pick 93,complete,,58.6,54.36,70.2,42.1,backtest,25.2,21.2,98.8,,10.2,454.0,492.0,0.9228,0.0,0.0,5.646153846153847,5.646153846153847,73.4,5.646153846153847,0.0,V5.0,2026-04-30
Josh Whyle,TE,Cincinnati,2023,147,5,Drafted Pick 147,complete,,53.7,52.36,41.7,56.8,backtest,75.0,16.5,89.8,20.0,14.8,326.0,417.0,0.7818,0.0,0.0,4.342857142857143,4.342857142857143,60.8,4.342857142857143,0.0,V5.0,2026-04-30
Davis Allen,TE,Clemson,2023,175,5,Drafted Pick 175,complete,,43.9,49.07,28.9,57.6,backtest,75.0,21.3,85.8,20.0,13.6,443.0,478.0,0.9268,0.0,0.0,4.1866666666666665,4.1866666666666665,62.8,4.1866666666666665,0.0,V5.0,2026-04-30
Cameron Latu,TE,Alabama,2023,101,3,Drafted Pick 101,complete,,43.3,49.05,64.7,32.0,backtest,25.3,18.5,62.2,,10.3,377.0,438.0,0.8607,0.0,0.0,,,0.0,0.0,,V5.0,2026-04-30
Will Mallory,TE,Miami (FL),2023,162,5,Drafted Pick 162,complete,,35.3,45.72,36.2,45.1,backtest,31.8,28.0,90.5,23.0,18.7,538.0,413.0,1.3027,0.0,0.0,3.5181818181818185,3.5181818181818185,38.7,3.5181818181818185,0.0,V5.0,2026-04-30
Payne Durham,TE,Purdue,2023,171,5,Drafted Pick 171,complete,,26.1,43.03,31.9,41.2,backtest,45.0,21.1,65.8,22.0,14.5,560.0,581.0,0.9639,0.0,0.0,,,34.5,1.8,,V5.0,2026-04-30
Zack Kuntz,TE,Old Dominion,2023,220,7,Drafted Pick 220,complete,,15.7,38.87,13.9,45.6,backtest,49.9,5.0,100.0,22.0,24.8,144.0,417.0,0.3453,0.0,0.0,,,0.0,0.0,,V5.0,2026-04-30
Brayden Willis,TE,Oklahoma,2023,247,7,Drafted Pick 247,complete,,7.1,33.41,7.1,39.5,backtest,45.3,28.7,47.1,22.0,15.5,514.0,407.0,1.2629,0.0,0.0,,,0.0,0.0,,V5.0,2026-04-30
Brock Bowers,TE,Georgia,2024,13,1,Drafted Pick 13,complete,,97.8,83.73,97.2,73.4,backtest,99.9,40.3,83.2,18.0,23.3,714.0,456.0,1.5658,1.0,1.0,15.452941176470588,15.452941176470588,262.7,15.452941176470588,2.0,V5.0,2026-04-30
Ben Sinnott,TE,Kansas St.,2024,53,2,Drafted Pick 53,complete,,87.4,72.67,83.7,70.3,backtest,84.9,37.6,97.3,20.0,100.0,669.0,435.0,1.5379,0.0,0.0,3.55,3.55,28.4,3.55,0.0,V5.0,2026-04-30
Theo Johnson,TE,Penn St.,2024,107,4,Drafted Pick 107,complete,,77.6,63.3,61.3,69.9,backtest,99.9,20.3,99.3,19.0,78.9,341.0,366.0,0.9317,0.0,0.0,8.52,8.52,127.8,8.52,0.0,V5.0,2026-04-30
Ja'Tavion Sanders,TE,Texas,2024,101,4,Drafted Pick 101,complete,,74.5,61.36,64.7,62.7,backtest,92.3,36.7,57.5,19.0,19.5,682.0,475.0,1.4358,0.0,0.0,4.909090909090909,4.909090909090909,73.2,4.909090909090909,0.0,V5.0,2026-04-30
Cade Stover,TE,Ohio St.,2024,123,4,Drafted Pick 123,complete,,62.9,56.63,54.0,59.1,backtest,69.9,32.9,82.2,21.0,100.0,576.0,383.0,1.5039,0.0,0.0,2.6384615384615384,2.6384615384615384,34.3,3.316666666666667,0.0,V5.0,2026-04-30
Tip Reiman,TE,Illinois,2024,82,3,Drafted Pick 82,complete,,56.1,53.89,74.5,36.4,backtest,21.4,9.7,99.2,,6.4,203.0,414.0,0.4903,0.0,0.0,,,9.7,0.0,,V5.0,2026-04-30
Jared Wiley,TE,TCU,2024,131,4,Drafted Pick 131,complete,,47.6,51.33,50.0,48.7,backtest,45.0,22.9,93.0,22.0,13.9,520.0,503.0,1.0338,0.0,0.0,,,1.7000000000000002,0.0,,V5.0,2026-04-30
Erick All,TE,Iowa,2024,115,4,Drafted Pick 115,complete,,45.7,51.16,58.9,42.5,backtest,46.5,18.4,72.7,22.0,18.0,299.0,348.0,0.8592,0.0,0.0,4.4750000000000005,4.4750000000000005,35.800000000000004,4.4750000000000005,0.0,V5.0,2026-04-30
AJ Barner,TE,Michigan,2024,121,4,Drafted Pick 121,complete,,39.6,47.64,55.2,35.9,backtest,22.8,15.0,87.0,,7.8,249.0,361.0,0.6898,0.0,0.0,8.664705882352942,8.664705882352942,147.3,8.664705882352942,0.0,V5.0,2026-04-30
Jaheim Bell,TE,Florida St.,2024,231,7,Drafted Pick 231,complete,,34.7,45.65,10.2,65.7,backtest,84.9,33.9,84.5,20.0,100.0,503.0,343.0,1.4665,0.0,0.0,,,4.0,0.0,,V5.0,2026-04-30
Tanner McLachlan,TE,Arizona,2024,194,6,Drafted Pick 194,complete,,16.3,38.98,23.4,38.2,backtest,28.2,22.6,76.6,,13.2,528.0,464.0,1.1379,0.0,0.0,,,0.0,0.0,,V5.0,2026-04-30
Devin Culp,TE,Washington,2024,246,7,Drafted Pick 246,complete,,5.3,30.14,8.0,31.1,backtest,23.2,5.3,81.4,,8.2,208.0,575.0,0.3617,0.0,0.0,,,13.8,0.0,,V5.0,2026-04-30
Colston Loveland,TE,Michigan,2025,10,1,Drafted Pick 10,complete,,98.4,86.14,97.8,76.8,backtest,99.8,49.4,83.2,19.0,34.7,582.0,308.0,1.8896,0.0,0.0,10.31875,10.31875,165.1,10.31875,1.0,V5.0,2026-04-30
Tyler Warren,TE,Penn St.,2025,14,1,Drafted Pick 14,complete,,97.2,82.97,96.6,72.3,backtest,84.9,52.5,83.2,20.0,71.6,1230.0,559.0,2.2004,1.0,0.0,11.088235294117649,11.088235294117649,188.5,11.088235294117649,1.0,V5.0,2026-04-30
Harold Fannin,TE,Bowling Green,2025,67,3,Drafted Pick 67,complete,,94.7,79.66,80.0,94.3,backtest,99.9,99.9,77.7,19.0,49.6,1550.0,419.0,3.6993,1.0,0.0,11.775,11.775,188.4,11.775,1.0,V5.0,2026-04-30
Terrance Ferguson,TE,Oregon,2025,46,2,Drafted Pick 46,complete,,84.3,68.94,86.8,57.4,backtest,60.1,30.9,93.2,21.0,15.1,591.0,460.0,1.2848,0.0,0.0,4.736363636363636,4.736363636363636,52.1,4.736363636363636,0.0,V5.0,2026-04-30
Mason Taylor,TE,LSU,2025,42,2,Drafted Pick 42,complete,,78.2,63.75,89.8,42.3,backtest,28.4,25.2,88.9,,13.4,546.0,533.0,1.0244,0.0,0.0,6.684615384615385,6.684615384615385,86.9,6.684615384615385,0.0,V5.0,2026-04-30
Elijah Arroyo,TE,Miami (FL),2025,50,2,Drafted Pick 50,complete,,75.7,62.0,85.2,42.1,backtest,28.0,28.8,83.2,,13.0,590.0,489.0,1.2065,0.0,0.0,2.9923076923076923,2.9923076923076923,38.9,2.9923076923076923,0.0,V5.0,2026-04-30
Oronde Gadsden II,TE,Syracuse,2025,165,5,Drafted Pick 165,complete,,61.0,55.7,34.4,71.0,backtest,98.6,37.7,79.5,19.0,32.2,922.0,598.0,1.5418,0.0,0.0,8.893333333333334,8.893333333333334,133.4,8.893333333333334,0.0,V5.0,2026-04-30
Gunnar Helm,TE,Texas,2025,120,4,Drafted Pick 120,complete,,44.5,49.74,56.4,40.8,backtest,46.4,33.5,43.3,22.0,17.8,786.0,541.0,1.4529,0.0,0.0,5.73125,5.73125,91.7,5.73125,0.0,V5.0,2026-04-30
Thomas Fidone,TE,Nebraska,2025,219,7,Drafted Pick 219,complete,,32.2,44.49,14.5,59.4,backtest,75.5,19.5,94.9,20.0,15.9,373.0,434.0,0.8594,0.0,0.0,,,0.0,0.0,,V5.0,2026-04-30
Jackson Hawes,TE,Georgia Tech,2025,173,5,Drafted Pick 173,complete,,28.0,43.73,30.7,43.6,backtest,60.0,8.1,72.3,21.0,6.3,195.0,410.0,0.4756,0.0,0.0,4.053846153846154,4.053846153846154,52.7,4.053846153846154,0.0,V5.0,2026-04-30
Mitchell Evans,TE,Notre Dame,2025,163,5,Drafted Pick 163,complete,,24.9,42.33,35.3,36.9,backtest,28.3,21.8,72.5,,13.3,421.0,445.0,0.9461,0.0,0.0,3.707692307692308,3.707692307692308,48.2,3.707692307692308,0.0,V5.0,2026-04-30
Gavin Bartholomew,TE,Pittsburgh,2025,202,6,Drafted Pick 202,complete,,13.9,37.88,19.7,37.8,backtest,27.6,14.2,88.7,,12.6,329.0,499.0,0.6593,0.0,0.0,,,0.0,0.0,,V5.0,2026-04-30
Moliki Matavao,TE,UCLA,2025,248,7,Drafted Pick 248,complete,,13.2,37.84,6.5,50.9,backtest,61.2,30.5,65.9,21.0,17.4,506.0,398.0,1.2714,0.0,0.0,,,3.0,0.0,,V5.0,2026-04-30
Luke Lachey,TE,Iowa,2025,255,7,Drafted Pick 255,complete,,12.0,36.2,2.2,48.7,backtest,62.3,18.0,74.2,21.0,19.5,231.0,260.0,0.8885,0.0,0.0,,,0.0,0.0,,V5.0,2026-04-30
Robbie Ouzts,TE,Alabama,2025,175,5,Drafted Pick 175,complete,,9.6,34.8,28.9,21.9,backtest,18.5,4.4,53.3,,3.5,108.0,354.0,0.3051,0.0,0.0,,,0.0,0.0,,V5.0,2026-04-30
Caleb Lohner,TE,Utah,2025,241,7,Drafted Pick 241,complete,,4.7,29.72,9.0,28.6,backtest,17.3,0.3,88.3,,2.3,54.0,358.0,0.1508,0.0,0.0,,,0.0,0.0,,V5.0,2026-04-30
Kenyon Sadiq,TE,Oregon,2026,16,1,Drafted Pick 16,complete,,81.8,66.02,95.9,31.5,2026_prospect,29.8,14.3,60.0,20.0,18.7,560.0,437.0,1.2815,,,,,,,,V5.0,2026-04-30
Eli Stowers,TE,Vanderbilt,2026,54,2,Drafted Pick 54,complete,,74.5,61.62,83.1,43.1,2026_prospect,66.4,22.0,40.0,21.0,27.806563039723663,765.0,400.0,1.9125,,,,,,,,V5.0,2026-04-30
Max Klare,TE,Ohio State,2026,61,2,Drafted Pick 61,complete,,67.2,58.85,80.6,39.6,2026_prospect,68.0,10.9,40.0,20.8,30.908269317668324,448.0,408.0,1.098,,,,,,,,V5.0,2026-04-30
Marlin Klein,TE,Michigan,2026,59,2,Drafted Pick 59,complete,,50.6,52.07,80.6,21.7,2026_prospect,25.2,5.9,40.0,,10.7,248.0,340.0,0.7294,,,,,,,,V5.0,2026-04-30
Nate Boerkircher,TE,Texas A&M,2026,56,2,Drafted Pick 56,complete,,48.2,51.47,81.2,18.8,2026_prospect,20.9,2.5,40.0,,8.69,204.0,408.0,0.5,,,,,,,,V5.0,2026-04-30
Eli Raridon,TE,Notre Dame,2026,95,3,Drafted Pick 95,complete,,45.1,50.49,68.4,33.2,2026_prospect,45.6,16.3,40.0,21.8,16.19079610345986,482.0,322.0,1.4969,,,,,,,,V5.0,2026-04-30
Sam Roush,TE,Stanford,2026,69,3,Drafted Pick 69,complete,,45.1,50.93,78.8,23.4,2026_prospect,22.7,13.0,40.0,23.0,21.51,545.0,391.0,1.3939,,,,,,,,V5.0,2026-04-30
Oscar Delp,TE,Georgia,2026,73,3,Drafted Pick 73,complete,,42.6,49.04,78.2,20.5,2026_prospect,23.4,4.5,40.0,,10.3,261.0,417.0,0.6259,,,,,,,,V5.0,2026-04-30
Justin Joly,TE,NC State,2026,152,5,Drafted Pick 152,complete,,37.8,46.73,39.6,44.3,2026_prospect,80.3,11.3,40.0,19.3,25.55604012211077,489.0,413.0,1.184,,,,,,,,V5.0,2026-04-30
Will Kacmarek,TE,Ohio State,2026,87,3,Drafted Pick 87,complete,,36.5,46.36,71.4,19.7,2026_prospect,24.2,1.6,40.0,,11.51,168.0,408.0,0.4118,,,,,,,,V5.0,2026-04-30
Tanner Koziol,TE,Houston,2026,164,5,Drafted Pick 164,complete,,32.2,44.57,34.7,42.8,2026_prospect,66.7,20.9,40.0,19.0,28.34964562942963,727.0,377.0,1.9284,,,,,,,,V5.0,2026-04-30
Seydou Traore,TE,Mississippi State,2026,180,6,Drafted Pick 180,complete,,25.5,42.53,26.1,42.8,2026_prospect,79.1,8.3,40.0,19.8,23.25925925925926,372.0,390.0,0.9538,,,,,,,,V5.0,2026-04-30
Matthew Hibner,TE,SMU,2026,133,4,Drafted Pick 133,complete,,20.0,40.74,49.4,22.9,2026_prospect,26.8,7.6,40.0,,11.825332248440466,436.0,460.0,0.9478,,,,,,,,V5.0,2026-04-30
Joe Royer,TE,Cincinnati,2026,170,5,Drafted Pick 170,complete,,12.6,36.92,32.8,25.6,2026_prospect,31.7,10.0,40.0,22.7,18.39323467230444,416.0,363.0,1.146,,,,,,,,V5.0,2026-04-30
Jaren Kanak,TE,Oklahoma,2026,225,7,Drafted Pick 225,complete,,10.2,35.29,12.6,38.0,2026_prospect,61.1,13.6,40.0,20.8,17.29200652528548,533.0,431.0,1.2367,,,,,,,,V5.0,2026-04-30
Josh Cuevas,TE,Alabama,2026,173,5,Drafted Pick 173,complete,,10.2,35.02,30.7,21.8,2026_prospect,25.4,6.1,40.0,20.0,20.59,411.0,523.0,0.7859,,,,,,,,V5.0,2026-04-30
Riley Nowakowski,TE,Indiana,2026,169,5,Drafted Pick 169,complete,,10.2,35.81,32.8,22.5,2026_prospect,25.1,8.3,40.0,,10.128238680973569,387.0,406.0,0.9532,,,,,,,,V5.0,2026-04-30
Bauer Sharp,TE,LSU,2026,185,6,Drafted Pick 185,complete,,7.1,33.78,25.5,22.5,2026_prospect,29.5,3.7,40.0,20.0,15.02,252.0,443.0,0.5688,,,,,,,,V5.0,2026-04-30
Jack Endries,TE,Texas,2026,221,7,Drafted Pick 221,complete,,6.5,32.54,13.2,30.0,2026_prospect,46.8,6.6,40.0,21.4,18.59701492537313,346.0,420.0,0.8238,,,,,,,,V5.0,2026-04-30
John Michael Gyllenborg,TE,Wyoming,2026,258,7,UDFA,complete,,5.3,30.21,1.0,34.5,2026_prospect,62.1,3.3,40.0,20.9,19.200351493848856,217.0,384.0,0.5651,,,,,,,,V5.0,2026-04-30
Jack Velling,TE,Michigan State,2026,258,7,UDFA,complete,,2.8,28.45,1.0,30.1,2026_prospect,45.4,8.3,40.0,20.0,18.54,359.0,378.0,0.9497,,,,,,,,V5.0,2026-04-30
Michael Trigg,TE,Baylor,2026,258,7,UDFA,complete,,1.6,27.21,1.0,27.0,2026_prospect,31.8,13.6,40.0,22.8,18.670971213344096,694.0,510.0,1.3608,,,,,,,,V5.0,2026-04-30
Dallen Bentley,TE,Utah,2026,258,7,UDFA,complete,,1.6,28.13,1.0,29.3,2026_prospect,34.1,17.5,40.0,22.5,23.16890881913304,620.0,373.0,1.6622,,,,,,,,V5.0,2026-04-30
Dae'Quan Wright,TE,Mississippi,2026,258,7,UDFA,complete,,1.6,26.63,1.0,25.6,2026_prospect,29.0,12.5,40.0,22.0,16.65,635.0,523.0,1.2141,,,,,,,,V5.0,2026-04-30
Carsen Ryan,TE,BYU,2026,248,7,Drafted Pick 248,complete,,1.6,27.1,6.5,24.0,2026_prospect,22.5,14.8,40.0,23.0,20.090732339598187,620.0,403.0,1.5385,,,,,,,,V5.0,2026-04-30
Lance Mason,TE,Wisconsin,2026,258,7,UDFA,complete,,1.6,26.19,1.0,24.5,2026_prospect,24.7,13.9,40.0,23.0,27.33,398.0,272.0,1.4632,,,,,,,,V5.0,2026-04-30
Toby Payne,TE,Marshall,2026,258,7,UDFA,complete,,1.6,26.6,1.0,25.5,2026_prospect,30.4,10.9,40.0,22.9,15.770465489566613,387.0,335.0,1.1552,,,,,,,,V5.0,2026-04-30
Lake McRee,TE,USC,2026,258,7,UDFA,complete,,1.6,25.97,1.0,23.9,2026_prospect,26.6,10.6,40.0,,11.564449064449065,450.0,420.0,1.0714,,,,,,,,V5.0,2026-04-30
Nate Rutchena,TE,UC Davis,2026,258,7,UDFA,partial_data,,1.6,26.17,1.0,24.4,2026_prospect,31.8,6.6,40.0,,,,,,,,,,,,,V5.0,2026-04-30
Chamon Metayer,TE,Arizona State,2026,258,7,UDFA,complete,,1.6,25.69,1.0,23.2,2026_prospect,28.0,7.3,40.0,,14.23,375.0,430.0,0.8721,,,,,,,,V5.0,2026-04-30
Dan Villari,TE,Syracuse,2026,258,7,UDFA,complete,,1.6,24.71,1.0,20.8,2026_prospect,20.4,8.4,40.0,24.1,15.77924601632336,412.0,408.0,1.0098,,,,,,,,V5.0,2026-04-30
Ty Thompson,TE,Tulane,2026,258,7,UDFA,complete,,1.6,24.89,1.0,21.2,2026_prospect,23.3,6.6,40.0,,8.252032520325203,0.0,391.0,0.0,,,,,,,,V5.0,2026-04-30
Brett Norfleet,TE,Missouri,2026,258,7,UDFA,complete,,1.6,25.05,1.0,21.6,2026_prospect,25.4,5.6,40.0,22.0,22.93,254.0,361.0,0.7036,,,,,,,,V5.0,2026-04-30
R.J. Maryland,TE,SMU,2026,258,7,UDFA,complete,,1.6,25.34,1.0,22.3,2026_prospect,28.3,4.6,40.0,21.0,18.15,322.0,460.0,0.7,,,,,,,,V5.0,2026-04-30
DJ Rogers,TE,TCU,2026,258,7,UDFA,complete,,1.6,24.67,1.0,20.7,2026_prospect,23.5,5.0,40.0,,8.508935716190983,319.0,460.0,0.6935,,,,,,,,V5.0,2026-04-30
Miles Kitselman,TE,Tennessee,2026,258,7,UDFA,complete,,1.6,24.74,1.0,20.9,2026_prospect,25.5,3.5,40.0,22.0,15.63,253.0,437.0,0.5789,,,,,,,,V5.0,2026-04-30
Ethan Davis,TE,Tennessee,2026,258,7,UDFA,complete,,1.6,24.21,1.0,19.5,2026_prospect,21.8,3.6,40.0,,6.756046267087276,257.0,437.0,0.5881,,,,,,,,V5.0,2026-04-30
Jameson Geers,TE,Minnesota,2026,258,7,UDFA,complete,,1.6,24.57,1.0,20.4,2026_prospect,25.1,2.7,40.0,22.0,15.84,206.0,399.0,0.5163,,,,,,,,V5.0,2026-04-30
Josh Kattus,TE,Kentucky,2026,258,7,UDFA,complete,,1.6,24.28,1.0,19.7,2026_prospect,23.0,2.9,40.0,23.0,20.7,195.0,367.0,0.5313,,,,,,,,V5.0,2026-04-30
Andrew Rappleyea,TE,Penn State,2026,258,7,UDFA,complete,,1.6,24.19,1.0,19.5,2026_prospect,22.4,2.9,40.0,,7.395234182415776,180.0,339.0,0.531,,,,,,,,V5.0,2026-04-30
Jaleel Skinner,TE,Louisville,2026,258,7,UDFA,complete,,1.6,24.12,1.0,19.3,2026_prospect,22.2,2.6,40.0,,8.39,204.0,418.0,0.488,,,,,,,,V5.0,2026-04-30
Khalil Dinkins,TE,Penn State,2026,258,7,UDFA,complete,,1.6,24.04,1.0,19.1,2026_prospect,21.9,2.4,40.0,,7.83,167.0,339.0,0.4926,,,,,,,,V5.0,2026-04-30
Benji Gosnell,TE,Virginia Tech,2026,258,7,UDFA,complete,,1.6,24.74,1.0,20.8,2026_prospect,28.9,0.0,40.0,,13.878713878713878,86.0,319.0,0.2696,,,,,,,,V5.0,2026-04-30
Amari Niblack,TE,Texas A&M,2026,258,7,UDFA,complete,,1.6,24.24,1.0,19.6,2026_prospect,25.6,0.0,40.0,,14.11,69.0,408.0,0.1691,,,,,,,,V5.0,2026-04-30
Luke Hasz,TE,Mississippi,2026,258,7,UDFA,complete,,1.6,24.34,1.0,19.8,2026_prospect,26.2,0.0,40.0,20.0,15.03,28.0,523.0,0.0535,,,,,,,,V5.0,2026-04-30
Cooper Flanagan,TE,Notre Dame,2026,258,7,UDFA,complete,,1.0,23.91,1.0,18.8,2026_prospect,16.7,6.6,40.0,,6.75,55.0,329.0,0.1672,,,,,,,,V5.0,2026-04-30
Tanner Arkin,TE,Illinois,2026,258,7,UDFA,complete,,1.0,23.4,1.0,17.5,2026_prospect,19.9,0.0,40.0,,6.46,114.0,372.0,0.3065,,,,,,,,V5.0,2026-04-30
Jack Pedersen,TE,UCLA,2026,258,7,UDFA,complete,,1.0,23.28,1.0,17.2,2026_prospect,19.2,0.0,40.0,,5.57,72.0,361.0,0.1994,,,,,,,,V5.0,2026-04-30
Holden Staes,TE,Indiana,2026,258,7,UDFA,complete,,1.0,23.47,1.0,17.7,2026_prospect,20.5,0.0,40.0,,5.472636815920398,62.0,406.0,0.1527,,,,,,,,V5.0,2026-04-30
Davin Stoffel,TE,Illinois,2026,258,7,UDFA,complete,,1.0,22.77,1.0,15.9,2026_prospect,15.8,0.0,40.0,,2.93,24.0,372.0,0.0645,,,,,,,,V5.0,2026-04-30
Joey Schlaffer,TE,Penn State,2026,258,7,UDFA,complete,,1.0,22.77,1.0,15.9,2026_prospect,15.8,0.0,40.0,,5.43,19.0,339.0,0.056,,,,,,,,V5.0,2026-04-30
Shamar Easter,TE,North Carolina,2026,258,7,UDFA,complete,,1.0,22.78,1.0,15.9,2026_prospect,15.9,0.0,40.0,,0.8608971454463071,17.0,355.0,0.0479,,,,,,,,V5.0,2026-04-30
