,Draft Capital,40 Time,"College 
 Dominator",BOA,BOY,Early Declare,Height,BMI,Hand Size,Arm Length,RAS,,,Draft Capital,Speed Score,40 Time,10 Yard Split,Weight,BMI,Burst Score,REC in a Season,"Scrimmage
 Yards in a Season",College YPC,RAS
Calvin Johnson,1.02,4.35,55.3,19.9,FR,Y,"6' 5""",28.0,9.750,36.000,10.00,,Edgerrin James,1.04,117.4,4.38,1.49,216,28.5,N/A,19,"1,671",6.0,10.00
Andre Johnson,1.03,4.40,28.8,20.2,SO,Y,"6' 2""",28.9,9.125,34.000,9.98,,LaDainian Tomlinson,1.05,108.7,4.46,1.54,215,30.8,93rd,16,"2,198",5.7,9.79
Torry Holt,1.06,4.44,41.0,19.9,JR,N,"6' 1""",25.3,9.625,30.250,9.76,,Jamal Lewis,1.05,109.1,4.58,N/A,240,33.5,N/A,23,"1,630",5.5,N/A
Tim Brown,1.06,4.39,63.0,19.0,SO,N,6',26.2,9.000,N/A,N/A,,Ricky Williams,1.05,112.9,4.56,1.61,244,34.0,90th,92,"2,386",6.2,9.73
Plaxico Burress,1.08,4.59,45.5,21.1,JR,N,"6' 5""",27.4,9.500,33.750,N/A,,Adrian Peterson,1.07,114.7,4.41,1.57,217,28.6,91st,10,"1,937",5.4,9.64
Santana Moss,1.16,4.31,24.8,19.3,SO,N,"5' 10""",26.0,8.500,29.000,N/A,,Marshawn Lynch,1.12,103.0,4.52,1.60,215,30.0,73rd,34,"1,684",6.6,7.81
Marvin Harrison,1.19,4.49,53.4,21.0,SO,N,6',24.5,9.750,30.750,N/A,,Steven Jackson,1.24,112.5,4.55,N/A,241,32.2,72nd,44,"2,015",4.9,9.53
Randy Moss,1.21,4.36,52.2,20.6,SO,Y,"6' 4""",25.6,9.625,34.000,9.67,,Chris Johnson,1.24,121.9,4.24,1.40,197,27.5,81st,37,"1,951",4.8,9.57
Dez Bryant,1.24,4.57,62.5,18.8,SO,Y,"6' 2""",28.5,9.750,34.000,9.05,,Larry Johnson,1.27,116.3,4.45,N/A,228,30.1,N/A,41,"2,436",6.4,N/A
Santonio Holmes,1.25,4.40,48.6,21.5,JR,N,"5' 11""",26.8,9.125,31.000,8.05,,Joseph Addai,1.30,113.2,4.41,1.50,214,29.8,90th,26,"1,091",5.3,9.07
Roddy White,1.27,4.50,50.5,20.8,JR,N,"6' 1""",27.4,8.500,32.250,9.82,,Tiki Barber,2.04,93.9,4.56,1.60,203,30.0,81st,22,"1,618",5.2,8.70
Reggie Wayne,1.30,4.45,32.1,18.8,FR,N,6',26.9,9.000,32.000,N/A,,Matt Forte,2.13,110.2,4.46,1.49,218,28.8,30th,32,"2,409",5.1,9.71
Isaac Bruce,2.01,4.55,31.0,20.9,SR,N,6',24.4,8.750,33.125,8.84,,LeSean McCoy,2.21,99.5,4.50,1.52,204,29.3,2nd,33,"1,793",4.8,6.20
Amani Toomer,2.02,4.50,27.0,19.9,JR,N,"6' 3""",24.6,9.000,32.500,10.00,,Travis Henry,2.26,98.7,4.61,1.62,223,32.9,68th,13,"1,379",5.5,7.99
Chad Johnson,2.05,4.57,34.4,22.6,N/A,N,"6' 1""",25.3,9.500,32.000,5.85,,Frank Gore,3.01,95.6,4.60,N/A,214,31.6,20th,12,"1,051",5.7,5.67
Jordy Nelson,2.05,4.51,49.6,20.3,JR,N,"6' 3""",27.2,10.125,34.125,7.40,,Shonn Greene,3.01,97.1,4.65,1.68,227,31.6,75th,8,"1,899",5.9,5.05
DeSean Jackson,2.18,4.35,32.1,18.8,FR,Y,"5' 10""",25.1,9.375,31.250,7.50,,Jamaal Charles,3.10,108.1,4.38,1.53,199,27.8,22nd,18,"1,818",6.2,8.56
Greg Jennings,2.20,4.42,46.5,19.8,SO,N,"5' 11""",27.5,9.125,31.000,8.60,,Curtis Martin,3.10,108.3,4.40,N/A,203,28.3,97th,33,"1,324",5.1,9.35
Anquan Boldin,2.22,4.73,41.2,19.9,SR,N,"6' 1""",29.5,9.875,30.000,3.36,,Ahman Green,3.12,109.6,4.44,1.53,213,29.2,95th,14,"1,982",6.8,9.74
Steve Smith,3.12,4.41,31.0,20.3,JR,N,"5' 9""",27.3,9.250,31.500,7.76,,Brian Westbrook,3.27,90.9,4.58,1.58,200,30.3,77th,N/A,"2,823",6.2,7.94
Terrell Owens,3.28,4.63,31.9,19.7,SO,Y,"6' 3""",26.6,10.500,34.500,7.91,,Brandon Jacobs,4.14,123.5,4.56,1.66,267,32.5,77th,8,"1,896",6.6,6.86
Hines Ward,3.28,N/A,38.0,20.3,JR,N,6',27.4,9.000,30.500,6.13,,Priest Holmes,UDFA,85.1,4.73,1.62,213,31.6,54th,9,534,5.1,5.99
Derrick Mason,4.02,4.55,38.1,21.5,JR,N,"5' 11""",26.9,10.000,32.250,4.81,,Arian Foster,UDFA,89.9,4.73,1.62,225,29.4,18th,39,"1,533",4.6,5.14
Brandon Marshall,4.22,4.52,42.5,21.5,SR,N,"6' 4""",28.0,10.375,33.750,8.18,,,,,,,,,,,,,
Joe Horn,5.03,4.47,N/A,N/A,N/A,N/A,"6' 1""",26.4,N/A,N/A,N/A,,,,,,,,,,,,,
Antonio Brown,6.26,4.56,32.8,19.2,FR,Y,"5' 10""",26.7,N/A,31.000,3.85,,,,,,,,,,,,,
T.J. Houshmandzadeh,7.04,4.61,30.5,22.9,SR,N,"6' 1""",27.8,N/A,N/A,N/A,,,,,,,,,,,,,
Donald Driver,7.21,N/A,N/A,N/A,N/A,N,6',26.3,N/A,N/A,N/A,,,,,,,,,,,,,
Wes Welker,UDFA,4.70,17.4,20.4,JR,N,"5' 9""",27.3,N/A,N/A,3.27,,,,,,,,,,,,,
Doug Baldwin,UDFA,4.53,27.0,20.0,SO,N,"5' 10""",27.1,N/A,27.000,7.40,,,,,,,,,,,,,