player_name,position,college,cfbd_school,cfbd_name,height_in,weight,status
Jeremiyah Love,RB,Notre Dame,Notre Dame,Jeremiyah Love,72.0,214.0,found
Jonah Coleman,RB,Washington,Washington,Jonah Coleman,69.0,228.0,found
Nick Singleton,RB,Penn State,Penn State,Nicholas Singleton,72.0,224.0,found
Kaytron Allen,RB,Penn State,Penn State,Kaytron Allen,71.0,217.0,found
Kaelon Black,RB,Indiana,Indiana,Kaelon Black,70.0,210.0,found
Roman Hemby,RB,Indiana,Indiana,Roman Hemby,72.0,208.0,found
J'Mari Taylor,RB,Virginia,Virginia,J'Mari Taylor,69.0,204.0,found
Le'Veon Moss,RB,Texas A&M,Texas A&M,Le'Veon Moss,71.0,210.0,found
Kaden Feagin,RB,Illinois,Illinois,Kaden Feagin,75.0,250.0,found
Rueben Owens,RB,Texas A&M,Texas A&M,Rueben Owens II,71.0,215.0,found
TJ Harden,RB,SMU,SMU,T.J. Harden,74.0,220.0,found
Kedrick Reescano,RB,Arizona,Arizona,Kedrick Reescano,72.0,213.0,found
Djay Braswell,RB,Georgia State,Georgia State,Djay Braswell,71.0,215.0,found
Quinten Joyner,RB,Texas Tech,Texas Tech,Quinten Joyner,71.0,205.0,found
Samuel Singleton Jr.,RB,Florida State,Florida State,Samuel Singleton Jr.,71.0,201.0,found
Branson Robinson,RB,Georgia State,Georgia State,Branson Robinson,70.0,211.0,found
Derrick Davis Jr.,RB,Pittsburgh,Pittsburgh,Derrick Davis Jr.,72.0,210.0,found
Noah Whittington,RB,Oregon,Oregon,Noah Whittington,68.0,203.0,found
Chip Trayanum,RB,Toledo,Toledo,Chip Trayanum,71.0,227.0,found
Kentrel Bullock,RB,South Alabama,South Alabama,Kentrel Bullock,70.0,205.0,found
Jaydn Ott,RB,Oklahoma,Oklahoma,Jaydn Ott,71.0,208.0,found
Curtis Allen,RB,Virginia Union,,,,,skipped
C.J. Donaldson,RB,Ohio State,Ohio State,CJ Donaldson,74.0,232.0,found
Jamal Haynes,RB,Georgia Tech,Georgia Tech,Jamal Haynes,69.0,190.0,found
Kejon Owens,RB,Florida International,Florida International,Kejon Owens,71.0,210.0,found
Desmond Reid,RB,Pittsburgh,Pittsburgh,Desmond Reid,68.0,175.0,found
Dean Connors,RB,Houston,Houston,Dean Connors,72.0,206.0,found
Rahsul Faison,RB,South Carolina,South Carolina,Rahsul Faison,72.0,218.0,found
Terion Stewart,RB,Virginia Tech,Virginia Tech,Terion Stewart,69.0,222.0,found
Sedrick Alexander,RB,Vanderbilt,Vanderbilt,Sedrick Alexander,69.0,200.0,found
Jaylon Glover,RB,UNLV,UNLV,Jaylon Glover,69.0,205.0,found
TreVonte Citizen,RB,McNeese State,McNeese,Tre'Vonte Citizen,74.0,223.0,found
Savion Red,RB,Sacramento State,Sacramento State,Savion Red,70.0,233.0,found
Richard Reese,RB,Stephen F. Austin,Stephen F. Austin,Richard Reese,71.0,175.0,found
Andrew Paul,RB,Jacksonville State,Jacksonville State,Andrew Paul,71.0,215.0,found
Byron Cardwell,RB,San Diego State,San Diego State,Byron Cardwell Jr.,72.0,215.0,found
Trevion Cooley,RB,Troy,Troy,Trey Cooley,70.0,208.0,found
Kadarius Calloway,RB,New Mexico State,New Mexico State,Kadarius Calloway,72.0,220.0,found
L.J. Johnson Jr.,RB,California,California,LJ Johnson Jr.,70.0,215.0,found
Armoni Goodwin,RB,UT Martin,UT Martin,Armoni Goodwin,68.0,195.0,found
Barika Kpeenu,RB,North Dakota State,North Dakota State,Barry Kpeenu,70.0,199.0,found
Logan Diggs,RB,Mississippi,Ole Miss,Logan Diggs,73.0,215.0,found
Alton McCaskill IV,RB,Sam Houston State,Sam Houston,Alton McCaskill,74.0,210.0,found
Roydell Williams,RB,Florida State,Florida State,Roydell Williams,70.0,221.0,found
E.J. Smith,RB,Texas A&M,Texas A&M,EJ Smith,71.0,211.0,found
Dominic Richardson,RB,Tulsa,Tulsa,Dominic Richardson,72.0,210.0,found
Jalen Berger,RB,UCLA,UCLA,Jalen Berger,73.0,215.0,found
Cam Porter,RB,Northwestern,Northwestern,Cam Porter,70.0,215.0,found
Max Klare,TE,Ohio State,Ohio State,Max Klare,77.0,243.0,found
Michael Trigg,TE,Baylor,Baylor,Michael Trigg,76.0,240.0,found
Justin Joly,TE,NC State,NC State,Justin Joly,75.0,251.0,found
Oscar Delp,TE,Georgia,Georgia,Oscar Delp,77.0,245.0,found
Nate Boerkircher,TE,Texas A&M,Texas A&M,Nate Boerkircher,76.0,250.0,found
Joe Royer,TE,Cincinnati,Cincinnati,Joe Royer,77.0,250.0,found
Dae'Quan Wright,TE,Mississippi,Ole Miss,Dae'Quan Wright,76.0,255.0,found
Lance Mason,TE,Wisconsin,Wisconsin,Lance Mason,,240.0,found
Toby Payne,TE,Marshall,Marshall,Toby Payne,76.0,232.0,found
Brett Norfleet,TE,Missouri,Missouri,Brett Norfleet,78.0,263.0,found
Cooper Flanagan,TE,Notre Dame,Notre Dame,Cooper Flanagan,78.0,258.0,found
Ethan Davis,TE,Tennessee,Tennessee,Ethan Davis,77.0,245.0,found
Andrew Rappleyea,TE,Penn State,Penn State,Andrew Rappleyea,76.0,251.0,found
Jaleel Skinner,TE,Louisville,Louisville,Jaleel Skinner,77.0,230.0,found
Benji Gosnell,TE,Virginia Tech,Virginia Tech,Benji Gosnell,77.0,254.0,found
Jack Pedersen,TE,UCLA,UCLA,Jack Pedersen,77.0,240.0,found
Luke Hasz,TE,Mississippi,Ole Miss,Luke Hasz,75.0,240.0,found
Joey Schlaffer,TE,Penn State,Penn State,Joey Schlaffer,77.0,252.0,found
Shamar Easter,TE,North Carolina,North Carolina,Shamar Easter,77.0,215.0,found
Max Bredeson,TE,Michigan,Michigan,Max Bredeson,74.0,250.0,found
Dan Villari,TE,Syracuse,Syracuse,Dan Villari,76.0,245.0,found
Seydou Traore,TE,Mississippi State,Mississippi State,Seydou Traore,76.0,235.0,found
Carsen Ryan,TE,BYU,BYU,Carsen Ryan,76.0,250.0,found
Khalil Dinkins,TE,Penn State,Penn State,Khalil Dinkins,76.0,251.0,found
Lake McRee,TE,USC,USC,Lake McRee,76.0,250.0,found
Tanner Arkin,TE,Illinois,Illinois,Tanner Arkin,76.0,265.0,found
DJ Rogers,TE,TCU,TCU,DJ Rogers,76.0,250.0,found
Jameson Geers,TE,Minnesota,Minnesota,Jameson Geers,77.0,250.0,found
Jack Velling,TE,Michigan State,Michigan State,Jack Velling,77.0,245.0,found
Davin Stoffel,TE,Illinois,Illinois,Davin Stoffel,78.0,260.0,found
Amari Niblack,TE,Texas A&M,Texas A&M,Amari Niblack,75.0,235.0,found
Holden Staes,TE,Indiana,Indiana,Holden Staes,76.0,248.0,found
Josh Kattus,TE,Kentucky,Kentucky,Josh Kattus,76.0,247.0,found
Ty Thompson,TE,Tulane,Tulane,Ty Thompson,76.0,224.0,found
Jerand Bradley,TE,Kansas State,Kansas State,Jerand Bradley,77.0,223.0,found
Chamon Metayer,TE,Arizona State,Arizona State,Chamon Metayer,76.0,255.0,found
Nate Rutchena,TE,UC Davis,UC Davis,Nate Rutchena,75.0,230.0,found
Carnell Tate,WR,Ohio State,Ohio State,Carnell Tate,75.0,195.0,found
Jordyn Tyson,WR,Arizona State,Arizona State,Jordyn Tyson,74.0,200.0,found
Makai Lemon,WR,USC,USC,Makai Lemon,71.0,195.0,found
Denzel Boston,WR,Washington,Washington,Denzel Boston,76.0,209.0,found
KC Concepcion,WR,Texas A&M,Texas A&M,KC Concepcion,71.0,190.0,found
Chris Bell,WR,Louisville,Louisville,Chris Bell,74.0,220.0,found
Chris Brazzell,WR,Tennessee,Tennessee,Chris Brazzell II,77.0,200.0,found
Elijah Sarratt,WR,Indiana,Indiana,Elijah Sarratt,74.0,209.0,found
Brenen Thompson,WR,Mississippi State,Mississippi State,Brenen Thompson,69.0,170.0,found
Josh Cameron,WR,Baylor,Baylor,Josh Cameron,73.0,224.0,found
C.J. Daniels,WR,Miami (FL),Miami,CJ Daniels,74.0,205.0,found
Eric McAlister,WR,TCU,TCU,Eric McAlister,75.0,205.0,found
Lewis Bond,WR,Boston College,Boston College,Lewis Bond,71.0,190.0,found
Barion Brown,WR,LSU,LSU,Barion Brown,71.0,185.0,found
Tyren Montgomery,WR,John Carroll,,,,,skipped
Aaron Anderson,WR,LSU,LSU,Aaron Anderson,68.0,188.0,found
Cyrus Allen,WR,Cincinnati,Cincinnati,Cyrus Allen,71.0,180.0,found
Amare Thomas,WR,Houston,Houston,Amare Thomas,72.0,205.0,found
Shelton Sampson Jr.,WR,Louisiana-Lafayette,Louisiana,Shelton Sampson Jr.,76.0,195.0,found
Anthony Evans III,WR,Mississippi State,Mississippi State,Anthony Evans III,71.0,180.0,found
Cody Jackson,WR,Tarleton State,,,,,skipped
Donaven McCulley,WR,Michigan,Michigan,Donaven McCulley,77.0,215.0,found
Mikey Matthews,WR,UCLA,UCLA,Mikey Matthews,69.0,180.0,found
Anthony Smith,WR,East Carolina,East Carolina,Anthony Smith,75.0,189.0,found
London Humphreys,WR,Georgia,Georgia,London Humphreys,74.0,200.0,found
Cordale Russell,WR,Miami (OH),Miami (OH),Cordale Russell,76.0,210.0,found
Brandon Inniss,WR,Ohio State,Ohio State,Brandon Inniss,72.0,199.0,found
Jalen Brown,WR,Arkansas,Arkansas,Jalen Brown,73.0,174.0,found
Hykeem Williams,WR,Colorado,Colorado,Hykeem Williams,74.0,220.0,found
Jaquaize Pettaway,WR,East Carolina,East Carolina,Jaquaize Pettaway,72.0,194.0,found
Tyler Brown,WR,Clemson,Clemson,Tyler Brown,71.0,185.0,found
Jordan Dwyer,WR,TCU,TCU,Jordan Dwyer,72.0,195.0,found
Griffin Wilde,WR,Northwestern,Northwestern,Griffin Wilde,74.0,200.0,found
Jaron Glover,WR,Mississippi State,Mississippi State,Jaron Glover,73.0,205.0,found
Talyn Shettron,WR,Oklahoma State,Oklahoma State,Talyn Shettron,74.0,195.0,found
Jaden Bray,WR,West Virginia,West Virginia,Jaden Bray,74.0,209.0,found
Andre Greene Jr.,WR,Virginia,Virginia,Andre Greene Jr.,74.0,202.0,found
Jayden McGowan,WR,Charlotte,Charlotte,Jayden McGowan,67.0,180.0,found
Kris Hutson,WR,Arizona,Arizona,Kris Hutson,71.0,174.0,found
Nick DeGennaro,WR,James Madison,James Madison,Nick DeGennaro,73.0,196.0,found
Dane Key,WR,Nebraska,Nebraska,Dane Key,75.0,210.0,found
Devin Voisin,WR,South Alabama,South Alabama,Devin Voisin,70.0,187.0,found
Hank Beatty,WR,Illinois,Illinois,Hank Beatty,71.0,185.0,found
Romello Brinson,WR,SMU,SMU,Romello Brinson,74.0,190.0,found
Jordan Hudson,WR,SMU,SMU,Jordan Hudson,73.0,200.0,found
Michael Wortham,WR,Montana,Montana,Michael Wortham,69.0,177.0,found
Colbie Young,WR,Georgia,Georgia,Colbie Young,75.0,215.0,found
Keelan Marion,WR,Miami (FL),Miami,Keelan Marion,72.0,195.0,found
Noah Thomas,WR,Georgia,Georgia,Noah Thomas,77.0,205.0,found
Harrison Wallace III,WR,Mississippi,Ole Miss,Harrison Wallace III,73.0,195.0,found
Squirrel White,WR,Florida State,Florida State,Squirrel White,70.0,170.0,found
Jalil Farooq,WR,Maryland,Maryland,Jalil Farooq,74.0,213.0,found
Trebor Pena,WR,Penn State,Penn State,Trebor Pena,70.0,186.0,found
Raymond Cottrell,WR,West Alabama,,,,,skipped
Ryan Niblett,WR,Texas,Texas,Ryan Niblett,70.0,187.0,found
Ayden Williams,WR,Mississippi State,Mississippi State,Ayden Williams,75.0,205.0,found
Braylon James,WR,TCU,TCU,Braylon James,74.0,190.0,found
Nathan Leacock,WR,North Carolina,North Carolina,Nathan Leacock,75.0,217.0,found
Tobias Merriweather,WR,Utah,Utah,Tobias Merriweather,77.0,195.0,found
Kyion Grayes,WR,California,California,Kyion Grayes,72.0,190.0,found
Kobe Prentice,WR,Baylor,Baylor,Kobe Prentice,71.0,190.0,found
C.J. Williams,WR,Stanford,Stanford,C.J. Williams,73.0,205.0,found
Antonio Gates Jr.,WR,Delaware State,,,,,skipped
Braylin Presley,WR,Tulsa,Tulsa,Braylin Presley,66.0,170.0,found
Kaleb Brown,WR,UAB,UAB,Kaleb Brown,70.0,200.0,found
Justus Ross-Simmons,WR,Syracuse,Syracuse,Justus Ross-Simmons,75.0,210.0,found
Christian Leary,WR,Western Michigan,Western Michigan,Christian Leary,70.0,180.0,found
Kyron Ware-Hudson,WR,Penn State,Penn State,Kyron Hudson,73.0,215.0,found
Deion Colzie,WR,Miami (OH),Miami (OH),Deion Colzie,76.0,211.0,found
Dacari Collins,WR,Louisville,Louisville,Dacari Collins,76.0,215.0,found
Malik McClain,WR,Arizona State,Arizona State,Malik McClain,77.0,205.0,found
JoJo Earle,WR,UNLV,UNLV,JoJo Earle,70.0,185.0,found
Jayden Ballard,WR,Wisconsin,Wisconsin,Jayden Ballard,74.0,205.0,found
Andrel Anthony,WR,Duke,Duke,Andrel Anthony,73.0,186.0,found
Joseph Manjack IV,WR,TCU,TCU,Joseph Manjack IV,75.0,205.0,found
Jayden Thomas,WR,Virginia,Virginia,Jayden Thomas,74.0,220.0,found
Rara Thomas,WR,Troy,Troy,Rara Thomas,74.0,208.0,found
Jared Brown,WR,South Carolina,South Carolina,Jared Brown,72.0,195.0,found
Max Tomczak,WR,Youngstown State,Youngstown State,Max Tomczak,72.0,195.0,found
E.J. Williams,WR,Indiana,Indiana,E.J. Williams Jr.,76.0,203.0,found
Ja'Mori Maclin,WR,Kentucky,Kentucky,Ja'Mori Maclin,71.0,191.0,found
Ja'Varrius Johnson,WR,UCF,UCF,Ja'Varrius Johnson,70.0,180.0,found
Donavon Greene,WR,Virginia Tech,Virginia Tech,Donavon Greene,74.0,196.0,found
