player_name,college,draft_year,draft_pick,draft_age,birthdate,source
Maxx Williams,Minnesota,2015,55,21.0,1994-04-12,nflverse
Clive Walford,Miami (FL),2015,68,23.0,1991-10-01,nflverse
Tyler Kroft,Rutgers,2015,85,22.0,1992-10-15,nflverse
Jeff Heuerman,Ohio St.,2015,92,22.0,1992-11-24,nflverse
Blake Bell,Oklahoma,2015,117,24.0,1991-08-07,nflverse
MyCole Pruitt,Southern Illinois,2015,143,23.0,1992-03-24,nflverse
C.J. Uzomah,Auburn,2015,157,22.0,1993-01-14,nflverse
Jesse James,Penn St.,2015,160,21.0,1994-06-04,nflverse
Nick Boyle,Delaware,2015,171,22.0,1993-02-17,nflverse
James O'Shaughnessy,Illinois St.,2015,173,23.0,1992-01-14,nflverse
Nick O'Leary,Florida St.,2015,194,23.0,1992-08-31,nflverse
Malcolm Johnson,Mississippi St.,2015,195,23.0,1992-08-11,nflverse
Randall Telfer,USC,2015,198,23.0,1992-05-16,nflverse
A.J. Derby,Arkansas,2015,202,23.0,1991-09-20,nflverse
Kennard Backman,Ala-Birmingham,2015,213,22.0,1993-02-26,nflverse
Ben Koyack,Notre Dame,2015,229,22.0,1993-04-09,nflverse
Geoff Swaim,Texas,2015,246,21.0,1993-09-16,nflverse
Rory Anderson,South Carolina,2015,254,22.0,1992-10-02,nflverse
Gerald Christian,Louisville,2015,256,24.0,1991-08-26,nflverse
Hunter Henry,Arkansas,2016,35,21.0,1994-12-07,nflverse
Austin Hooper,Stanford,2016,81,21.0,1994-10-29,nflverse
Nick Vannett,Ohio St.,2016,94,23.0,1993-03-06,nflverse
Tyler Higbee,Western Kentucky,2016,110,23.0,1993-01-01,nflverse
Seth Devalve,Princeton,2016,138,23.0,1993-01-29,nflverse
Temarrick Hemingway,South Carolina St.,2016,177,23.0,1993-07-30,nflverse
Jerell Adams,South Carolina,2016,184,23.0,1992-12-31,nflverse
David Morgan,Texas-San Antonio,2016,188,23.0,1993-05-19,nflverse
Rico Gathers,Baylor,2016,217,22.0,1994-01-07,nflverse
Thomas Duarte,UCLA,2016,231,21.0,1995-03-30,nflverse
Beau Sandland,Montana St.,2016,252,23.0,1993-02-23,nflverse
O.J. Howard,Alabama,2017,19,22.0,1994-11-18,nflverse
Evan Engram,Mississippi,2017,23,23.0,1994-09-02,nflverse
David Njoku,Miami (FL),2017,29,21.0,1996-07-10,nflverse
Gerald Everett,South Alabama,2017,44,23.0,1994-06-25,nflverse
Adam Shaheen,Ashland,2017,45,22.0,1994-10-24,nflverse
Jonnu Smith,Florida International,2017,100,22.0,1995-08-22,nflverse
Michael Roberts,Toledo,2017,127,23.0,1994-05-07,nflverse
Jake Butt,Michigan,2017,145,22.0,1995-07-11,nflverse
George Kittle,Iowa,2017,146,23.0,1993-10-09,nflverse
Jordan Leggett,Clemson,2017,150,22.0,1995-01-31,nflverse
Jeremy Sprinkle,Arkansas,2017,154,23.0,1994-08-10,nflverse
Eric Saubert,Drake,2017,174,23.0,1994-05-09,nflverse
Bucky Hodges,Virginia Tech,2017,201,22.0,1995-08-08,nflverse
Mason Schreck,Buffalo,2017,251,23.0,1993-11-04,nflverse
Hayden Hurst,South Carolina,2018,25,25.0,1993-08-24,nflverse
Mike Gesicki,Penn St.,2018,42,22.0,1995-10-03,nflverse
Dallas Goedert,South Dakota St.,2018,49,23.0,1995-01-03,nflverse
Mark Andrews,Oklahoma,2018,86,23.0,1995-09-06,nflverse
Jordan Akins,Central Florida,2018,98,26.0,1992-04-19,nflverse
Ian Thomas,Indiana,2018,101,22.0,1996-06-06,nflverse
Chris Herndon,Miami (FL),2018,107,22.0,1996-02-23,nflverse
Will Dissly,Washington,2018,120,22.0,1996-07-08,nflverse
Durham Smythe,Notre Dame,2018,123,23.0,1995-08-09,nflverse
Dalton Schultz,Stanford,2018,137,22.0,1996-07-11,nflverse
Troy Fumagalli,Wisconsin,2018,156,23.0,1995-02-17,nflverse
Tyler Conklin,Central Michigan,2018,157,23.0,1995-07-30,nflverse
Jaylen Samuels,North Carolina St.,2018,165,22.0,1996-07-20,nflverse
Jordan Thomas,Mississippi St.,2018,211,22.0,1996-08-02,nflverse
Ryan Izzo,Florida St.,2018,250,22.0,1995-12-21,nflverse
T.J. Hockenson,Iowa,2019,8,22.0,1997-07-03,nflverse
Noah Fant,Iowa,2019,20,21.0,1997-11-20,nflverse
Irv Smith Jr.,Alabama,2019,50,21.0,1998-08-09,nflverse
Drew Sample,Washington,2019,52,23.0,1996-04-16,nflverse
Josh Oliver,San Jose St.,2019,69,22.0,1997-03-21,nflverse
Jace Sternberger,Texas A&M,2019,75,23.0,1996-06-26,nflverse
Kahale Warring,San Diego St.,2019,86,22.0,1997-03-23,nflverse
Dawson Knox,Mississippi,2019,96,22.0,1996-11-14,nflverse
Trevon Wesco,West Virginia,2019,121,23.0,1995-09-12,nflverse
Foster Moreau,LSU,2019,137,22.0,1997-05-06,nflverse
Zach Gentry,Michigan,2019,141,22.0,1996-09-10,nflverse
Kaden Smith,Stanford,2019,176,22.0,1997-04-24,nflverse
Isaac Nauta,Georgia,2019,224,22.0,1997-05-21,nflverse
Tommy Sweeney,Boston Col.,2019,228,24.0,1995-07-01,nflverse
Alizé Mack,Notre Dame,2019,231,22.0,1997-03-29,nflverse
Caleb Wilson,UCLA,2019,254,23.0,1996-07-15,nflverse
Cole Kmet,Notre Dame,2020,43,21.0,1999-03-10,nflverse
Devin Asiasi,UCLA,2020,91,23.0,1997-08-14,nflverse
Josiah Deguara,Cincinnati,2020,94,23.0,1997-02-14,nflverse
Dalton Keene,Virginia Tech,2020,101,21.0,1999-04-14,nflverse
Adam Trautman,Dayton,2020,105,23.0,1997-02-05,nflverse
Harrison Bryant,Florida Atlantic,2020,115,22.0,1998-04-23,nflverse
Albert Okwuegbunam,Missouri,2020,118,22.0,1998-04-25,nflverse
Colby Parkinson,Stanford,2020,133,21.0,1999-01-07,nflverse
Brycen Hopkins,Purdue,2020,136,23.0,1997-03-27,nflverse
Charlie Woerner,Georgia,2020,190,22.0,1997-10-16,nflverse
Tyler Davis,Georgia Tech,2020,206,23.0,1997-04-02,nflverse
Stephen Sullivan,LSU,2020,251,23.0,1996-11-28,nflverse
Kyle Pitts,Florida,2021,4,20.0,2000-10-06,nflverse
Pat Freiermuth,Penn St.,2021,55,22.0,1998-10-25,nflverse
Hunter Long,Boston Col.,2021,81,23.0,1998-08-19,nflverse
Tommy Tremble,Notre Dame,2021,83,21.0,2000-06-02,nflverse
Tre' McKitty,Georgia,2021,97,22.0,1999-01-12,nflverse
John Bates,Boise St.,2021,124,23.0,1997-11-06,nflverse
Kylen Granson,SMU,2021,127,23.0,1998-03-27,nflverse
Luke Farrell,Ohio St.,2021,145,23.0,1997-10-14,nflverse
Brevin Jordan,Miami (FL),2021,147,21.0,2000-07-16,nflverse
Noah Gray,Duke,2021,162,22.0,1999-04-30,nflverse
Zach Davidson,Central Missouri St.,2021,168,23.0,1998-07-15,nflverse
Trey McBride,Colorado St.,2022,55,22.0,1999-11-22,nflverse
Jelani Woods,Virginia,2022,73,23.0,1998-10-09,nflverse
Greg Dulcich,UCLA,2022,80,22.0,2000-03-26,nflverse
Jeremy Ruckert,Ohio St.,2022,101,22.0,2000-08-11,nflverse
Cade Otton,Washington,2022,106,23.0,1999-04-15,nflverse
Daniel Bellinger,San Diego St.,2022,112,21.0,2000-09-22,nflverse
Charlie Kolar,Iowa St.,2022,128,23.0,1999-02-10,nflverse
Jake Ferguson,Wisconsin,2022,129,23.0,1999-01-18,nflverse
Isaiah Likely,Coastal Carolina,2022,139,22.0,2000-04-18,nflverse
Chigoziem Okonkwo,Maryland,2022,143,22.0,1999-09-08,nflverse
Cole Turner,Nevada,2022,149,22.0,2000-03-16,nflverse
Teagan Quitoriano,Oregon St.,2022,170,22.0,2000-03-15,nflverse
James Mitchell,Virginia Tech,2022,177,23.0,1999-08-11,nflverse
Andrew Ogletree,Youngstown St.,2022,192,24.0,1998-07-28,nflverse
Grant Calcaterra,SMU,2022,198,23.0,1998-12-04,nflverse
Connor Heyward,Michigan St.,2022,208,23.0,1999-01-22,nflverse
John FitzPatrick,Georgia,2022,213,22.0,2000-03-09,nflverse
Ko Kieft,Minnesota,2022,218,24.0,1998-01-20,nflverse
Nick Muse,South Carolina,2022,227,23.0,1998-11-25,nflverse
Dalton Kincaid,Utah,2023,25,23.0,1999-10-18,nflverse
Sam LaPorta,Iowa,2023,34,22.0,2001-01-12,nflverse
Michael Mayer,Notre Dame,2023,35,22.0,2001-07-06,nflverse
Luke Musgrave,Oregon St.,2023,42,23.0,2000-09-02,nflverse
Luke Schoonmaker,Michigan,2023,58,24.0,1998-09-28,nflverse
Brenton Strange,Penn St.,2023,61,22.0,2000-12-27,nflverse
Tucker Kraft,South Dakota St.,2023,78,22.0,2000-11-03,nflverse
Darnell Washington,Georgia,2023,93,22.0,2001-08-17,nflverse
Cameron Latu,Alabama,2023,101,23.0,2000-02-24,nflverse
Josh Whyle,Cincinnati,2023,147,23.0,1999-09-08,nflverse
Will Mallory,Miami (FL),2023,162,24.0,1999-06-22,nflverse
Payne Durham,Purdue,2023,171,23.0,2000-06-15,nflverse
Davis Allen,Clemson,2023,175,22.0,2001-02-03,nflverse
Zack Kuntz,Old Dominion,2023,220,24.0,1999-06-09,nflverse
Brayden Willis,Oklahoma,2023,247,23.0,1999-11-11,nflverse
Brock Bowers,Georgia,2024,13,21.0,2002-12-13,nflverse
Ben Sinnott,Kansas St.,2024,53,22.0,2002-06-14,nflverse
Tip Reiman,Illinois,2024,82,22.0,2001-09-17,nflverse
Ja'Tavion Sanders,Texas,2024,101,21.0,2003-03-27,nflverse
Theo Johnson,Penn St.,2024,107,23.0,2001-02-26,nflverse
Erick All,Iowa,2024,115,23.0,2000-09-13,nflverse
AJ Barner,Michigan,2024,121,22.0,2002-05-03,nflverse
Cade Stover,Ohio St.,2024,123,24.0,2000-06-12,nflverse
Jared Wiley,TCU,2024,131,23.0,2000-11-02,nflverse
Tanner McLachlan,Arizona,2024,194,25.0,1999-03-15,nflverse
Jaheim Bell,Florida St.,2024,231,23.0,2001-06-14,nflverse
Devin Culp,Washington,2024,246,24.0,2000-02-02,nflverse
Colston Loveland,Michigan,2025,10,21.0,2004-04-09,nflverse
Tyler Warren,Penn St.,2025,14,23.0,2002-05-24,nflverse
Mason Taylor,LSU,2025,42,21.0,2004-05-08,nflverse
Terrance Ferguson,Oregon,2025,46,22.0,2003-03-07,nflverse
Elijah Arroyo,Miami (FL),2025,50,22.0,2003-04-05,nflverse
Harold Fannin,Bowling Green,2025,67,21.0,2004-07-20,nflverse
Gunnar Helm,Texas,2025,120,23.0,2002-09-06,nflverse
Mitchell Evans,Notre Dame,2025,163,22.0,2003-03-18,nflverse
Oronde Gadsden II,Syracuse,2025,165,22.0,2003-06-25,nflverse
Jackson Hawes,Georgia Tech,2025,173,24.0,2000-12-06,nflverse
Robbie Ouzts,Alabama,2025,175,23.0,2002-09-06,nflverse
Gavin Bartholomew,Pittsburgh,2025,202,22.0,2003-04-30,nflverse
Thomas Fidone,Nebraska,2025,219,22.0,2002-09-20,nflverse
Caleb Lohner,Utah,2025,241,24.0,2001-10-01,nflverse
Moliki Matavao,UCLA,2025,248,22.0,2003-03-17,nflverse
Luke Lachey,Iowa,2025,255,24.0,2001-06-29,nflverse
