player_name,draft_year,pick,round,college,draft_age,early_declare,seasons_played,nfl_seasons_found,hit24,hit12,first_3yr_ppg,career_ppg,best_ppr,best_ppg,best_rank,ht,wt,forty,bench,vertical,broad_jump,cone,shuttle,breakout_age,peak_dominator,breakout_season,cfbd_rec_yards,cfbd_receptions,cfbd_team_pass_att,cfbd_rush_yards,cfbd_team_rec_yards,cfbd_matched,pff_player_game_count,pff_avg_depth_of_target,pff_avoided_tackles,pff_caught_percent,pff_contested_catch_rate,pff_contested_receptions,pff_contested_targets,pff_drop_rate,pff_drops,pff_first_downs,pff_fumbles,pff_grades_hands_drop,pff_grades_hands_fumble,pff_grades_offense,pff_grades_pass_block,pff_grades_pass_route,pff_inline_rate,pff_inline_snaps,pff_longest,pff_pass_block_rate,pff_pass_blocks,pff_pass_plays,pff_receptions,pff_route_rate,pff_routes,pff_slot_rate,pff_slot_snaps,pff_targeted_qb_rating,pff_targets,pff_touchdowns,pff_wide_rate,pff_wide_snaps,pff_yards,pff_yards_after_catch,pff_yards_after_catch_per_reception,pff_yards_per_reception,pff_yprr,pff_team_name,pff_matched,name_norm,te_ras
Maxx Williams,2015,55,2,Minnesota,21.0,1,10,7,0,0,4.65,4.072916667660078,64.8,5.890909090909091,41.0,6-4,249.0,4.78,17.0,34.5,117.0,7.3,4.37,19.0,36.80465717981889,2013.0,569.0,36.0,254.0,,,True,,,,,,,,,,,,,,,,,,,,,,,,,,,,,,,,,,,,,,,False,maxx williams,4.18
Clive Walford,2015,68,3,Miami (FL),23.0,0,10,4,0,0,5.077777777777778,5.077777777777778,86.9,5.793333333333334,32.0,6-4,251.0,4.79,20.0,35.0,120.0,7.32,4.57,22.0,23.903818953323903,2014.0,676.0,44.0,391.0,,,True,,,,,,,,,,,,,,,,,,,,,,,,,,,,,,,,,,,,,,,False,clive walford,4.17
Tyler Kroft,2015,85,3,Rutgers,22.0,1,10,8,1,0,6.425925925925926,5.47599998664856,124.4,8.293333333333333,16.0,6-5,246.0,4.75,17.0,,,,,,18.70714985308521,,269.0,24.0,357.0,,,True,,,,,,,,,,,,,,,,,,,,,,,,,,,,,,,,,,,,,,,False,tyler kroft,6.82
Jeff Heuerman,2015,92,3,Ohio St.,22.0,1,10,4,0,0,3.64375,4.729411764705882,71.1,7.109999999999999,32.0,6-5,254.0,4.81,26.0,,,,,,,,,,,,,False,,,,,,,,,,,,,,,,,,,,,,,,,,,,,,,,,,,,,,,False,jeff heuerman,9.17
Blake Bell,2015,117,4,Oklahoma,24.0,0,10,9,0,0,3.0733333333333333,2.098360653392604,33.6,3.733333333333333,59.0,6-6,252.0,4.8,14.0,33.0,116.0,6.85,4.32,,8.087679516250946,,214.0,16.0,386.0,4.0,,True,,,,,,,,,,,,,,,,,,,,,,,,,,,,,,,,,,,,,,,False,blake bell,6.27
MyCole Pruitt,2015,143,5,Southern Illinois,23.0,0,10,9,0,0,1.89,3.6310344724819577,55.0,5.5,43.0,6-2,251.0,4.58,17.0,38.0,118.0,7.25,4.37,20.0,68.75,2012.0,136.0,10.0,,,,True,,,,,,,,,,,,,,,,,,,,,,,,,,,,,,,,,,,,,,,False,mycole pruitt,7.55
C.J. Uzomah,2015,157,5,Auburn,22.0,1,10,9,1,0,4.682352941176471,5.5802469335956335,128.30000162124634,8.018750101327896,19.0,,,,,,,,,,7.237892496008515,,145.0,11.0,332.0,1.0,,True,,,,,,,,,,,,,,,,,,,,,,,,,,,,,,,,,,,,,,,False,cj uzomah,8.61
Jesse James,2015,160,5,Penn St.,21.0,1,10,7,1,0,6.3,4.962318841961847,98.2,7.014285714285714,23.0,6-7,261.0,4.83,26.0,37.5,121.0,7.53,4.5,,,,,,,,,False,,,,,,,,,,,,,,,,,,,,,,,,,,,,,,,,,,,,,,,False,jesse james,7.08
Nick Boyle,2015,171,5,Delaware,22.0,1,10,7,0,0,3.7217391304347824,4.106779668290736,75.1,5.006666666666666,37.0,6-4,268.0,5.04,20.0,30.5,112.0,7.13,4.23,20.0,31.333333333333336,2013.0,,,,,,False,,,,,,,,,,,,,,,,,,,,,,,,,,,,,,,,,,,,,,,False,nick boyle,3.65
James O'Shaughnessy,2015,173,5,Illinois St.,23.0,0,10,7,0,0,2.492857142857143,3.7734693906745136,54.200000286102295,7.199999979564121,47.0,,,,,,,,,,,,,,,,,False,,,,,,,,,,,,,,,,,,,,,,,,,,,,,,,,,,,,,,,False,james oshaughnessy,7.6
Nick O'Leary,2015,194,6,Florida St.,23.0,0,10,5,0,0,3.7652173913043474,3.758064516129033,64.2,4.938461538461539,34.0,6-3,252.0,4.93,21.0,30.5,110.0,7.4,4.5,,,,,,,,,False,,,,,,,,,,,,,,,,,,,,,,,,,,,,,,,,,,,,,,,False,nick oleary,1.65
Malcolm Johnson,2015,195,6,Mississippi St.,23.0,0,10,0,0,0,,,0.0,0.0,999.0,,,,,,,,,,,,,,,,,False,,,,,,,,,,,,,,,,,,,,,,,,,,,,,,,,,,,,,,,False,malcolm johnson,
Randall Telfer,2015,198,6,USC,23.0,0,10,2,0,0,,,6.6,0.0,98.0,6-4,250.0,4.83,20.0,,,,,,7.733711048158639,,197.0,21.0,460.0,,,True,,,,,,,,,,,,,,,,,,,,,,,,,,,,,,,,,,,,,,,False,randall telfer,
A.J. Derby,2015,202,6,Arkansas,23.0,0,10,3,0,0,5.023529411764706,5.023529411764706,55.4,5.036363636363636,42.0,6-4,255.0,4.72,15.0,,,,,,,,,,359.0,,,False,,,,,,,,,,,,,,,,,,,,,,,,,,,,,,,,,,,,,,,False,aj derby,6.02
Kennard Backman,2015,213,6,Ala-Birmingham,22.0,1,10,0,0,0,,,0.0,0.0,999.0,,,,,,,,,,,,,,,,,False,,,,,,,,,,,,,,,,,,,,,,,,,,,,,,,,,,,,,,,False,kennard backman,5.97
Ben Koyack,2015,229,7,Notre Dame,22.0,1,10,3,0,0,3.4600000000000004,3.4600000000000004,41.1,4.566666666666666,50.0,6-5,255.0,4.79,,,,,,,12.11310661062285,,317.0,30.0,463.0,,,True,,,,,,,,,,,,,,,,,,,,,,,,,,,,,,,,,,,,,,,False,ben koyack,4.65
Geoff Swaim,2015,246,7,Texas,21.0,1,10,10,0,0,2.15,3.751666644016902,69.99999904632568,7.025,32.0,,,,,,,,,,2.693343593689881,,70.0,10.0,418.0,,,True,,,,,,,,,,,,,,,,,,,,,,,,,,,,,,,,,,,,,,,False,geoff swaim,7.62
Rory Anderson,2015,254,7,South Carolina,22.0,1,10,0,0,0,,,0.0,0.0,999.0,6-5,244.0,4.73,,,,,,,8.75605815831987,,260.0,22.0,468.0,,,True,,,,,,,,,,,,,,,,,,,,,,,,,,,,,,,,,,,,,,,False,rory anderson,
Gerald Christian,2015,256,7,Louisville,24.0,0,10,1,0,0,,,2.4,0.0,108.0,6-3,244.0,4.87,28.0,,,7.62,4.7,,11.57672595719023,,384.0,32.0,428.0,,,True,,,,,,,,,,,,,,,,,,,,,,,,,,,,,,,,,,,,,,,False,gerald christian,0.59
Hunter Henry,2016,35,2,Arkansas,21.0,1,9,9,1,1,10.268000000000002,9.802325605606848,178.8,12.516666666666666,9.0,6-5,250.0,4.79,13.0,,,,,18.0,23.960765997197573,2013.0,739.0,51.0,374.0,,,True,13.0,11.4,4.0,69.9,,0.0,0.0,0.0,0.0,38.0,1.0,92.6,74.0,92.4,76.9,91.6,69.6,282.0,51.0,19.3,78.0,405.0,51.0,78.8,319.0,28.6,116.0,105.6,73.0,3.0,0.0,0.0,754.0,240.0,4.7,14.8,2.36,ARKANSAS,True,hunter henry,6.32
Austin Hooper,2016,81,3,Stanford,21.0,1,9,10,1,1,8.062790697674417,7.197959179618732,191.7,14.746153846153844,6.0,6-4,254.0,4.72,19.0,33.0,117.0,7.0,4.32,,16.700133868808567,,438.0,34.0,318.0,,,True,14.0,10.7,1.0,63.0,,0.0,0.0,12.8,5.0,24.0,0.0,53.3,72.2,77.1,57.8,68.3,35.3,108.0,42.0,3.9,12.0,306.0,34.0,90.2,276.0,58.2,178.0,102.2,54.0,6.0,5.9,18.0,438.0,130.0,3.8,12.9,1.59,STANFORD,True,austin hooper,8.15
Nick Vannett,2016,94,3,Ohio St.,23.0,0,9,9,0,0,4.534782608695653,3.700000012372479,73.9,4.926666666666667,31.0,6-6,257.0,4.76,17.0,30.5,111.0,7.05,4.2,,,,,,,,,False,13.0,7.3,1.0,67.9,,0.0,0.0,5.0,1.0,9.0,0.0,73.6,70.1,67.5,56.8,54.6,50.7,154.0,26.0,26.3,80.0,304.0,19.0,71.7,218.0,36.5,111.0,43.2,28.0,0.0,4.3,13.0,162.0,59.0,3.1,8.5,0.74,OHIO STATE,True,nick vannett,5.68
Tyler Higbee,2016,110,4,Western Kentucky,23.0,0,9,10,1,1,3.876923076923077,7.466666679653695,160.4,11.457142857142856,6.0,6-6,249.0,4.77,,,,,,,10.804068317021684,,563.0,38.0,554.0,,,True,9.0,9.5,10.0,79.2,,0.0,0.0,5.0,2.0,30.0,1.0,77.1,38.8,87.1,72.1,84.0,57.0,172.0,65.0,16.9,51.0,302.0,38.0,80.8,244.0,36.1,109.0,155.0,48.0,8.0,1.3,4.0,562.0,251.0,6.6,14.8,2.3,W KENTUCKY,True,tyler higbee,
Seth Devalve,2016,138,4,Princeton,23.0,0,9,5,0,0,4.633333333333334,4.425806451612903,76.5,4.78125,32.0,,,,,,,,,,,,,,,,,False,,,,,,,,,,,,,,,,,,,,,,,,,,,,,,,,,,,,,,,False,seth devalve,8.96
Temarrick Hemingway,2016,177,6,South Carolina St.,23.0,0,9,1,0,0,,,2.0,0.0,114.0,6-5,244.0,4.71,18.0,30.5,115.0,6.88,4.31,,,,,,,,,False,,,,,,,,,,,,,,,,,,,,,,,,,,,,,,,,,,,,,,,False,temarrick hemingway,6.98
Jerell Adams,2016,184,6,South Carolina,23.0,0,9,2,0,0,3.426666666666667,3.426666666666667,34.2,3.8,58.0,6-5,247.0,4.64,,32.5,117.0,7.05,4.31,,16.907630522088354,,421.0,28.0,351.0,,,True,12.0,9.9,10.0,52.8,,0.0,0.0,15.2,5.0,21.0,1.0,47.1,27.1,80.6,68.2,64.7,47.0,166.0,36.0,18.4,65.0,353.0,28.0,79.0,279.0,51.0,180.0,82.4,53.0,3.0,1.7,6.0,421.0,209.0,7.5,15.0,1.51,S CAROLINA,True,jerell adams,8.36
David Morgan,2016,188,6,Texas-San Antonio,23.0,0,9,3,0,0,3.642857142857143,3.642857142857143,25.5,3.642857142857143,70.0,6-4,262.0,,,,,,,,,,,,,,,False,12.0,9.9,4.0,60.0,,0.0,0.0,4.3,2.0,33.0,0.0,80.2,73.4,92.5,75.2,80.8,44.7,194.0,32.0,17.7,77.0,434.0,45.0,78.6,341.0,39.4,171.0,95.7,75.0,4.0,15.0,65.0,566.0,192.0,4.3,12.6,1.66,UTSA,True,david morgan,5.3
Rico Gathers,2016,217,6,Baylor,22.0,1,9,1,0,0,1.25,1.25,7.5,1.25,103.0,,,,,,,,,,,,,,389.0,,,False,,,,,,,,,,,,,,,,,,,,,,,,,,,,,,,,,,,,,,,False,rico gathers,7.08
Thomas Duarte,2016,231,7,UCLA,21.0,1,9,0,0,0,,,0.0,0.0,999.0,6-2,231.0,4.72,12.0,33.5,118.0,6.97,4.24,20.0,24.93565913640263,2015.0,872.0,53.0,510.0,,,True,,,,,,,,,,,,,,,,,,,,,,,,,,,,,,,,,,,,,,,False,thomas duarte,6.23
Beau Sandland,2016,252,7,Montana St.,23.0,0,9,0,0,0,,,0.0,0.0,999.0,6-4,253.0,4.74,23.0,35.0,124.0,7.1,4.33,,,,,,,,,False,,,,,,,,,,,,,,,,,,,,,,,,,,,,,,,,,,,,,,,False,beau sandland,8.73
O.J. Howard,2017,19,1,Alabama,22.0,1,8,6,1,0,8.731428571428571,6.829090898253701,120.5,12.05,15.0,6-6,251.0,4.51,22.0,30.0,121.0,6.85,4.16,,18.864933417882053,,595.0,45.0,417.0,,,True,15.0,8.7,3.0,80.4,,0.0,0.0,4.3,2.0,24.0,0.0,80.2,73.4,78.8,74.9,69.1,62.9,254.0,68.0,16.8,68.0,404.0,45.0,81.4,329.0,26.5,107.0,113.9,56.0,3.0,8.4,34.0,595.0,329.0,7.3,13.2,1.81,ALABAMA,True,oj howard,9.77
Evan Engram,2017,23,1,Mississippi,23.0,0,8,9,1,1,12.038235294117646,10.099193545503,230.3,13.675,2.0,6-3,234.0,4.42,19.0,36.0,125.0,6.92,4.23,,,,,,,,,False,11.0,9.0,7.0,70.7,,0.0,0.0,8.5,6.0,37.0,0.0,67.6,74.9,82.1,57.3,80.5,30.2,139.0,63.0,18.9,87.0,461.0,65.0,77.4,357.0,59.7,275.0,127.4,92.0,8.0,0.4,2.0,926.0,402.0,6.2,14.2,2.59,OLE MISS,True,evan engram,9.11
David Njoku,2017,29,1,Miami (FL),21.0,1,8,9,1,1,7.6967741935483875,8.958715599392532,201.2,13.5,6.0,6-4,246.0,4.64,21.0,37.5,133.0,6.97,4.34,,19.58473625140292,,698.0,43.0,426.0,,,True,13.0,8.1,15.0,62.3,,0.0,0.0,10.4,5.0,27.0,0.0,61.2,73.3,76.7,72.1,76.3,33.8,114.0,76.0,8.3,28.0,337.0,43.0,88.4,298.0,64.7,218.0,134.8,69.0,8.0,1.5,5.0,698.0,483.0,11.2,16.2,2.34,MIAMI FL,True,david njoku,9.32
Gerald Everett,2017,44,2,South Alabama,23.0,0,8,8,1,1,5.702500000000001,6.431192641848818,139.5,9.3,12.0,6-3,239.0,4.62,22.0,37.5,126.0,6.99,4.33,21.0,24.01837928153717,2015.0,717.0,49.0,415.0,,,True,13.0,8.6,24.0,65.3,,0.0,0.0,9.3,5.0,28.0,1.0,60.4,45.7,77.0,69.2,77.0,42.1,157.0,79.0,12.6,47.0,373.0,49.0,83.4,311.0,56.6,211.0,97.8,75.0,4.0,0.0,0.0,722.0,445.0,9.1,14.7,2.32,S ALABAMA,True,gerald everett,8.98
Adam Shaheen,2017,45,2,Ashland,22.0,1,8,5,0,0,4.7,3.912121230183225,45.00000035762787,7.116666666666667,51.0,6-6,278.0,4.79,24.0,32.5,121.0,7.09,4.38,,,,867.0,57.0,328.0,,,True,,,,,,,,,,,,,,,,,,,,,,,,,,,,,,,,,,,,,,,False,adam shaheen,8.67
Jonnu Smith,2017,100,3,Florida International,22.0,1,8,9,1,1,5.492307692307692,7.019379843297855,222.3,13.076470588235296,4.0,6-3,248.0,4.62,22.0,38.0,127.0,,4.18,18.0,35.21825396825397,2013.0,506.0,42.0,407.0,5.0,,True,11.0,7.4,11.0,60.0,,0.0,0.0,17.6,9.0,27.0,0.0,44.5,73.7,62.8,77.3,63.3,63.8,272.0,40.0,11.5,49.0,426.0,42.0,83.6,356.0,32.9,140.0,71.5,70.0,4.0,0.7,3.0,506.0,294.0,7.0,12.0,1.42,FIU,True,jonnu smith,8.29
Michael Roberts,2017,127,4,Toledo,23.0,0,8,2,0,0,5.285714285714286,5.285714285714286,37.0,5.285714285714286,59.0,6-4,270.0,4.86,,30.0,110.0,7.05,4.51,,12.702573879885607,,533.0,45.0,423.0,,,True,13.0,11.3,4.0,70.3,,0.0,0.0,6.3,3.0,35.0,0.0,74.6,73.5,78.7,75.2,77.2,40.3,181.0,41.0,15.6,70.0,449.0,45.0,80.6,362.0,44.1,198.0,121.9,64.0,16.0,3.8,17.0,533.0,161.0,3.6,11.8,1.47,TOLEDO,True,michael roberts,5.23
Jake Butt,2017,145,5,Michigan,22.0,1,8,2,0,0,,,16.5,0.0,81.0,6-5,246.0,,,,,,,20.0,21.16504854368932,2015.0,546.0,46.0,370.0,,,True,13.0,7.2,6.0,69.7,,0.0,0.0,9.8,5.0,31.0,1.0,62.4,43.2,84.2,52.2,85.9,79.0,252.0,37.0,11.3,36.0,319.0,46.0,86.2,275.0,16.0,51.0,102.2,66.0,4.0,4.4,14.0,546.0,294.0,6.4,11.9,1.99,MICHIGAN,True,jake butt,
George Kittle,2017,146,5,Iowa,23.0,0,8,9,1,1,13.06,13.811290285279672,258.7,16.16875,2.0,6-4,247.0,4.52,18.0,35.0,132.0,,,,15.770969362129584,,314.0,22.0,310.0,,,True,11.0,7.8,4.0,61.1,0.0,0.0,2.0,12.0,3.0,12.0,1.0,57.5,27.7,78.6,72.9,63.8,60.4,163.0,46.0,18.1,49.0,270.0,22.0,80.4,217.0,38.5,104.0,114.2,36.0,4.0,0.7,2.0,309.0,150.0,6.8,14.0,1.42,IOWA,True,george kittle,9.52
Jordan Leggett,2017,150,5,Clemson,22.0,1,8,1,0,0,2.415384615384616,2.415384615384616,31.4,2.415384615384616,66.0,6-5,258.0,,18.0,33.0,114.0,7.12,4.33,,14.693551607107208,,736.0,46.0,629.0,,,True,15.0,10.5,4.0,68.7,,0.0,0.0,6.1,3.0,33.0,1.0,75.2,44.2,67.5,62.4,65.8,33.4,192.0,56.0,12.0,69.0,575.0,46.0,83.3,479.0,61.2,352.0,127.5,67.0,7.0,4.9,28.0,736.0,340.0,7.4,16.0,1.54,CLEMSON,True,jordan leggett,7.9
Jeremy Sprinkle,2017,154,5,Arkansas,23.0,0,8,5,0,0,3.74,3.74,56.1,3.74,43.0,6-5,252.0,4.69,,29.0,116.0,,,,11.158921399885257,,380.0,33.0,406.0,,,True,12.0,9.1,0.0,61.1,,0.0,0.0,5.7,2.0,20.0,0.0,74.1,72.1,74.6,54.1,73.7,79.7,349.0,31.0,19.9,87.0,438.0,33.0,75.1,329.0,17.4,76.0,99.5,54.0,4.0,2.1,9.0,382.0,177.0,5.4,11.6,1.16,ARKANSAS,True,jeremy sprinkle,5.66
Eric Saubert,2017,174,5,Drake,23.0,0,8,8,0,0,,3.123076929495885,35.8,3.3375,59.0,6-5,253.0,,22.0,33.0,121.0,,,,,,,,,,,False,,,,,,,,,,,,,,,,,,,,,,,,,,,,,,,,,,,,,,,False,eric saubert,7.7
Bucky Hodges,2017,201,6,Virginia Tech,22.0,1,8,0,0,0,,,0.0,0.0,999.0,6-6,257.0,4.57,18.0,39.0,134.0,,4.45,,18.848881614839065,,691.0,48.0,449.0,42.0,,True,,,,,,,,,,,,,,,,,,,,,,,,,,,,,,,,,,,,,,,False,bucky hodges,9.76
Mason Schreck,2017,251,7,Buffalo,23.0,0,8,2,0,0,,,2.6,0.0,108.0,,,,,,,,,22.0,27.05735660847881,2016.0,651.0,59.0,397.0,,,True,12.0,8.5,4.0,64.8,,0.0,0.0,7.8,5.0,33.0,0.0,69.3,74.5,72.7,63.5,70.9,33.3,145.0,75.0,11.5,50.0,435.0,59.0,85.3,371.0,62.8,273.0,86.8,91.0,4.0,1.4,6.0,651.0,269.0,4.6,11.0,1.75,BUFFALO,True,mason schreck,7.87
Hayden Hurst,2018,25,1,South Carolina,25.0,0,7,7,1,1,6.373170761364262,5.957317099920133,149.10000121593475,9.318750075995922,11.0,6-4,250.0,4.67,,31.5,120.0,7.19,4.37,23.0,22.23024178996752,2016.0,559.0,44.0,397.0,30.0,,True,13.0,8.8,7.0,67.7,55.6,5.0,9.0,0.0,0.0,22.0,0.0,91.4,75.7,64.2,63.5,66.4,41.9,197.0,62.0,12.1,57.0,470.0,44.0,83.8,394.0,53.8,253.0,78.9,65.0,2.0,3.4,16.0,559.0,288.0,6.5,12.7,1.42,S CAROLINA,True,hayden hurst,7.57
Mike Gesicki,2018,42,2,Penn St.,22.0,1,7,8,1,1,7.624999977241862,7.242148763877301,165.00000143051147,10.6199999332428,7.0,6-5,247.0,4.54,22.0,41.5,129.0,6.76,4.1,,,,,,,,,False,13.0,9.0,7.0,72.2,75.0,9.0,12.0,5.0,3.0,32.0,0.0,78.9,74.3,75.2,71.5,77.3,58.5,248.0,35.0,10.4,44.0,424.0,57.0,87.7,372.0,40.6,172.0,108.8,79.0,9.0,0.7,3.0,563.0,263.0,4.6,9.9,1.51,PENN STATE,True,mike gesicki,9.97
Dallas Goedert,2018,49,2,South Dakota St.,23.0,0,7,8,1,1,8.787500056028367,10.214150978034398,185.1,12.34,7.0,6-5,256.0,,23.0,,,,,,,,1111.0,72.0,455.0,,,True,,,,,,,,,,,,,,,,,,,,,,,,,,,,,,,,,,,,,,,False,dallas goedert,9.5
Mark Andrews,2018,86,3,Oklahoma,23.0,0,7,8,1,1,10.766666696336534,11.828925602495175,301.09999656677246,17.711764503927792,1.0,6-5,256.0,4.67,17.0,31.0,113.0,7.34,4.38,,18.91411648568608,,958.0,62.0,433.0,,,True,14.0,12.9,8.0,70.5,59.1,13.0,22.0,4.6,3.0,47.0,3.0,81.2,23.0,80.4,76.2,81.4,9.5,37.0,59.0,2.8,11.0,389.0,62.0,93.8,365.0,80.7,314.0,122.3,88.0,8.0,9.3,36.0,959.0,286.0,4.6,15.5,2.63,OKLAHOMA,True,mark andrews,7.28
Jordan Akins,2018,98,3,Central Florida,26.0,0,7,7,1,0,5.071428573273478,5.004081638795989,116.5,7.766666666666667,17.0,6-3,249.0,,,,,,,,,,,,,,,False,12.0,11.9,4.0,65.3,30.0,3.0,10.0,3.0,1.0,23.0,1.0,90.0,34.1,77.1,72.0,79.2,52.0,167.0,48.0,13.1,42.0,321.0,32.0,82.9,266.0,44.2,142.0,101.8,49.0,4.0,2.2,7.0,513.0,235.0,7.3,16.0,1.93,UCF,True,jordan akins,6.91
Ian Thomas,2018,101,4,Indiana,22.0,1,7,8,0,0,4.91875,3.697260276585409,81.30000000000001,8.13,25.0,6-4,259.0,4.74,,36.0,123.0,7.15,4.2,,11.794228356336262,,376.0,25.0,502.0,,,True,10.0,8.0,0.0,73.5,0.0,0.0,1.0,3.8,1.0,14.0,0.0,77.8,71.1,62.7,66.8,65.9,37.3,103.0,71.0,15.6,43.0,276.0,25.0,80.4,222.0,57.2,158.0,148.4,34.0,5.0,1.8,5.0,371.0,228.0,9.1,14.8,1.67,INDIANA,True,ian thomas,9.31
Chris Herndon,2018,107,4,Miami (FL),22.0,1,7,4,1,0,7.475999942302703,7.475999942302703,113.2,8.085714285714285,17.0,6-4,253.0,,21.0,,,,,,,,,,425.0,,,False,11.0,3.7,9.0,75.5,55.6,5.0,9.0,7.0,3.0,20.0,0.0,71.0,72.9,69.8,78.8,66.2,47.7,178.0,51.0,17.2,64.0,373.0,40.0,79.1,295.0,49.3,184.0,127.6,53.0,4.0,0.5,2.0,477.0,371.0,9.3,11.9,1.62,MIAMI FL,True,chris herndon,4.96
Will Dissly,2018,120,4,Washington,22.0,1,7,8,1,0,6.749999989271164,5.402439023517981,110.1,12.316666666666668,23.0,6-4,262.0,4.87,15.0,28.0,111.0,7.07,4.4,,9.753557792433185,,281.0,20.0,348.0,,,True,13.0,7.3,5.0,75.0,25.0,1.0,4.0,0.0,0.0,12.0,0.0,86.3,70.4,82.6,76.9,70.0,63.3,188.0,52.0,25.9,77.0,297.0,21.0,69.7,207.0,27.6,82.0,131.4,28.0,2.0,2.4,7.0,289.0,147.0,7.0,13.8,1.4,WASHINGTON,True,will dissly,3.78
Durham Smythe,2018,123,4,Notre Dame,23.0,0,7,8,0,0,3.0851851834191217,3.4899999815225606,71.60000000000001,5.5076923076923086,33.0,6-5,253.0,4.81,18.0,31.0,110.0,7.17,4.23,,10.485603781693168,,244.0,15.0,351.0,,,True,13.0,13.4,0.0,57.7,33.3,2.0,6.0,11.8,2.0,13.0,0.0,57.3,70.0,64.3,60.5,63.1,63.0,182.0,33.0,16.6,48.0,289.0,15.0,79.6,230.0,21.1,61.0,70.0,26.0,1.0,2.8,8.0,244.0,77.0,5.1,16.3,1.06,NOTRE DAME,True,durham smythe,6.19
Dalton Schultz,2018,137,4,Stanford,22.0,1,7,8,1,1,7.395652158364006,9.307692307233811,208.80000030994407,12.28235295940848,3.0,6-5,244.0,4.75,15.0,32.0,120.0,7.0,4.4,,10.797665369649806,,212.0,22.0,363.0,,,True,13.0,7.3,4.0,68.8,40.0,4.0,10.0,0.0,0.0,10.0,1.0,87.0,27.7,62.1,71.4,56.3,61.9,211.0,28.0,23.2,79.0,341.0,22.0,73.3,250.0,31.4,107.0,117.2,32.0,3.0,0.6,2.0,204.0,70.0,3.2,9.3,0.82,STANFORD,True,dalton schultz,7.09
Troy Fumagalli,2018,156,5,Wisconsin,23.0,0,7,2,0,0,2.907692326032198,2.907692326032198,22.00000023841858,3.14285717691694,75.0,6-5,247.0,,14.0,,,,,21.0,23.135221380135626,2016.0,547.0,46.0,325.0,,,True,13.0,9.6,0.0,63.0,42.9,9.0,21.0,6.1,3.0,29.0,0.0,74.5,73.5,75.6,62.4,81.3,60.6,200.0,44.0,7.9,26.0,330.0,46.0,88.5,292.0,36.4,120.0,75.5,73.0,4.0,3.0,10.0,547.0,159.0,3.5,11.9,1.87,WISCONSIN,True,troy fumagalli,
Tyler Conklin,2018,157,5,Central Michigan,23.0,0,7,8,1,0,6.342857088361468,7.206250006556511,138.3000009059906,8.135294170940623,15.0,6-3,254.0,4.8,18.0,38.0,120.0,7.13,4.23,,15.60323209807746,,504.0,35.0,469.0,,,True,8.0,11.4,2.0,50.7,47.4,9.0,19.0,14.6,6.0,23.0,1.0,54.3,35.8,67.0,41.0,68.8,28.1,81.0,42.0,1.7,5.0,288.0,35.0,93.4,269.0,22.9,66.0,68.8,69.0,5.0,49.0,141.0,504.0,173.0,4.9,14.4,1.87,C MICHIGAN,True,tyler conklin,7.68
Jaylen Samuels,2018,165,5,North Carolina St.,22.0,1,7,0,0,0,,,0.0,0.0,999.0,5-11,225.0,4.54,18.0,34.5,121.0,6.93,4.28,,,,,,,,,False,13.0,3.4,11.0,77.1,30.0,3.0,10.0,9.8,8.0,31.0,1.0,63.8,63.2,68.6,64.3,65.5,11.5,50.0,79.0,1.8,8.0,434.0,74.0,92.9,403.0,75.3,327.0,101.6,96.0,4.0,4.8,21.0,593.0,507.0,6.9,8.0,1.47,NC STATE,True,jaylen samuels,7.91
Jordan Thomas,2018,211,6,Mississippi St.,22.0,1,7,3,0,0,4.678571428571429,4.678571428571429,65.5,4.678571428571429,33.0,6-5,265.0,4.74,16.0,27.0,111.0,7.5,4.75,,,,,,,,,False,13.0,13.4,4.0,52.4,46.2,6.0,13.0,15.4,4.0,13.0,1.0,47.1,27.3,62.5,70.3,63.3,14.0,22.0,29.0,3.8,6.0,157.0,22.0,90.4,142.0,23.6,37.0,75.8,42.0,3.0,62.4,98.0,263.0,94.0,4.3,12.0,1.85,MISS STATE,True,jordan thomas,3.91
Ryan Izzo,2018,250,7,Florida St.,22.0,1,7,2,0,0,3.09000004529953,3.09000004529953,30.9000004529953,3.09000004529953,64.0,6-5,256.0,4.94,18.0,33.0,110.0,7.15,4.43,,,,,,,,,False,13.0,9.7,2.0,57.1,16.7,1.0,6.0,9.1,2.0,18.0,0.0,63.6,70.2,66.0,65.0,60.6,80.5,302.0,60.0,16.0,60.0,375.0,20.0,80.0,300.0,16.3,61.0,92.3,35.0,3.0,3.2,12.0,318.0,135.0,6.8,15.9,1.06,FLORIDA ST,True,ryan izzo,4.5
T.J. Hockenson,2019,8,1,Iowa,22.0,1,6,7,1,1,10.0324999499321,10.670103072136948,219.0,14.6,2.0,6-5,251.0,4.7,17.0,37.5,123.0,7.02,4.18,21.0,25.69373072970195,2018.0,750.0,49.0,407.0,4.0,,True,13.0,10.5,8.0,76.6,54.5,6.0,11.0,2.0,1.0,36.0,1.0,87.7,46.0,90.0,54.4,90.8,64.5,263.0,54.0,13.2,54.0,408.0,49.0,82.6,337.0,28.7,117.0,139.1,64.0,6.0,3.4,14.0,744.0,357.0,7.3,15.2,2.21,IOWA,True,tj hockenson,9.19
Noah Fant,2019,20,1,Iowa,21.0,1,6,7,1,1,9.11521743691486,7.69326925094311,159.0000011920929,10.664285778999329,9.0,6-4,249.0,4.5,20.0,39.5,127.0,6.81,4.22,,19.97573797007683,,518.0,39.0,407.0,1.0,,True,12.0,9.8,2.0,65.0,33.3,1.0,3.0,9.3,4.0,29.0,0.0,63.9,73.1,77.3,73.8,80.6,52.7,139.0,65.0,4.5,12.0,264.0,39.0,91.3,241.0,42.0,111.0,131.2,60.0,7.0,2.7,7.0,519.0,266.0,6.8,13.3,2.15,IOWA,True,noah fant,9.89
Irv Smith Jr.,2019,50,2,Alabama,21.0,1,6,4,1,0,6.830769148239723,6.19302320591239,98.4999978542328,8.2083331545194,23.0,6-2,242.0,4.63,19.0,32.5,110.0,7.32,4.33,,14.597039473684212,,710.0,44.0,438.0,,,True,15.0,10.3,9.0,77.2,75.0,6.0,8.0,8.3,4.0,28.0,2.0,68.3,25.5,81.2,62.5,86.9,60.0,183.0,76.0,8.2,25.0,305.0,44.0,90.5,276.0,32.1,98.0,157.7,57.0,7.0,6.2,19.0,707.0,360.0,8.2,16.1,2.56,ALABAMA,True,irv smith,4.78
Drew Sample,2019,52,2,Washington,23.0,0,6,7,0,0,4.083333308498065,3.61166665673256,78.8999992609024,4.9312499538064,31.0,6-5,255.0,4.71,,33.5,115.0,7.15,4.31,,7.404049561801148,,245.0,24.0,405.0,,,True,14.0,8.1,1.0,71.4,66.7,4.0,6.0,0.0,0.0,16.0,0.0,88.0,71.5,75.5,65.3,61.6,68.3,287.0,33.0,21.4,90.0,420.0,25.0,73.6,309.0,24.5,103.0,108.3,35.0,3.0,4.5,19.0,252.0,78.0,3.1,10.1,0.82,WASHINGTON,True,drew sample,8.99
Josh Oliver,2019,69,3,San Jose St.,22.0,1,6,6,0,0,1.5600000143051147,4.045614037597389,65.8,5.9818181818181815,38.0,6-5,249.0,4.63,22.0,34.0,117.0,7.21,4.47,,,,,,,,,False,12.0,10.3,8.0,56.6,61.5,16.0,26.0,6.7,4.0,39.0,0.0,73.1,74.3,77.1,68.0,79.9,45.2,236.0,70.0,12.8,67.0,522.0,56.0,84.1,439.0,51.3,268.0,79.9,99.0,4.0,2.5,13.0,709.0,262.0,4.7,12.7,1.62,S JOSE ST,True,josh oliver,8.16
Jace Sternberger,2019,75,3,Texas A&M,23.0,0,6,2,0,0,3.67500002682209,3.67500002682209,29.40000021457672,3.67500002682209,66.0,6-4,251.0,4.75,17.0,31.5,113.0,7.19,4.31,22.0,25.40458015267176,2018.0,832.0,48.0,439.0,4.0,,True,13.0,11.3,8.0,60.5,36.4,4.0,11.0,5.8,3.0,37.0,0.0,65.4,73.9,85.1,65.5,91.1,72.5,348.0,53.0,6.9,33.0,480.0,49.0,86.5,415.0,24.6,118.0,114.5,81.0,10.0,2.9,14.0,836.0,405.0,8.3,17.1,2.01,TEXAS A&M,True,jace sternberger,5.17
Kahale Warring,2019,86,3,San Diego St.,22.0,1,6,1,0,0,,,6.499999761581421,0.0,98.0,6-5,252.0,4.67,19.0,36.5,122.0,7.21,4.25,,,,,,,,,False,12.0,11.4,2.0,58.5,20.0,1.0,5.0,11.4,4.0,17.0,0.0,53.5,72.2,64.4,75.1,70.0,50.2,140.0,30.0,3.6,10.0,279.0,31.0,88.2,246.0,44.1,123.0,83.2,53.0,3.0,5.7,16.0,372.0,94.0,3.0,12.0,1.51,S DIEGO ST,True,kahale warring,9.4
Dawson Knox,2019,96,3,Mississippi,22.0,1,6,7,1,1,7.56585373413272,6.888541698952516,163.7000029087067,10.913333527247111,11.0,6-4,254.0,,16.0,34.5,,7.12,4.27,,,,,,,,,False,12.0,11.5,1.0,53.6,50.0,4.0,8.0,6.3,1.0,12.0,0.0,69.9,69.2,63.0,54.8,58.0,45.6,169.0,48.0,30.2,112.0,371.0,15.0,66.0,245.0,53.4,198.0,74.1,28.0,0.0,0.3,1.0,284.0,128.0,8.5,18.9,1.16,OLE MISS,True,dawson knox,9.25
Trevon Wesco,2019,121,4,West Virginia,23.0,0,6,5,0,0,,,6.9,0.0,95.0,6-3,267.0,4.89,24.0,31.0,117.0,7.18,4.38,,8.593566564921343,,366.0,26.0,445.0,3.0,,True,12.0,4.5,12.0,86.7,75.0,3.0,4.0,10.3,3.0,15.0,0.0,69.2,71.2,83.2,61.1,86.0,70.6,216.0,43.0,34.0,104.0,306.0,26.0,62.7,192.0,11.8,36.0,128.6,30.0,1.0,0.7,2.0,366.0,235.0,9.0,14.1,1.91,W VIRGINIA,True,trevon wesco,5.88
Foster Moreau,2019,137,4,LSU,22.0,1,6,7,0,0,6.22333329598109,5.664935050382242,103.3,7.108333259820938,25.0,6-4,253.0,4.66,22.0,36.5,121.0,7.16,4.11,,10.51039697542533,,272.0,22.0,387.0,,,True,13.0,6.8,5.0,81.5,66.7,4.0,6.0,4.3,1.0,14.0,0.0,77.2,71.2,76.5,68.4,82.1,85.1,325.0,24.0,45.3,173.0,382.0,22.0,51.0,195.0,10.5,40.0,133.3,27.0,2.0,3.1,12.0,272.0,130.0,5.9,12.4,1.39,LSU,True,foster moreau,9.47
Zach Gentry,2019,141,5,Michigan,22.0,1,6,3,0,0,3.570000010728836,2.829166671137015,35.70000010728836,3.570000010728836,60.0,6-8,265.0,4.9,12.0,29.5,110.0,7.4,4.53,,18.61644331763853,,514.0,32.0,340.0,,,True,13.0,11.0,3.0,72.7,61.5,8.0,13.0,13.5,5.0,24.0,0.0,51.5,72.0,74.2,63.5,75.4,78.5,267.0,42.0,18.2,62.0,340.0,32.0,78.2,266.0,17.6,60.0,107.6,44.0,2.0,2.9,10.0,514.0,168.0,5.3,16.1,1.93,MICHIGAN,True,zach gentry,2.51
Kaden Smith,2019,176,6,Stanford,22.0,1,6,3,0,0,5.249999996423721,5.249999996423721,75.8,10.828571428571427,36.0,6-5,255.0,4.92,15.0,32.0,108.0,7.08,4.47,,17.882286679808505,,635.0,47.0,423.0,,,True,10.0,11.0,5.0,72.3,65.0,13.0,20.0,7.8,4.0,27.0,0.0,70.0,73.7,76.8,73.6,77.7,45.4,163.0,36.0,5.0,18.0,359.0,47.0,88.9,319.0,47.1,169.0,87.7,65.0,2.0,7.2,26.0,635.0,151.0,3.2,13.5,1.99,STANFORD,True,kaden smith,3.82
Isaac Nauta,2019,224,7,Georgia,22.0,1,6,2,0,0,,,3.3,0.0,107.0,6-3,244.0,4.91,19.0,28.0,,7.45,4.43,,14.353876739562624,,430.0,30.0,356.0,31.0,,True,14.0,8.3,2.0,85.7,100.0,4.0,4.0,3.2,1.0,18.0,0.0,80.9,71.9,78.0,60.2,73.0,48.1,129.0,55.0,16.4,44.0,268.0,30.0,79.9,214.0,46.3,124.0,146.4,35.0,3.0,4.5,12.0,430.0,202.0,6.7,14.3,2.01,GEORGIA,True,isaac nauta,1.56
Tommy Sweeney,2019,228,7,Boston Col.,24.0,0,6,3,0,0,2.771428568022592,2.771428568022592,19.4,2.771428568022592,71.0,6-4,251.0,4.83,17.0,,,,,,,,,,,,,False,12.0,8.7,5.0,69.6,66.7,4.0,6.0,5.9,2.0,18.0,1.0,74.0,34.1,68.6,75.1,69.3,62.5,197.0,37.0,12.7,40.0,315.0,32.0,85.4,269.0,35.9,113.0,95.2,46.0,3.0,1.6,5.0,348.0,129.0,4.0,10.9,1.29,BOSTON COL,True,tommy sweeney,5.9
Aliz√© Mack,2019,231,7,Notre Dame,22.0,1,6,0,0,0,,,0.0,0.0,999.0,6-4,249.0,4.7,22.0,36.0,120.0,7.27,4.34,,10.784901138406232,,360.0,36.0,418.0,,,True,12.0,8.0,2.0,67.9,35.7,5.0,14.0,5.3,2.0,14.0,0.0,76.2,72.6,58.5,71.4,63.5,48.6,174.0,47.0,15.9,57.0,358.0,36.0,80.7,289.0,34.4,123.0,98.0,53.0,3.0,1.4,5.0,360.0,163.0,4.5,10.0,1.25,NOTRE DAME,True,alize mack,8.5
Caleb Wilson,2019,254,7,UCLA,23.0,0,6,0,0,0,,,0.0,0.0,999.0,6-4,240.0,4.56,,29.0,113.0,7.2,4.4,22.0,33.61198188784395,2018.0,965.0,60.0,402.0,4.0,,True,12.0,10.5,8.0,63.8,17.6,3.0,17.0,10.4,7.0,41.0,1.0,57.0,50.1,84.0,74.6,89.9,67.0,282.0,66.0,6.2,26.0,421.0,60.0,89.5,377.0,29.7,125.0,98.9,94.0,4.0,2.6,11.0,965.0,467.0,7.8,16.1,2.56,UCLA,True,caleb wilson,5.71
Cole Kmet,2020,43,2,Notre Dame,21.0,1,5,6,1,1,7.0319148920952,7.703260868787765,181.1,12.073333333333332,8.0,6-6,262.0,4.7,,37.0,123.0,7.44,4.41,,15.710799267846248,,515.0,43.0,416.0,,,True,11.0,9.2,4.0,70.5,30.0,3.0,10.0,4.4,2.0,24.0,1.0,78.9,41.4,69.4,76.3,73.4,52.4,219.0,37.0,16.0,67.0,418.0,43.0,79.4,332.0,31.8,133.0,122.0,61.0,6.0,4.3,18.0,515.0,213.0,5.0,12.0,1.55,NOTRE DAME,True,cole kmet,8.92
Devin Asiasi,2020,91,3,UCLA,23.0,0,5,2,0,0,,,11.899999618530272,0.0,83.0,6-3,257.0,4.73,16.0,30.5,115.0,,,22.0,20.90671885192433,2019.0,641.0,44.0,426.0,,,True,12.0,11.4,6.0,64.7,40.9,9.0,22.0,2.2,1.0,31.0,0.0,86.2,73.5,79.0,74.9,79.3,50.1,210.0,53.0,11.9,50.0,419.0,44.0,85.9,360.0,45.3,190.0,102.6,68.0,4.0,2.1,9.0,641.0,248.0,5.6,14.6,1.78,UCLA,True,devin asiasi,6.08
Josiah Deguara,2020,94,3,Cincinnati,23.0,0,5,6,0,0,4.090476190476191,4.090476190476191,61.5,5.125,40.0,6-2,242.0,4.72,25.0,35.5,115.0,7.15,4.35,,19.74921630094044,,504.0,39.0,377.0,2.0,,True,14.0,11.4,3.0,54.9,27.3,3.0,11.0,7.1,3.0,26.0,1.0,70.9,39.5,70.2,48.2,67.4,38.5,154.0,73.0,9.8,39.0,400.0,39.0,86.0,344.0,58.3,233.0,92.7,71.0,7.0,2.8,11.0,504.0,231.0,5.9,12.9,1.47,CINCINNATI,True,josiah deguara,
Dalton Keene,2020,101,3,Virginia Tech,21.0,1,5,1,0,0,,,4.600000023841858,0.0,103.0,6-4,253.0,4.71,21.0,34.0,125.0,7.07,4.19,,10.23409363745498,,236.0,20.0,317.0,33.0,,True,13.0,4.2,3.0,80.8,40.0,2.0,5.0,4.5,1.0,13.0,0.0,75.2,38.4,62.5,63.4,64.3,46.6,139.0,27.0,35.2,105.0,298.0,21.0,62.1,185.0,30.5,91.0,144.7,26.0,5.0,2.0,6.0,240.0,179.0,8.5,11.4,1.3,VA TECH,True,dalton keene,9.33
Adam Trautman,2020,105,3,Dayton,23.0,0,5,6,0,0,4.42727270487583,4.052054784395923,63.29999935626984,5.754545396024531,38.0,6-5,255.0,4.8,18.0,34.5,114.0,6.78,4.27,,,,,,,,,False,,,,,,,,,,,,,,,,,,,,,,,,,,,,,,,,,,,,,,,False,adam trautman,8.74
Harrison Bryant,2020,115,4,Florida Atlantic,22.0,1,5,6,0,0,4.764102572355514,4.30192308311279,62.299999833107,5.15000004072984,38.0,6-5,243.0,4.73,13.0,32.5,110.0,7.41,4.37,20.0,25.599184089750125,2018.0,1004.0,65.0,502.0,,,True,13.0,10.1,12.0,69.1,54.2,13.0,24.0,11.0,8.0,53.0,1.0,60.2,52.5,92.5,75.2,92.9,32.5,124.0,57.0,9.4,36.0,381.0,65.0,86.6,330.0,56.2,214.0,124.6,94.0,7.0,7.9,30.0,1004.0,395.0,6.1,15.4,3.04,FAU,True,harrison bryant,4.63
Albert Okwuegbunam,2020,118,4,Missouri,22.0,1,5,5,0,0,5.342105307077107,5.342105307077107,76.00000083446503,5.846153910343464,29.0,6-5,258.0,4.49,,,,,,,12.830396475770923,,306.0,26.0,376.0,,,True,11.0,9.4,4.0,59.1,31.3,5.0,16.0,13.3,4.0,17.0,0.0,55.5,71.6,61.2,69.2,65.4,46.8,130.0,36.0,9.4,26.0,278.0,26.0,83.1,231.0,49.3,137.0,100.9,44.0,6.0,3.2,9.0,306.0,133.0,5.1,11.8,1.32,MISSOURI,True,albert okwuegbunam,
Colby Parkinson,2020,133,4,Stanford,21.0,1,5,6,1,0,4.942857142857143,5.756140350877193,131.8,9.414285714285716,16.0,6-7,252.0,4.77,18.0,32.5,109.0,7.15,4.46,,18.866111467008327,,589.0,48.0,442.0,,,True,12.0,12.3,3.0,54.5,42.4,14.0,33.0,0.0,0.0,30.0,0.0,92.1,73.8,67.1,70.2,68.5,31.8,141.0,36.0,0.9,4.0,444.0,48.0,94.8,421.0,60.8,270.0,60.3,88.0,1.0,7.4,33.0,589.0,172.0,3.6,12.3,1.4,STANFORD,True,colby parkinson,6.15
Brycen Hopkins,2020,136,4,Purdue,23.0,0,5,3,0,0,2.5571428571428574,2.5571428571428574,17.900000000000002,2.5571428571428574,83.0,6-4,245.0,4.66,21.0,33.5,116.0,7.25,4.28,22.0,22.317827372949715,2019.0,830.0,61.0,520.0,,,True,12.0,8.6,6.0,68.5,55.6,10.0,18.0,11.6,8.0,39.0,0.0,56.9,74.7,65.1,69.5,70.4,33.7,178.0,72.0,9.8,52.0,528.0,61.0,86.0,454.0,61.6,325.0,115.0,89.0,7.0,1.9,10.0,832.0,383.0,6.3,13.6,1.83,PURDUE,True,brycen hopkins,8.17
Charlie Woerner,2020,190,6,Georgia,22.0,1,5,6,0,0,,1.7428571428571429,12.8,2.1333333333333333,85.0,6-5,244.0,4.78,21.0,34.5,120.0,7.18,4.46,,4.676145339652448,,78.0,9.0,415.0,,,True,14.0,8.9,0.0,45.0,0.0,0.0,5.0,10.0,1.0,4.0,1.0,62.9,19.7,58.9,67.4,41.7,36.3,105.0,20.0,20.4,59.0,289.0,9.0,76.5,221.0,57.1,165.0,72.5,20.0,1.0,6.6,19.0,78.0,19.0,2.1,8.7,0.35,GEORGIA,True,charlie woerner,6.92
Tyler Davis,2020,206,6,Georgia Tech,23.0,0,5,3,0,0,,,7.5000001192092896,0.0,94.0,,,,,,,,,,9.209707529558182,,148.0,17.0,269.0,,,True,12.0,7.1,0.0,53.1,33.3,4.0,12.0,5.6,1.0,9.0,0.0,85.5,70.1,58.4,54.3,61.8,56.3,144.0,38.0,19.5,50.0,256.0,17.0,77.0,197.0,34.8,89.0,63.0,32.0,1.0,5.5,14.0,148.0,74.0,4.4,8.7,0.75,GA TECH,True,tyler davis,7.88
Stephen Sullivan,2020,251,7,LSU,23.0,0,5,4,0,0,,2.45,24.5,2.45,70.0,6-5,248.0,4.66,,36.5,123.0,7.51,4.62,,12.22222222222222,,130.0,12.0,567.0,,,True,,,,,,,,,,,,,,,,,,,,,,,,,,,,,,,,,,,,,,,False,stephen sullivan,7.45
Kyle Pitts,2021,4,1,Florida,20.0,1,4,5,1,1,8.852272714268077,9.37820512086917,210.8,12.4,2.0,6-5,245.0,4.44,22.0,33.5,129.0,7.12,4.3,,16.94915254237288,,770.0,43.0,473.0,,,True,8.0,13.8,5.0,66.2,57.9,11.0,19.0,0.0,0.0,39.0,0.0,91.3,73.2,96.0,77.1,96.1,54.7,152.0,71.0,9.0,25.0,278.0,43.0,84.9,236.0,24.1,67.0,146.2,65.0,12.0,21.2,59.0,770.0,260.0,6.0,17.9,3.26,FLORIDA,True,kyle pitts,9.65
Pat Freiermuth,2021,55,2,Penn St.,22.0,1,4,5,1,1,8.969047586123148,8.899999981313139,168.3,9.9,7.0,6-5,251.0,,26.0,,,,,,,,,,,,,False,4.0,9.4,3.0,62.2,66.7,8.0,12.0,8.0,2.0,14.0,0.0,66.7,70.7,83.0,58.8,80.9,34.8,57.0,74.0,12.8,21.0,164.0,23.0,81.1,133.0,63.4,104.0,75.3,37.0,1.0,1.8,3.0,310.0,131.0,5.7,13.5,2.33,PENN STATE,True,pat freiermuth,
Hunter Long,2021,81,3,Boston Col.,23.0,0,4,3,0,0,,3.678571428571429,32.5,4.642857142857143,62.0,,,,,,,,,,,,,,,,,False,11.0,10.1,3.0,64.0,45.8,11.0,24.0,5.0,3.0,35.0,0.0,79.0,74.4,83.3,54.9,83.2,57.6,272.0,36.0,11.0,52.0,472.0,57.0,83.3,393.0,32.8,155.0,92.2,89.0,5.0,8.9,42.0,685.0,176.0,3.1,12.0,1.74,BOSTON COL,True,hunter long,8.58
Tommy Tremble,2021,83,3,Notre Dame,21.0,1,4,5,0,0,4.09512194307839,4.366666661609303,63.900000000000006,5.64,40.0,6-3,241.0,4.6,20.0,36.5,122.0,,,,7.616707616707617,,217.0,19.0,362.0,4.0,,True,12.0,8.8,2.0,67.9,80.0,4.0,5.0,9.5,2.0,12.0,0.0,63.6,70.8,77.9,74.4,63.7,53.0,106.0,30.0,8.0,16.0,200.0,19.0,87.0,174.0,42.0,84.0,76.2,28.0,0.0,3.5,7.0,218.0,63.0,3.3,11.5,1.25,NOTRE DAME,True,tommy tremble,8.9
Tre' McKitty,2021,97,3,Georgia,22.0,1,4,2,0,0,1.9785714200564792,1.9785714200564792,17.2,2.15,85.0,6-4,247.0,,,,,,,,4.342581423401689,,108.0,6.0,306.0,,,True,7.0,9.2,1.0,66.7,,0.0,0.0,14.3,1.0,5.0,0.0,53.4,66.2,72.1,75.0,63.9,58.8,60.0,40.0,14.7,15.0,102.0,6.0,80.4,82.0,39.2,40.0,144.7,9.0,1.0,2.0,2.0,108.0,57.0,9.5,18.0,1.32,GEORGIA,True,tre mckitty,6.2
John Bates,2021,124,4,Boise St.,23.0,0,4,5,0,0,3.4058823592522565,2.971698117256165,50.90000021457672,4.627272746779702,47.0,6-5,250.0,4.84,19.0,31.5,120.0,6.85,4.35,,,,,,,,,False,5.0,8.3,2.0,80.0,0.0,0.0,1.0,0.0,0.0,5.0,0.0,82.7,68.7,80.7,76.8,66.4,58.0,47.0,28.0,18.5,15.0,81.0,12.0,79.0,64.0,33.3,27.0,99.2,15.0,0.0,7.4,6.0,117.0,41.0,3.4,9.8,1.83,BOISE ST,True,john bates,6.8
Kylen Granson,2021,127,4,SMU,23.0,0,4,5,0,0,4.099999997490331,3.615384613550626,73.0,4.866666666666666,33.0,,,,,,,,,,17.94425087108014,,536.0,35.0,376.0,0.0,,True,10.0,11.1,7.0,62.5,57.1,4.0,7.0,12.5,5.0,24.0,0.0,54.1,73.1,70.7,70.3,72.5,30.1,110.0,42.0,7.7,28.0,366.0,35.0,87.4,320.0,60.9,223.0,108.9,56.0,5.0,3.0,11.0,536.0,214.0,6.1,15.3,1.68,SMU,True,kylen granson,7.72
Luke Farrell,2021,145,5,Ohio St.,23.0,0,4,5,0,0,2.4176470532136807,2.536111108462016,31.5,3.5,64.0,6-5,251.0,4.79,22.0,36.5,118.0,7.14,4.36,,,,,,,,,False,8.0,5.7,0.0,55.6,50.0,1.0,2.0,0.0,0.0,2.0,0.0,77.5,66.2,64.3,60.4,48.7,65.4,123.0,16.0,23.9,45.0,188.0,5.0,71.3,134.0,30.3,57.0,102.5,9.0,1.0,2.7,5.0,37.0,15.0,3.0,7.4,0.28,OHIO STATE,True,luke farrell,8.62
Brevin Jordan,2021,147,5,Miami (FL),21.0,1,4,4,0,0,5.13461544238604,5.13461544238604,55.80000150203705,6.975000187754631,43.0,6-2,247.0,4.64,17.0,31.0,116.0,,,,18.885245901639344,,576.0,38.0,381.0,1.0,,True,,,,,,,,,,,,,,,,,,,,,,,,,,,,,,,,,,,,,,,False,brevin jordan,4.51
Noah Gray,2021,162,5,Duke,22.0,1,4,5,1,0,3.929999997615814,4.482608694270037,113.3,7.08125,22.0,6-3,240.0,4.55,15.0,35.0,115.0,6.83,4.37,,18.21561338289963,,278.0,28.0,390.0,3.0,,True,10.0,9.1,2.0,67.4,62.5,5.0,8.0,6.5,2.0,16.0,0.0,71.6,72.4,61.7,54.5,63.4,15.9,44.0,24.0,19.2,53.0,276.0,29.0,76.1,210.0,66.7,184.0,82.0,43.0,2.0,0.4,1.0,285.0,129.0,4.4,9.8,1.36,DUKE,True,noah gray,6.96
Zach Davidson,2021,168,5,Central Missouri St.,23.0,0,4,1,0,0,,,1.5,0.0,110.0,6-6,245.0,4.58,17.0,37.5,117.0,6.95,4.19,,,,,,,,,False,,,,,,,,,,,,,,,,,,,,,,,,,,,,,,,,,,,,,,,False,zach davidson,8.8
Trey McBride,2022,55,2,Colorado St.,22.0,1,3,4,1,1,11.59047619047619,13.605084745762712,315.90000000000003,18.58235294117648,1.0,6-4,246.0,,18.0,33.0,117.0,,,,,,,,,,,False,12.0,8.6,5.0,74.6,53.1,17.0,32.0,3.2,3.0,61.0,2.0,88.7,40.5,94.8,75.8,95.0,69.3,309.0,50.0,6.1,27.0,446.0,91.0,90.8,405.0,20.2,90.0,95.2,122.0,1.0,10.5,47.0,1125.0,456.0,5.0,12.4,2.78,COLO STATE,True,trey mcbride,8.1
Jelani Woods,2022,73,3,Virginia,23.0,0,3,2,0,0,6.183333333333334,6.183333333333334,74.2,6.183333333333334,34.0,6-7,259.0,4.61,24.0,,,,,,12.68830893273923,,598.0,44.0,554.0,1.0,,True,11.0,11.1,11.0,62.0,61.1,11.0,18.0,10.2,5.0,31.0,1.0,56.1,43.5,77.1,65.8,82.8,73.9,274.0,40.0,5.1,19.0,371.0,44.0,89.8,333.0,17.3,64.0,114.6,71.0,8.0,7.0,26.0,598.0,233.0,5.3,13.6,1.8,VIRGINIA,True,jelani woods,10.0
Greg Dulcich,2022,80,3,UCLA,22.0,1,3,4,0,0,8.610000000000001,7.942105263157895,86.10000000000001,8.610000000000001,29.0,6-4,243.0,4.69,16.0,34.0,122.0,7.05,4.37,20.0,32.908975175047736,2020.0,725.0,42.0,335.0,,,True,12.0,12.0,7.0,64.6,40.0,4.0,10.0,8.7,4.0,31.0,0.0,60.6,73.2,65.9,23.8,72.5,52.3,223.0,75.0,6.1,26.0,426.0,42.0,88.3,376.0,36.4,155.0,108.8,65.0,5.0,8.7,37.0,725.0,292.0,7.0,17.3,1.93,UCLA,True,greg dulcich,8.23
Jeremy Ruckert,2022,101,3,Ohio St.,22.0,1,3,4,0,0,2.591304347826087,2.927777777777778,45.8,3.5230769230769234,56.0,6-5,250.0,,19.0,,,,,,,,,,,,,False,13.0,9.4,5.0,66.7,50.0,5.0,10.0,3.7,1.0,15.0,1.0,80.0,30.1,59.4,50.3,55.4,51.0,227.0,30.0,9.9,44.0,445.0,26.0,87.6,390.0,38.7,172.0,105.6,39.0,3.0,9.7,43.0,309.0,147.0,5.7,11.9,0.79,OHIO STATE,True,jeremy ruckert,
Cade Otton,2022,106,4,Washington,23.0,0,3,4,1,0,7.95909090909091,8.00677966101695,140.6,10.042857142857144,14.0,6-5,247.0,,,,,,,21.0,28.47682119205298,2020.0,250.0,28.0,409.0,,,True,8.0,6.4,5.0,65.1,37.5,3.0,8.0,6.7,2.0,13.0,1.0,71.4,30.1,65.8,61.7,60.6,61.8,175.0,25.0,12.4,35.0,283.0,28.0,83.4,236.0,33.6,95.0,49.6,43.0,1.0,4.6,13.0,250.0,120.0,4.3,8.9,1.06,WASHINGTON,True,cade otton,
Daniel Bellinger,2022,112,4,San Diego St.,21.0,1,3,4,0,0,4.903225806451613,4.920930232558139,75.0,6.818181818181818,33.0,6-5,253.0,4.63,22.0,34.5,125.0,7.05,4.47,,,,,,,,,False,12.0,3.7,5.0,72.1,60.0,3.0,5.0,0.0,0.0,14.0,0.0,89.5,72.3,64.1,62.1,62.5,56.3,160.0,73.0,20.1,57.0,284.0,31.0,75.0,213.0,35.2,100.0,111.9,43.0,2.0,7.0,20.0,353.0,282.0,9.1,11.4,1.66,S DIEGO ST,True,daniel bellinger,9.65
Charlie Kolar,2022,128,4,Iowa St.,23.0,0,3,4,0,0,3.8461538461538463,3.591666666666667,36.2,4.042857142857143,61.0,6-7,252.0,,,,,,,,,,,,,,,False,12.0,10.5,3.0,66.3,66.7,18.0,27.0,3.1,2.0,45.0,2.0,86.4,51.1,85.3,65.0,85.5,28.3,117.0,34.0,6.3,26.0,413.0,63.0,88.9,367.0,57.9,239.0,98.8,95.0,6.0,11.4,47.0,764.0,232.0,3.7,12.1,2.08,IOWA STATE,True,charlie kolar,9.1
Jake Ferguson,2022,129,4,Wisconsin,23.0,0,3,4,1,1,7.854761904761904,8.813559322033898,190.1,11.18235294117647,4.0,6-5,250.0,4.81,15.0,31.5,118.0,7.03,4.48,19.0,24.072612470402525,2018.0,450.0,46.0,300.0,,,True,13.0,6.7,12.0,75.4,55.6,5.0,9.0,4.2,2.0,27.0,0.0,80.3,73.4,87.2,66.9,86.3,67.4,207.0,35.0,11.1,34.0,307.0,46.0,84.7,260.0,29.0,89.0,98.4,61.0,3.0,3.3,10.0,450.0,241.0,5.2,9.8,1.73,WISCONSIN,True,jake ferguson,6.78
Isaiah Likely,2022,139,4,Coastal Carolina,22.0,1,3,4,1,0,7.526190476190475,7.166037735849056,123.7,8.246666666666666,16.0,6-5,245.0,,,36.0,,,4.57,20.0,26.381255423777844,2020.0,912.0,59.0,322.0,10.0,,True,13.0,9.4,10.0,76.6,40.0,4.0,10.0,1.7,1.0,38.0,1.0,90.1,50.0,93.3,66.5,93.5,55.5,192.0,99.0,8.1,28.0,346.0,59.0,88.2,305.0,40.2,139.0,138.6,77.0,12.0,4.3,15.0,912.0,406.0,6.9,15.5,2.99,COAST CAR,True,isaiah likely,4.87
Chigoziem Okonkwo,2022,143,4,Maryland,22.0,1,3,4,1,0,6.754166666666667,6.895384615384616,124.0,7.294117647058823,21.0,6-3,238.0,4.52,,35.5,,,,,11.287878787878787,,447.0,52.0,489.0,,,True,13.0,5.0,10.0,78.5,100.0,5.0,5.0,8.9,5.0,24.0,0.0,66.9,74.1,69.0,65.5,76.7,79.4,300.0,32.0,13.8,52.0,378.0,51.0,81.7,309.0,18.3,69.0,121.0,65.0,5.0,1.6,6.0,448.0,264.0,5.2,8.8,1.45,MARYLAND,True,chigoziem okonkwo,6.46
Cole Turner,2022,149,5,Nevada,22.0,1,3,2,0,0,3.2857142857142856,3.2857142857142856,23.0,3.2857142857142856,73.0,6-6,246.0,4.76,17.0,27.0,120.0,7.06,4.41,20.0,21.176058802940148,2020.0,677.0,62.0,572.0,,,True,11.0,10.2,5.0,66.7,58.6,17.0,29.0,4.6,3.0,36.0,0.0,80.8,74.9,73.5,82.8,72.6,15.2,74.0,30.0,1.4,7.0,488.0,62.0,92.8,453.0,58.0,283.0,110.4,93.0,10.0,26.8,131.0,677.0,187.0,3.0,10.9,1.49,NEVADA,True,cole turner,7.4
Teagan Quitoriano,2022,170,5,Oregon St.,22.0,1,3,2,0,0,4.328571428571428,4.328571428571428,30.3,4.328571428571428,64.0,6-6,258.0,,22.0,,,,,,,,,,,,,False,13.0,9.6,2.0,79.2,66.7,4.0,6.0,0.0,0.0,9.0,1.0,85.9,26.3,69.6,64.7,70.6,86.1,236.0,34.0,36.5,100.0,274.0,19.0,60.2,165.0,13.5,37.0,126.0,24.0,3.0,0.4,1.0,214.0,99.0,5.2,11.3,1.3,OREGON ST,True,teagan quitoriano,4.74
James Mitchell,2022,177,5,Virginia Tech,23.0,0,3,3,0,0,3.5375,3.5375,28.3,3.5375,67.0,6-4,249.0,,,,,,,,19.73684210526316,,42.0,5.0,316.0,1.0,,True,2.0,5.0,2.0,71.4,,0.0,0.0,0.0,0.0,3.0,0.0,76.3,67.0,61.4,69.3,69.6,60.0,18.0,20.0,6.7,2.0,30.0,5.0,86.7,26.0,33.3,10.0,86.6,7.0,1.0,6.7,2.0,42.0,35.0,7.0,8.4,1.62,VA TECH,True,james mitchell,
Andrew Ogletree,2022,192,6,Youngstown St.,24.0,0,3,3,0,0,2.9333333333333336,2.9333333333333336,35.7,3.5700000000000003,58.0,,,,,,,,,,,,,,,,,False,,,,,,,,,,,,,,,,,,,,,,,,,,,,,,,,,,,,,,,False,andrew ogletree,9.34
Grant Calcaterra,2022,198,6,SMU,23.0,0,3,4,0,0,4.6000000000000005,3.923809523809524,59.8,4.6000000000000005,41.0,6-4,241.0,4.62,20.0,,,,,,12.725779967159278,,465.0,38.0,468.0,,,True,12.0,10.0,2.0,62.3,36.4,4.0,11.0,5.0,2.0,25.0,0.0,77.7,72.9,62.4,72.8,65.2,27.5,99.0,29.0,2.5,9.0,360.0,38.0,93.3,336.0,66.4,239.0,87.1,61.0,4.0,5.0,18.0,465.0,144.0,3.8,12.2,1.38,SMU,True,grant calcaterra,8.15
Connor Heyward,2022,208,6,Michigan St.,23.0,0,3,4,0,0,3.973684210526316,3.43,39.7,4.4750000000000005,53.0,5-11,233.0,4.72,,32.5,,,,,,,,,,,,False,13.0,4.0,9.0,83.3,75.0,6.0,8.0,2.8,1.0,16.0,0.0,83.4,73.1,60.9,53.8,69.7,58.7,186.0,35.0,14.2,45.0,317.0,35.0,81.4,258.0,27.1,86.0,114.9,42.0,2.0,1.9,6.0,326.0,236.0,6.7,9.3,1.26,MICH STATE,True,connor heyward,
John FitzPatrick,2022,213,6,Georgia,22.0,1,3,3,0,0,,2.52,25.2,2.52,71.0,,,,,,,,,,3.8198632891033375,,83.0,6.0,407.0,,,True,15.0,13.0,1.0,40.0,75.0,3.0,4.0,14.3,1.0,4.0,0.0,53.4,66.2,68.7,59.8,48.0,65.5,127.0,28.0,26.3,51.0,194.0,6.0,72.2,140.0,32.0,62.0,18.9,15.0,0.0,2.6,5.0,83.0,22.0,3.7,13.8,0.59,GEORGIA,True,john fitzpatrick,
Ko Kieft,2022,218,6,Minnesota,24.0,0,3,2,0,0,2.625,2.625,21.0,2.625,77.0,,,,,,,,,,4.795821462488129,,101.0,7.0,256.0,,,True,13.0,8.8,0.0,87.5,100.0,1.0,1.0,0.0,0.0,5.0,0.0,78.5,66.7,92.0,42.1,61.2,87.3,138.0,37.0,44.9,71.0,158.0,7.0,50.0,79.0,7.6,12.0,158.3,8.0,1.0,4.4,7.0,101.0,42.0,6.0,14.4,1.28,MINNESOTA,True,ko kieft,3.64
Nick Muse,2022,227,7,South Carolina,23.0,0,3,1,0,0,,,3.2,0.0,103.0,,,,,,,,,21.0,22.923408845738944,2020.0,222.0,20.0,360.0,,,True,13.0,7.2,4.0,60.6,60.0,3.0,5.0,9.1,2.0,11.0,0.0,64.7,71.2,63.3,59.7,56.7,64.8,239.0,29.0,23.6,87.0,369.0,20.0,72.6,268.0,28.7,106.0,88.2,33.0,2.0,6.0,22.0,222.0,125.0,6.3,11.1,0.83,S CAROLINA,True,nick muse,8.78
Dalton Kincaid,2023,25,1,Utah,23.0,0,2,3,1,1,9.2,9.2,150.3,10.508333333333336,11.0,6-4,246.0,,,,,,,22.0,25.50874175981657,2022.0,890.0,70.0,446.0,,,True,12.0,8.7,16.0,75.3,50.0,9.0,18.0,2.8,2.0,49.0,0.0,88.3,75.4,90.2,59.5,91.8,35.4,142.0,37.0,4.0,16.0,401.0,70.0,92.0,369.0,55.1,221.0,115.4,93.0,8.0,9.5,38.0,890.0,397.0,5.7,12.7,2.41,UTAH,True,dalton kincaid,
Sam LaPorta,2023,34,2,Iowa,22.0,1,2,3,1,1,12.4,12.4,239.3,14.076470588235296,1.0,6-3,245.0,,,35.0,123.0,6.91,4.25,20.0,32.18842001962708,2021.0,656.0,58.0,349.0,6.0,,True,12.0,7.1,19.0,64.4,37.5,6.0,16.0,9.4,6.0,32.0,1.0,64.1,74.9,80.1,63.4,85.3,48.4,156.0,58.0,3.4,11.0,322.0,58.0,93.2,300.0,30.1,97.0,75.6,90.0,1.0,20.5,66.0,648.0,368.0,6.3,11.2,2.16,IOWA,True,sam laporta,9.03
Michael Mayer,2023,35,2,Notre Dame,22.0,1,2,3,0,0,5.194285714285715,5.194285714285715,73.8,6.15,35.0,6-5,249.0,,,32.5,118.0,,,20.0,30.04084663943557,2021.0,809.0,67.0,338.0,,,True,12.0,8.1,12.0,66.3,65.4,17.0,26.0,5.6,4.0,44.0,1.0,77.7,54.1,92.5,52.8,91.6,39.9,143.0,37.0,3.4,12.0,358.0,67.0,92.5,331.0,45.0,161.0,103.9,101.0,9.0,14.2,51.0,809.0,325.0,4.9,12.1,2.44,NOTRE DAME,True,michael mayer,7.66
Luke Musgrave,2023,42,2,Oregon St.,23.0,0,2,3,0,0,4.383870967741935,4.383870967741935,75.2,6.836363636363637,31.0,6-6,253.0,,,36.0,125.0,,,,,,,,,,,False,2.0,12.4,0.0,73.3,33.3,1.0,3.0,8.3,1.0,7.0,0.0,66.1,68.5,72.5,45.1,79.2,51.7,31.0,30.0,10.0,6.0,60.0,11.0,83.3,50.0,38.3,23.0,132.4,15.0,1.0,10.0,6.0,169.0,38.0,3.5,15.4,3.38,OREGON ST,True,luke musgrave,9.78
Luke Schoonmaker,2023,58,2,Michigan,24.0,0,2,3,0,0,3.165714285714285,3.165714285714285,57.1,5.71,43.0,6-5,251.0,,,33.5,127.0,,4.27,,13.580246913580249,,418.0,35.0,370.0,,,True,12.0,7.8,1.0,77.8,28.6,2.0,7.0,5.4,2.0,23.0,0.0,75.6,72.4,72.7,79.6,78.7,68.2,148.0,40.0,8.3,18.0,217.0,35.0,89.4,194.0,25.8,56.0,127.6,45.0,3.0,5.5,12.0,418.0,191.0,5.5,11.9,2.15,MICHIGAN,True,luke schoonmaker,9.86
Brenton Strange,2023,61,2,Penn St.,22.0,1,2,3,1,0,8.042307692307691,8.042307692307691,118.0,9.833333333333334,23.0,6-4,253.0,,23.0,36.0,124.0,7.25,4.46,,,,,,,,,False,13.0,5.2,6.0,84.2,62.5,5.0,8.0,3.0,1.0,18.0,0.0,81.8,72.5,70.0,76.7,73.2,38.9,116.0,67.0,11.4,34.0,298.0,32.0,83.9,250.0,43.6,130.0,135.0,38.0,5.0,9.1,27.0,362.0,232.0,7.3,11.3,1.45,PENN STATE,True,brenton strange,9.09
Tucker Kraft,2023,78,3,South Dakota St.,22.0,1,2,3,1,1,10.257142857142858,10.257142857142858,163.3,14.65,10.0,6-5,254.0,,23.0,34.0,122.0,7.08,4.29,,,,348.0,27.0,369.0,,,True,,,,,,,,,,,,,,,,,,,,,,,,,,,,,,,,,,,,,,,False,tucker kraft,9.67
Darnell Washington,2023,93,3,Georgia,22.0,1,2,3,0,0,3.8676470588235294,3.8676470588235294,73.4,5.646153846153847,39.0,6-7,264.0,,21.0,31.0,122.0,,4.08,,10.23213883254451,,454.0,28.0,492.0,,,True,15.0,10.8,5.0,65.1,40.0,2.0,5.0,6.7,2.0,22.0,0.0,72.1,72.0,85.7,78.4,78.3,66.1,197.0,34.0,10.7,32.0,298.0,28.0,86.2,257.0,28.9,86.0,106.2,43.0,2.0,5.0,15.0,454.0,201.0,7.2,16.2,1.77,GEORGIA,True,darnell washington,9.88
Cameron Latu,2023,101,3,Alabama,23.0,0,2,0,0,0,,,0.0,0.0,999.0,6-4,242.0,,,,,,,,10.300546448087433,,377.0,30.0,438.0,,,True,11.0,9.8,2.0,61.2,40.0,2.0,5.0,9.1,3.0,22.0,1.0,65.1,32.2,58.0,70.9,60.6,45.8,195.0,38.0,9.2,39.0,426.0,30.0,85.9,366.0,39.4,168.0,103.8,49.0,4.0,12.7,54.0,376.0,125.0,4.2,12.5,1.03,ALABAMA,True,cameron latu,6.22
Josh Whyle,2023,147,5,Cincinnati,23.0,0,2,3,0,0,3.564285714285714,3.564285714285714,60.8,4.342857142857143,40.0,6-7,248.0,,,33.5,115.0,,,,14.79463537300922,,326.0,32.0,417.0,,,True,12.0,8.0,2.0,62.7,28.6,2.0,7.0,3.0,1.0,20.0,0.0,81.8,72.1,69.9,76.0,68.5,51.8,172.0,35.0,8.4,28.0,332.0,32.0,88.9,295.0,39.2,130.0,100.6,51.0,3.0,6.9,23.0,326.0,167.0,5.2,10.2,1.11,CINCINNATI,True,josh whyle,8.98
Will Mallory,2023,162,5,Miami (FL),24.0,0,2,3,0,0,2.533333333333333,2.533333333333333,38.7,3.5181818181818185,54.0,6-5,239.0,,20.0,36.5,121.0,,,,18.68704411253908,,538.0,42.0,413.0,,,True,12.0,6.9,6.0,71.2,38.5,5.0,13.0,4.5,2.0,25.0,1.0,79.4,42.0,60.7,75.2,78.0,58.0,225.0,39.0,12.1,47.0,388.0,42.0,83.0,322.0,36.6,142.0,109.6,59.0,3.0,3.6,14.0,542.0,301.0,7.2,12.9,1.68,MIAMI FL,True,will mallory,9.05
Payne Durham,2023,171,5,Purdue,23.0,0,2,3,0,0,1.8,1.8,34.5,1.8,57.0,6-6,253.0,,,34.5,117.0,,,,14.466546112115733,,560.0,56.0,581.0,4.0,,True,13.0,7.2,9.0,72.7,57.1,8.0,14.0,3.4,2.0,32.0,0.0,84.3,74.7,67.6,51.4,70.3,39.4,210.0,56.0,9.9,53.0,533.0,56.0,85.2,454.0,57.2,305.0,116.8,77.0,8.0,2.8,15.0,560.0,263.0,4.7,10.0,1.23,PURDUE,True,payne durham,6.58
Davis Allen,2023,175,5,Clemson,22.0,1,2,3,0,0,3.461904761904762,3.461904761904762,62.8,4.1866666666666665,45.0,6-6,245.0,,,38.5,125.0,,,,13.643363104404068,,443.0,39.0,478.0,,,True,14.0,9.1,2.0,76.5,91.7,11.0,12.0,2.5,1.0,19.0,1.0,84.2,39.3,72.0,52.8,71.1,42.3,145.0,41.0,14.0,48.0,343.0,39.0,81.9,281.0,45.5,156.0,126.5,51.0,5.0,12.0,41.0,443.0,194.0,5.0,11.4,1.58,CLEMSON,True,davis allen,8.58
Zack Kuntz,2023,220,7,Old Dominion,24.0,0,2,0,0,0,,,0.0,0.0,999.0,6-7,255.0,,23.0,40.0,128.0,6.87,4.12,22.0,24.785100286532952,2021.0,144.0,12.0,417.0,,,True,5.0,11.1,1.0,42.9,33.3,2.0,6.0,7.7,1.0,8.0,0.0,66.1,68.5,69.5,55.3,67.3,38.6,51.0,34.0,8.3,11.0,132.0,12.0,86.4,114.0,44.7,59.0,83.0,28.0,2.0,16.7,22.0,144.0,45.0,3.8,12.0,1.26,DOMINION,True,zack kuntz,10.0
Brayden Willis,2023,247,7,Oklahoma,23.0,0,2,2,0,0,,,0.0,0.0,115.0,6-4,241.0,,20.0,32.0,117.0,7.3,4.36,,15.528700906344412,,514.0,39.0,407.0,26.0,,True,13.0,6.8,15.0,66.1,37.5,3.0,8.0,7.1,3.0,25.0,1.0,72.6,49.7,71.7,81.2,63.7,34.2,143.0,78.0,8.1,34.0,418.0,39.0,87.6,366.0,48.8,204.0,118.1,59.0,7.0,4.3,18.0,503.0,282.0,7.2,12.9,1.37,OKLAHOMA,True,brayden willis,4.71
Brock Bowers,2024,13,1,Georgia,21.0,1,1,2,1,1,15.06551724137931,15.06551724137931,262.7,15.452941176470588,1.0,6-3,243.0,,,,,,,18.0,23.345685547908943,2021.0,714.0,56.0,456.0,28.0,,True,10.0,6.5,18.0,78.9,22.2,2.0,9.0,5.1,3.0,34.0,2.0,78.3,29.2,84.4,71.8,87.1,38.8,121.0,49.0,8.0,25.0,312.0,56.0,86.9,271.0,47.4,148.0,136.9,71.0,6.0,9.6,30.0,717.0,486.0,8.7,12.8,2.65,GEORGIA,True,brock bowers,
Ben Sinnott,2024,53,2,Kansas St.,22.0,1,1,2,0,0,3.55,3.55,28.4,3.55,67.0,6-4,250.0,4.68,,40.0,126.0,6.82,4.23,,,,,,,,,False,12.0,10.1,13.0,65.8,35.7,5.0,14.0,4.0,2.0,31.0,1.0,80.9,45.0,82.0,72.8,81.0,53.4,202.0,44.0,8.5,32.0,378.0,48.0,87.8,332.0,34.4,130.0,105.3,73.0,6.0,6.1,23.0,669.0,326.0,6.8,13.9,2.02,KANSAS ST,True,ben sinnott,9.73
Tip Reiman,2024,82,3,Illinois,22.0,1,1,2,0,0,,,9.7,0.0,91.0,6-5,271.0,4.64,28.0,33.5,121.0,7.02,4.26,,6.361642118458163,,203.0,19.0,414.0,,,True,12.0,6.0,2.0,79.2,25.0,1.0,4.0,0.0,0.0,14.0,0.0,75.2,71.0,60.1,65.1,61.3,62.1,211.0,42.0,23.5,80.0,340.0,19.0,71.5,243.0,32.6,111.0,141.5,24.0,3.0,4.7,16.0,203.0,105.0,5.5,10.7,0.84,ILLINOIS,True,tip reiman,9.92
Ja'Tavion Sanders,2024,101,4,Texas,21.0,1,1,2,0,0,4.892307692307693,4.892307692307693,73.2,4.909090909090909,36.0,6-4,245.0,4.69,,,,,4.32,,19.534735500318675,,682.0,45.0,475.0,12.0,,True,14.0,9.8,4.0,67.2,53.8,7.0,13.0,0.0,0.0,31.0,0.0,91.6,73.6,75.6,59.7,79.0,63.9,276.0,50.0,13.2,57.0,432.0,45.0,84.7,366.0,20.8,90.0,104.2,67.0,2.0,15.0,65.0,682.0,346.0,7.7,15.2,1.86,TEXAS,True,jatavion sanders,5.75
Theo Johnson,2024,107,4,Penn St.,23.0,0,1,2,1,0,7.835999999999999,7.835999999999999,127.8,8.52,18.0,,,,,,,,,,,,,,,,,False,13.0,7.2,2.0,75.6,75.0,3.0,4.0,5.6,2.0,19.0,0.0,75.6,72.4,62.5,55.7,67.2,48.1,153.0,34.0,11.6,37.0,318.0,34.0,84.9,270.0,38.1,121.0,136.2,45.0,7.0,9.7,31.0,341.0,170.0,5.0,10.0,1.26,PENN STATE,True,theo johnson,9.93
Erick All,2024,115,4,Iowa,23.0,0,1,1,0,0,4.4750000000000005,4.4750000000000005,35.800000000000004,4.4750000000000005,54.0,6-4,252.0,,,,,,,,18.001204093919327,,299.0,21.0,348.0,,,True,7.0,8.7,4.0,61.8,33.3,2.0,6.0,16.0,4.0,13.0,1.0,47.3,27.3,72.4,48.3,76.1,41.3,50.0,34.0,2.5,3.0,121.0,21.0,94.2,114.0,56.2,68.0,119.6,34.0,3.0,0.0,0.0,299.0,128.0,6.1,14.2,2.62,IOWA,True,erick all,
AJ Barner,2024,121,4,Michigan,22.0,1,1,2,1,0,7.283870967741936,7.283870967741936,147.3,8.664705882352942,14.0,6-6,251.0,,,,,,,,7.769110764430577,,249.0,22.0,361.0,,,True,15.0,8.2,5.0,68.8,42.9,3.0,7.0,8.3,2.0,15.0,0.0,66.8,70.7,82.3,62.3,69.4,60.0,162.0,22.0,20.4,55.0,270.0,22.0,77.0,208.0,24.8,67.0,102.2,32.0,1.0,15.2,41.0,249.0,107.0,4.9,11.3,1.2,MICHIGAN,True,aj barner,8.7
Cade Stover,2024,123,4,Ohio St.,24.0,0,1,2,0,0,2.8526315789473684,2.8526315789473684,34.3,3.316666666666667,58.0,6-4,247.0,4.65,,34.5,117.0,,4.45,,,,,,,,,False,12.0,8.2,8.0,80.4,60.0,6.0,10.0,0.0,0.0,27.0,1.0,91.1,40.2,75.6,68.6,79.4,47.7,159.0,49.0,12.6,42.0,333.0,41.0,84.7,282.0,44.1,147.0,138.2,51.0,5.0,8.1,27.0,576.0,284.0,6.9,14.0,2.04,OHIO STATE,True,cade stover,8.22
Jared Wiley,2024,131,4,TCU,23.0,0,1,2,0,0,,,1.7000000000000002,0.0,106.0,6-6,249.0,4.62,,37.0,118.0,7.19,,,13.881473571809927,,520.0,47.0,503.0,,,True,12.0,6.8,3.0,72.3,40.0,2.0,5.0,2.1,1.0,27.0,0.0,87.6,73.8,68.0,71.1,74.8,54.2,202.0,81.0,9.9,37.0,373.0,47.0,86.3,322.0,32.4,121.0,109.6,65.0,8.0,6.2,23.0,520.0,301.0,6.4,11.1,1.61,TCU,True,jared wiley,9.3
Tanner McLachlan,2024,194,6,Arizona,25.0,0,1,0,0,0,,,0.0,0.0,999.0,6-5,244.0,4.61,,35.0,117.0,,,,13.17365269461078,,528.0,45.0,464.0,,,True,13.0,6.9,11.0,81.8,44.4,4.0,9.0,0.0,0.0,25.0,0.0,91.6,73.3,69.7,69.0,73.7,69.4,343.0,36.0,18.6,92.0,494.0,45.0,78.7,389.0,22.3,110.0,108.3,55.0,4.0,7.5,37.0,530.0,282.0,6.3,11.8,1.36,ARIZONA,True,tanner mclachlan,7.66
Jaheim Bell,2024,231,7,Florida St.,23.0,0,1,1,0,0,,,4.0,0.0,99.0,6-2,241.0,4.61,,35.0,124.0,,,,,,,,,,,False,13.0,7.9,11.0,75.0,50.0,3.0,6.0,9.3,4.0,23.0,0.0,57.4,74.0,73.4,51.8,75.3,43.0,128.0,49.0,7.7,23.0,298.0,39.0,85.6,255.0,44.3,132.0,117.7,52.0,2.0,10.4,31.0,503.0,315.0,8.1,12.9,1.97,FLORIDA ST,True,jaheim bell,8.45
Devin Culp,2024,246,7,Washington,24.0,0,1,2,0,0,,,13.8,0.0,82.0,6-3,231.0,4.47,,,,,,,8.222222222222223,,208.0,16.0,575.0,,,True,15.0,8.3,2.0,69.6,50.0,2.0,4.0,5.9,1.0,9.0,0.0,60.0,69.7,68.8,59.7,64.1,67.2,129.0,30.0,27.6,53.0,192.0,16.0,66.1,127.0,20.8,40.0,126.7,23.0,2.0,10.9,21.0,208.0,151.0,9.4,13.0,1.64,WASHINGTON,True,devin culp,8.14
Colston Loveland,2025,10,1,Michigan,21.0,1,0,1,1,1,10.31875,10.31875,165.1,10.31875,12.0,6-6,248.0,,,,,,,19.0,34.68414779499404,2023.0,582.0,56.0,308.0,-2.0,,True,10.0,7.1,3.0,68.3,20.0,2.0,10.0,3.4,2.0,31.0,1.0,84.3,44.0,85.9,30.9,90.6,32.5,75.0,36.0,2.6,6.0,231.0,56.0,94.4,218.0,47.6,110.0,78.4,82.0,5.0,18.6,43.0,582.0,290.0,5.2,10.4,2.67,MICHIGAN,True,colston loveland,
Tyler Warren,2025,14,1,Penn St.,23.0,0,0,1,1,1,11.088235294117649,11.088235294117649,188.5,11.088235294117649,5.0,6-6,256.0,,,,,,,,,,,,,,,False,16.0,6.9,19.0,77.0,61.9,13.0,21.0,2.8,3.0,67.0,1.0,90.7,66.7,91.3,57.7,93.4,33.1,161.0,38.0,3.7,18.0,486.0,104.0,90.9,442.0,47.3,230.0,120.9,135.0,8.0,14.0,68.0,1230.0,693.0,6.7,11.8,2.78,PENN STATE,True,tyler warren,
Mason Taylor,2025,42,2,LSU,21.0,1,0,1,0,0,6.684615384615385,6.684615384615385,86.9,6.684615384615385,33.0,6-5,251.0,,,,,,,,13.3692458374143,,546.0,55.0,533.0,,,True,12.0,8.6,5.0,69.6,50.0,8.0,16.0,1.8,1.0,37.0,0.0,90.1,74.5,67.8,63.9,69.5,45.1,251.0,33.0,16.7,93.0,556.0,55.0,79.7,443.0,44.6,248.0,92.1,79.0,2.0,9.0,50.0,546.0,252.0,4.6,9.9,1.23,LSU,True,mason taylor,8.89
Terrance Ferguson,2025,46,2,Oregon,22.0,1,0,1,0,0,4.736363636363636,4.736363636363636,52.1,4.736363636363636,52.0,6-5,247.0,4.63,,39.0,122.0,,,,15.103501150012775,,591.0,43.0,460.0,,,True,12.0,7.8,8.0,66.2,25.0,3.0,12.0,8.5,4.0,31.0,0.0,68.1,73.4,73.9,57.1,77.0,40.5,137.0,62.0,8.6,29.0,338.0,43.0,86.7,293.0,42.0,142.0,110.5,65.0,3.0,15.7,53.0,591.0,387.0,9.0,13.7,2.02,OREGON,True,terrance ferguson,9.32
Elijah Arroyo,2025,50,2,Miami (FL),22.0,1,0,1,0,0,2.9923076923076923,2.9923076923076923,38.9,2.9923076923076923,58.0,6-5,250.0,,22.0,,,,,,13.0329136293351,,590.0,35.0,489.0,,,True,13.0,11.1,3.0,74.5,20.0,1.0,5.0,2.8,1.0,25.0,0.0,83.8,72.7,71.6,70.0,73.6,39.3,165.0,74.0,9.8,41.0,420.0,35.0,83.3,350.0,51.4,216.0,129.2,47.0,7.0,5.5,23.0,590.0,313.0,8.9,16.9,1.69,MIAMI FL,True,elijah arroyo,
Harold Fannin,2025,67,3,Bowling Green,21.0,1,0,1,1,1,11.775,11.775,188.4,11.775,6.0,6-3,241.0,4.71,22.0,34.0,118.0,6.97,4.39,19.0,49.55242966751919,2023.0,1550.0,117.0,419.0,65.0,,True,13.0,7.5,34.0,78.0,54.5,12.0,22.0,3.3,4.0,74.0,1.0,89.9,64.4,95.9,38.2,96.4,38.3,168.0,65.0,1.6,7.0,439.0,117.0,94.1,413.0,31.7,139.0,123.8,150.0,10.0,26.2,115.0,1555.0,873.0,7.5,13.3,3.77,BOWL GREEN,True,harold fannin,7.77
Gunnar Helm,2025,120,4,Texas,23.0,0,0,1,0,0,5.73125,5.73125,91.7,5.73125,31.0,6-5,241.0,4.84,,30.0,,7.15,4.4,,17.82312925170068,,786.0,60.0,541.0,,,True,16.0,7.1,12.0,82.2,50.0,3.0,6.0,3.2,2.0,35.0,1.0,79.7,51.0,62.3,66.9,72.4,68.3,416.0,49.0,16.1,98.0,609.0,60.0,80.3,489.0,22.0,134.0,137.8,73.0,7.0,9.7,59.0,786.0,420.0,7.0,13.1,1.61,TEXAS,True,gunnar helm,4.33
Mitchell Evans,2025,163,5,Notre Dame,22.0,1,0,1,0,0,3.707692307692308,3.707692307692308,48.2,3.707692307692308,54.0,6-5,258.0,4.74,,31.0,115.0,7.25,4.4,,13.2807570977918,,421.0,43.0,445.0,,,True,16.0,6.7,9.0,72.9,72.7,8.0,11.0,6.5,3.0,21.0,1.0,72.8,42.2,65.3,63.5,65.9,28.2,97.0,33.0,7.6,26.0,344.0,43.0,87.2,300.0,57.8,199.0,102.2,59.0,3.0,12.2,42.0,418.0,188.0,4.4,9.7,1.39,NOTRE DAME,True,mitchell evans,7.25
Oronde Gadsden II,2025,165,5,Syracuse,22.0,1,0,1,1,0,8.893333333333334,8.893333333333334,133.4,8.893333333333334,15.0,6-5,243.0,,,34.0,114.0,,,19.0,32.18199933576884,2022.0,922.0,72.0,598.0,12.0,,True,13.0,10.3,5.0,70.9,60.7,17.0,28.0,3.9,3.0,48.0,1.0,84.7,75.8,82.6,65.0,82.6,32.6,183.0,39.0,6.6,37.0,561.0,73.0,87.9,493.0,58.3,327.0,113.5,103.0,7.0,8.7,49.0,934.0,257.0,3.5,12.8,1.89,SYRACUSE,True,oronde gadsden,7.95
Jackson Hawes,2025,173,5,Georgia Tech,24.0,0,0,1,0,0,4.053846153846154,4.053846153846154,52.7,4.053846153846154,51.0,6-5,253.0,4.82,16.0,34.5,121.0,,4.4,,6.314766839378239,,195.0,16.0,410.0,,,True,11.0,4.2,3.0,80.0,0.0,0.0,2.0,11.1,2.0,7.0,0.0,58.6,69.8,67.8,74.9,59.4,63.3,167.0,33.0,23.5,62.0,264.0,16.0,73.1,193.0,30.7,81.0,107.3,20.0,0.0,3.4,9.0,195.0,132.0,8.3,12.2,1.01,GA TECH,True,jackson hawes,7.23
Robbie Ouzts,2025,175,5,Alabama,23.0,0,0,0,0,0,,,0.0,0.0,999.0,6-3,274.0,4.91,26.0,34.0,119.0,7.34,4.45,,3.514480963228116,,108.0,8.0,354.0,,,True,12.0,9.9,1.0,80.0,,0.0,0.0,0.0,0.0,4.0,0.0,79.3,67.1,60.4,68.7,62.3,68.4,67.0,44.0,20.4,20.0,98.0,8.0,75.5,74.0,21.4,21.0,111.7,10.0,2.0,7.1,7.0,108.0,46.0,5.8,13.5,1.46,ALABAMA,True,robbie ouzts,5.33
Gavin Bartholomew,2025,202,6,Pittsburgh,22.0,1,0,0,0,0,,,0.0,0.0,999.0,6-5,246.0,4.7,,,,,,,12.577160493827162,,329.0,38.0,499.0,2.0,,True,13.0,4.8,5.0,74.5,100.0,2.0,2.0,7.3,3.0,20.0,0.0,71.5,73.3,57.2,30.4,62.1,49.9,223.0,21.0,3.4,15.0,447.0,38.0,90.6,405.0,23.3,104.0,116.6,51.0,4.0,25.7,115.0,322.0,169.0,4.4,8.5,0.8,PITTSBURGH,True,gavin bartholomew,8.87
Thomas Fidone,2025,219,7,Nebraska,22.0,1,0,0,0,0,,,0.0,0.0,999.0,6-5,243.0,4.7,,35.5,126.0,7.01,4.29,,15.941140404659718,,373.0,36.0,434.0,,,True,13.0,6.8,8.0,76.6,50.0,3.0,6.0,2.7,1.0,15.0,1.0,84.0,38.1,62.6,77.8,65.4,61.5,198.0,33.0,12.1,39.0,322.0,36.0,82.3,265.0,35.1,113.0,90.1,47.0,0.0,3.4,11.0,373.0,163.0,4.5,10.4,1.41,NEBRASKA,True,thomas fidone,9.49
Caleb Lohner,2025,241,7,Utah,24.0,0,0,0,0,0,,,0.0,0.0,999.0,,,,,,,,,,2.2565816966151275,,54.0,4.0,358.0,,,True,9.0,15.9,0.0,44.4,60.0,3.0,5.0,20.0,1.0,4.0,0.0,49.8,65.7,72.3,,70.5,34.9,15.0,20.0,0.0,0.0,43.0,4.0,93.0,40.0,46.5,20.0,64.1,9.0,4.0,18.6,8.0,54.0,1.0,0.3,13.5,1.35,UTAH,True,caleb lohner,8.83
Moliki Matavao,2025,248,7,UCLA,22.0,1,0,1,0,0,,,3.0,0.0,108.0,6-6,260.0,4.81,,32.5,114.0,,,,17.412250516173433,,506.0,41.0,398.0,,,True,11.0,7.8,6.0,68.3,37.5,3.0,8.0,2.4,1.0,23.0,1.0,84.9,40.2,65.3,54.6,66.4,32.3,111.0,35.0,6.7,23.0,344.0,41.0,89.2,307.0,37.2,128.0,84.4,60.0,2.0,30.5,105.0,506.0,285.0,7.0,12.3,1.65,UCLA,True,moliki matavao,6.59
Luke Lachey,2025,255,7,Iowa,24.0,0,0,0,0,0,,,0.0,0.0,999.0,6-6,251.0,,,35.0,120.0,7.18,4.47,,19.528949950932287,,231.0,28.0,260.0,,,True,12.0,6.3,7.0,71.8,50.0,5.0,10.0,3.4,1.0,12.0,0.0,79.5,71.5,58.8,50.1,65.7,63.8,150.0,28.0,8.9,21.0,235.0,28.0,88.1,207.0,29.4,69.0,65.2,39.0,0.0,6.8,16.0,231.0,99.0,3.5,8.3,1.12,IOWA,True,luke lachey,7.42
