player_name,college,birthdate,draft_age,seasons_found,seasons_data,breakout_season,breakout_age,peak_dominator,peak_dominator_season,status
Carnell Tate,Ohio State,2005-01-19,20,3,"[{""season"": 2023, ""cfbd_name"": ""Carnell Tate"", ""player_rec_yards"": 264.0, ""player_rec_tds"": 1.0, ""team_rec_yards"": 3498.0, ""team_rec_tds"": 26.0, ""dominator"": 0.056966618287373004, ""dominator_pct"": 5.696661828737301, ""age_at_season"": 18}, {""season"": 2024, ""cfbd_name"": ""Carnell Tate"", ""player_rec_yards"": 733.0, ""player_rec_tds"": 4.0, ""team_rec_yards"": 4208.0, ""team_rec_tds"": 37.0, ""dominator"": 0.1411500616586168, ""dominator_pct"": 14.11500616586168, ""age_at_season"": 19}, {""season"": 2025, ""cfbd_name"": ""Carnell Tate"", ""player_rec_yards"": 875.0, ""player_rec_tds"": 9.0, ""team_rec_yards"": 3755.0, ""team_rec_tds"": 33.0, ""dominator"": 0.25287495460597986, ""dominator_pct"": 25.287495460597988, ""age_at_season"": 20}]",2025.0,20.0,25.287495460597988,2025.0,breakout_found
Jordyn Tyson,Arizona State,2004-08-12,21,2,"[{""season"": 2024, ""cfbd_name"": ""Jordyn Tyson"", ""player_rec_yards"": 1101.0, ""player_rec_tds"": 10.0, ""team_rec_yards"": 3213.0, ""team_rec_tds"": 26.0, ""dominator"": 0.3636428930546578, ""dominator_pct"": 36.36428930546578, ""age_at_season"": 19}, {""season"": 2025, ""cfbd_name"": ""Jordyn Tyson"", ""player_rec_yards"": 711.0, ""player_rec_tds"": 8.0, ""team_rec_yards"": 2908.0, ""team_rec_tds"": 20.0, ""dominator"": 0.3222489683631362, ""dominator_pct"": 32.22489683631362, ""age_at_season"": 20}]",2024.0,19.0,36.36428930546578,2024.0,breakout_found
Makai Lemon,USC,2004-06-02,21,3,"[{""season"": 2023, ""cfbd_name"": ""Makai Lemon"", ""player_rec_yards"": 88.0, ""player_rec_tds"": 0.0, ""team_rec_yards"": 4329.0, ""team_rec_tds"": 37.0, ""dominator"": 0.010164010164010164, ""dominator_pct"": 1.0164010164010164, ""age_at_season"": 19}, {""season"": 2024, ""cfbd_name"": ""Makai Lemon"", ""player_rec_yards"": 764.0, ""player_rec_tds"": 3.0, ""team_rec_yards"": 3795.0, ""team_rec_tds"": 29.0, ""dominator"": 0.15238289945936123, ""dominator_pct"": 15.238289945936124, ""age_at_season"": 20}, {""season"": 2025, ""cfbd_name"": ""Makai Lemon"", ""player_rec_yards"": 1156.0, ""player_rec_tds"": 11.0, ""team_rec_yards"": 3848.0, ""team_rec_tds"": 26.0, ""dominator"": 0.36174636174636177, ""dominator_pct"": 36.17463617463618, ""age_at_season"": 21}]",2025.0,21.0,36.17463617463618,2025.0,breakout_found
Denzel Boston,Washington,2003-12-06,21,4,"[{""season"": 2022, ""cfbd_name"": ""Denzel Boston"", ""player_rec_yards"": 15.0, ""player_rec_tds"": 0.0, ""team_rec_yards"": 4807.0, ""team_rec_tds"": 32.0, ""dominator"": 0.0015602246723528188, ""dominator_pct"": 0.15602246723528188, ""age_at_season"": 18}, {""season"": 2023, ""cfbd_name"": ""Denzel Boston"", ""player_rec_yards"": 51.0, ""player_rec_tds"": 0.0, ""team_rec_yards"": 5155.0, ""team_rec_tds"": 38.0, ""dominator"": 0.004946653734238604, ""dominator_pct"": 0.49466537342386036, ""age_at_season"": 19}, {""season"": 2024, ""cfbd_name"": ""Denzel Boston"", ""player_rec_yards"": 834.0, ""player_rec_tds"": 9.0, ""team_rec_yards"": 3402.0, ""team_rec_tds"": 22.0, ""dominator"": 0.3271204104537438, ""dominator_pct"": 32.71204104537438, ""age_at_season"": 20}, {""season"": 2025, ""cfbd_name"": ""Denzel Boston"", ""player_rec_yards"": 881.0, ""player_rec_tds"": 11.0, ""team_rec_yards"": 3178.0, ""team_rec_tds"": 26.0, ""dominator"": 0.3501476497071211, ""dominator_pct"": 35.01476497071211, ""age_at_season"": 21}]",2024.0,20.0,35.01476497071211,2025.0,breakout_found
Kevin Concepcion,Texas A&M,2004-09-24,20,4,"[{""season"": 2023, ""team"": ""NC State"", ""rec_yds"": 742.0, ""rec_tds"": 10, ""team_rec_yds"": 2300.0, ""team_rec_tds"": 19, ""team_recv_plays"": 203, ""dominator_pct"": 42.45, ""reliable"": true}, {""season"": 2024, ""team"": ""Clemson"", ""rec_yds"": 5.0, ""rec_tds"": 0, ""team_rec_yds"": 3105.0, ""team_rec_tds"": 29, ""team_recv_plays"": 274, ""dominator_pct"": 0.08, ""reliable"": true}, {""season"": 2024, ""team"": ""NC State"", ""rec_yds"": 330.0, ""rec_tds"": 2, ""team_rec_yds"": 2521.0, ""team_rec_tds"": 18, ""team_recv_plays"": 224, ""dominator_pct"": 12.1, ""reliable"": true}, {""season"": 2025, ""team"": ""Texas A&M"", ""rec_yds"": 814.0, ""rec_tds"": 5, ""team_rec_yds"": 3003.0, ""team_rec_tds"": 18, ""team_recv_plays"": 221, ""dominator_pct"": 27.44, ""reliable"": true}]",2023.0,19.0,42.45,2023.0,breakout_found
Chris Bell,Louisville,MISSING,MISSING,4,"[{""season"": 2022, ""cfbd_name"": ""Chris Bell"", ""player_rec_yards"": 105.0, ""player_rec_tds"": 0.0, ""team_rec_yards"": 2672.0, ""team_rec_tds"": 13.0, ""dominator"": 0.01964820359281437, ""dominator_pct"": 1.964820359281437, ""age_at_season"": null}, {""season"": 2023, ""cfbd_name"": ""Chris Bell"", ""player_rec_yards"": 407.0, ""player_rec_tds"": 2.0, ""team_rec_yards"": 3283.0, ""team_rec_tds"": 22.0, ""dominator"": 0.10744053387976629, ""dominator_pct"": 10.74405338797663, ""age_at_season"": null}, {""season"": 2024, ""cfbd_name"": ""Chris Bell"", ""player_rec_yards"": 737.0, ""player_rec_tds"": 4.0, ""team_rec_yards"": 3424.0, ""team_rec_tds"": 26.0, ""dominator"": 0.1845457404744788, ""dominator_pct"": 18.45457404744788, ""age_at_season"": null}, {""season"": 2025, ""cfbd_name"": ""Chris Bell"", ""player_rec_yards"": 917.0, ""player_rec_tds"": 6.0, ""team_rec_yards"": 2868.0, ""team_rec_tds"": 18.0, ""dominator"": 0.326534170153417, ""dominator_pct"": 32.6534170153417, ""age_at_season"": null}]",2025.0,,32.6534170153417,2025.0,breakout_found
Elijah Sarratt,Indiana,2003-05-28,22,4,"[{""season"": 2022, ""team"": ""St. Francis (PA)"", ""rec_yds"": 213.0, ""rec_tds"": 4, ""team_rec_yds"": 1252.0, ""team_rec_tds"": 11, ""team_recv_plays"": 99, ""dominator_pct"": 26.69, ""reliable"": true}, {""season"": 2023, ""team"": ""James Madison"", ""rec_yds"": 956.0, ""rec_tds"": 7, ""team_rec_yds"": 3157.0, ""team_rec_tds"": 32, ""team_recv_plays"": 246, ""dominator_pct"": 26.08, ""reliable"": true}, {""season"": 2024, ""team"": ""Indiana"", ""rec_yds"": 879.0, ""rec_tds"": 7, ""team_rec_yds"": 3176.0, ""team_rec_tds"": 31, ""team_recv_plays"": 225, ""dominator_pct"": 25.13, ""reliable"": true}, {""season"": 2025, ""team"": ""Indiana"", ""rec_yds"": 727.0, ""rec_tds"": 9, ""team_rec_yds"": 3610.0, ""team_rec_tds"": 28, ""team_recv_plays"": 278, ""dominator_pct"": 26.14, ""reliable"": true}]",2022.0,19.0,26.69,2022.0,breakout_found
Zachariah Branch,Georgia,2004-03-29,21,4,"[{""season"": 2023, ""team"": ""UCLA"", ""rec_yds"": 8.0, ""rec_tds"": 0, ""team_rec_yds"": 2774.0, ""team_rec_tds"": 21, ""team_recv_plays"": 221, ""dominator_pct"": 0.14, ""reliable"": true}, {""season"": 2023, ""team"": ""USC"", ""rec_yds"": 303.0, ""rec_tds"": 2, ""team_rec_yds"": 3928.0, ""team_rec_tds"": 30, ""team_recv_plays"": 285, ""dominator_pct"": 7.19, ""reliable"": true}, {""season"": 2024, ""team"": ""USC"", ""rec_yds"": 510.0, ""rec_tds"": 0, ""team_rec_yds"": 3545.0, ""team_rec_tds"": 24, ""team_recv_plays"": 313, ""dominator_pct"": 7.19, ""reliable"": true}, {""season"": 2025, ""team"": ""Georgia"", ""rec_yds"": 794.0, ""rec_tds"": 3, ""team_rec_yds"": 2984.0, ""team_rec_tds"": 13, ""team_recv_plays"": 277, ""dominator_pct"": 24.84, ""reliable"": true}]",2025.0,21.0,24.84,2025.0,breakout_found
Germie Bernard,Alabama,2003-12-02,21,4,"[{""season"": 2022, ""team"": ""Michigan State"", ""rec_yds"": 128.0, ""rec_tds"": 2, ""team_rec_yds"": 2855.0, ""team_rec_tds"": 24, ""team_recv_plays"": 255, ""dominator_pct"": 6.41, ""reliable"": true}, {""season"": 2023, ""team"": ""Washington"", ""rec_yds"": 367.0, ""rec_tds"": 1, ""team_rec_yds"": 4392.0, ""team_rec_tds"": 35, ""team_recv_plays"": 311, ""dominator_pct"": 5.61, ""reliable"": true}, {""season"": 2024, ""team"": ""Alabama"", ""rec_yds"": 628.0, ""rec_tds"": 0, ""team_rec_yds"": 2884.0, ""team_rec_tds"": 16, ""team_recv_plays"": 214, ""dominator_pct"": 10.89, ""reliable"": true}, {""season"": 2025, ""team"": ""Alabama"", ""rec_yds"": 866.0, ""rec_tds"": 6, ""team_rec_yds"": 3884.0, ""team_rec_tds"": 27, ""team_recv_plays"": 337, ""dominator_pct"": 22.26, ""reliable"": true}]",2025.0,22.0,22.26,2025.0,breakout_found
Chris Brazzell II,Tennessee,2003-09-22,22,4,"[{""season"": 2022, ""team"": ""Tulane"", ""rec_yds"": 22.0, ""rec_tds"": 0, ""team_rec_yds"": 3062.0, ""team_rec_tds"": 29, ""team_recv_plays"": 226, ""dominator_pct"": 0.36, ""reliable"": true}, {""season"": 2023, ""team"": ""Tulane"", ""rec_yds"": 711.0, ""rec_tds"": 5, ""team_rec_yds"": 2897.0, ""team_rec_tds"": 25, ""team_recv_plays"": 215, ""dominator_pct"": 22.27, ""reliable"": true}, {""season"": 2024, ""team"": ""Tennessee"", ""rec_yds"": 266.0, ""rec_tds"": 2, ""team_rec_yds"": 2425.0, ""team_rec_tds"": 21, ""team_recv_plays"": 211, ""dominator_pct"": 10.25, ""reliable"": true}, {""season"": 2025, ""team"": ""Tennessee"", ""rec_yds"": 968.0, ""rec_tds"": 8, ""team_rec_yds"": 3731.0, ""team_rec_tds"": 20, ""team_recv_plays"": 285, ""dominator_pct"": 32.97, ""reliable"": true}]",2023.0,20.0,32.97,2025.0,breakout_found
Ja'Kobi Lane,USC,2004-08-05,21,3,"[{""season"": 2023, ""cfbd_name"": ""Ja'Kobi Lane"", ""player_rec_yards"": 93.0, ""player_rec_tds"": 2.0, ""team_rec_yards"": 4329.0, ""team_rec_tds"": 37.0, ""dominator"": 0.037768537768537766, ""dominator_pct"": 3.7768537768537764, ""age_at_season"": 18}, {""season"": 2024, ""cfbd_name"": ""Ja'Kobi Lane"", ""player_rec_yards"": 525.0, ""player_rec_tds"": 12.0, ""team_rec_yards"": 3795.0, ""team_rec_tds"": 29.0, ""dominator"": 0.27606651219844625, ""dominator_pct"": 27.606651219844625, ""age_at_season"": 19}, {""season"": 2025, ""cfbd_name"": ""Ja'Kobi Lane"", ""player_rec_yards"": 745.0, ""player_rec_tds"": 4.0, ""team_rec_yards"": 3848.0, ""team_rec_tds"": 26.0, ""dominator"": 0.17372661122661123, ""dominator_pct"": 17.372661122661125, ""age_at_season"": 20}]",2024.0,19.0,27.606651219844625,2024.0,breakout_found
Omar Cooper Jr.,Indiana,2003-12-14,21,3,"[{""season"": 2023, ""cfbd_name"": ""Omar Cooper Jr."", ""player_rec_yards"": 267.0, ""player_rec_tds"": 2.0, ""team_rec_yards"": 2548.0, ""team_rec_tds"": 18.0, ""dominator"": 0.10794959009244723, ""dominator_pct"": 10.794959009244723, ""age_at_season"": 19}, {""season"": 2024, ""cfbd_name"": ""Omar Cooper Jr."", ""player_rec_yards"": 594.0, ""player_rec_tds"": 7.0, ""team_rec_yards"": 3397.0, ""team_rec_tds"": 33.0, ""dominator"": 0.1934906914300497, ""dominator_pct"": 19.34906914300497, ""age_at_season"": 20}, {""season"": 2025, ""cfbd_name"": ""Omar Cooper Jr."", ""player_rec_yards"": 961.0, ""player_rec_tds"": 13.0, ""team_rec_yards"": 3826.0, ""team_rec_tds"": 46.0, ""dominator"": 0.26689242937339486, ""dominator_pct"": 26.689242937339486, ""age_at_season"": 21}]",2025.0,21.0,26.68924293733949,2025.0,breakout_found
Antonio Williams,Clemson,2004-07-14,21,5,"[{""season"": 2021, ""cfbd_name"": ""E.J. Williams"", ""player_rec_yards"": 66.0, ""player_rec_tds"": 0.0, ""team_rec_yards"": 2485.0, ""team_rec_tds"": 12.0, ""dominator"": 0.013279678068410463, ""dominator_pct"": 1.3279678068410463, ""age_at_season"": 17}, {""season"": 2022, ""cfbd_name"": ""E.J. Williams"", ""player_rec_yards"": 70.0, ""player_rec_tds"": 0.0, ""team_rec_yards"": 3247.0, ""team_rec_tds"": 24.0, ""dominator"": 0.010779180782260549, ""dominator_pct"": 1.077918078226055, ""age_at_season"": 18}, {""season"": 2023, ""cfbd_name"": ""Antonio Williams"", ""player_rec_yards"": 208.0, ""player_rec_tds"": 2.0, ""team_rec_yards"": 2969.0, ""team_rec_tds"": 20.0, ""dominator"": 0.08502862916807005, ""dominator_pct"": 8.502862916807006, ""age_at_season"": 19}, {""season"": 2024, ""cfbd_name"": ""Antonio Williams"", ""player_rec_yards"": 902.0, ""player_rec_tds"": 11.0, ""team_rec_yards"": 3899.0, ""team_rec_tds"": 37.0, ""dominator"": 0.2643193334396207, ""dominator_pct"": 26.431933343962072, ""age_at_season"": 20}, {""season"": 2025, ""cfbd_name"": ""Antonio Williams"", ""player_rec_yards"": 604.0, ""player_rec_tds"": 4.0, ""team_rec_yards"": 3481.0, ""team_rec_tds"": 22.0, ""dominator"": 0.17766577002428768, ""dominator_pct"": 17.766577002428768, ""age_at_season"": 21}]",2024.0,20.0,26.431933343962072,2024.0,breakout_found
Skyler Bell,UConn,2002-07-05,23,4,"[{""season"": 2022, ""team"": ""Wisconsin"", ""rec_yds"": 408.0, ""rec_tds"": 4, ""team_rec_yds"": 2160.0, ""team_rec_tds"": 18, ""team_recv_plays"": 164, ""dominator_pct"": 20.56, ""reliable"": true}, {""season"": 2023, ""team"": ""Wisconsin"", ""rec_yds"": 301.0, ""rec_tds"": 1, ""team_rec_yds"": 2447.0, ""team_rec_tds"": 11, ""team_recv_plays"": 247, ""dominator_pct"": 10.7, ""reliable"": true}, {""season"": 2024, ""team"": ""UConn"", ""rec_yds"": 791.0, ""rec_tds"": 4, ""team_rec_yds"": 2319.0, ""team_rec_tds"": 22, ""team_recv_plays"": 195, ""dominator_pct"": 26.15, ""reliable"": true}, {""season"": 2025, ""team"": ""UConn"", ""rec_yds"": 1130.0, ""rec_tds"": 6, ""team_rec_yds"": 3668.0, ""team_rec_tds"": 24, ""team_recv_plays"": 303, ""dominator_pct"": 27.9, ""reliable"": true}]",2022.0,20.0,27.9,2025.0,breakout_found
Malachi Fields,Notre Dame,MISSING,22,6,"[{""season"": 2021, ""team"": ""Virginia"", ""rec_yds"": 172.0, ""rec_tds"": 0, ""team_rec_yds"": 4639.0, ""team_rec_tds"": 30, ""team_recv_plays"": 342, ""dominator_pct"": 1.85, ""reliable"": true}, {""season"": 2022, ""team"": ""Virginia"", ""rec_yds"": 58.0, ""rec_tds"": 1, ""team_rec_yds"": 2078.0, ""team_rec_tds"": 7, ""team_recv_plays"": 171, ""dominator_pct"": 8.54, ""reliable"": true}, {""season"": 2023, ""team"": ""Virginia"", ""rec_yds"": 781.0, ""rec_tds"": 3, ""team_rec_yds"": 3040.0, ""team_rec_tds"": 19, ""team_recv_plays"": 248, ""dominator_pct"": 20.74, ""reliable"": true}, {""season"": 2024, ""team"": ""Maryland"", ""rec_yds"": 10.0, ""rec_tds"": 0, ""team_rec_yds"": 3314.0, ""team_rec_tds"": 21, ""team_recv_plays"": 314, ""dominator_pct"": 0.15, ""reliable"": true}, {""season"": 2024, ""team"": ""Virginia"", ""rec_yds"": 631.0, ""rec_tds"": 3, ""team_rec_yds"": 2581.0, ""team_rec_tds"": 16, ""team_recv_plays"": 238, ""dominator_pct"": 21.6, ""reliable"": true}, {""season"": 2025, ""team"": ""Notre Dame"", ""rec_yds"": 545.0, ""rec_tds"": 2, ""team_rec_yds"": 2713.0, ""team_rec_tds"": 13, ""team_recv_plays"": 202, ""dominator_pct"": 17.74, ""reliable"": true}]",2023.0,19.0,21.6,2024.0,breakout_found
C.J. Daniels,Miami,2002-01-04,24,4,"[{""season"": 2022, ""team"": ""Liberty"", ""rec_yds"": 38.0, ""rec_tds"": 1, ""team_rec_yds"": 2663.0, ""team_rec_tds"": 19, ""team_recv_plays"": 218, ""dominator_pct"": 3.35, ""reliable"": true}, {""season"": 2023, ""team"": ""Liberty"", ""rec_yds"": 881.0, ""rec_tds"": 9, ""team_rec_yds"": 2719.0, ""team_rec_tds"": 31, ""team_recv_plays"": 164, ""dominator_pct"": 30.72, ""reliable"": true}, {""season"": 2024, ""team"": ""LSU"", ""rec_yds"": 480.0, ""rec_tds"": 0, ""team_rec_yds"": 3797.0, ""team_rec_tds"": 26, ""team_recv_plays"": 321, ""dominator_pct"": 6.32, ""reliable"": true}, {""season"": 2025, ""team"": ""Miami"", ""rec_yds"": 526.0, ""rec_tds"": 5, ""team_rec_yds"": 3717.0, ""team_rec_tds"": 15, ""team_recv_plays"": 334, ""dominator_pct"": 23.74, ""reliable"": true}]",2023.0,21.0,30.72,2023.0,never_hit_20pct
Brenen Thompson,Mississippi State,2003-07-25,22,4,"[{""season"": 2022, ""team"": ""Texas"", ""rec_yds"": 32.0, ""rec_tds"": 0, ""team_rec_yds"": 2741.0, ""team_rec_tds"": 21, ""team_recv_plays"": 212, ""dominator_pct"": 0.58, ""reliable"": true}, {""season"": 2023, ""team"": ""Oklahoma"", ""rec_yds"": 158.0, ""rec_tds"": 1, ""team_rec_yds"": 3791.0, ""team_rec_tds"": 31, ""team_recv_plays"": 273, ""dominator_pct"": 3.7, ""reliable"": true}, {""season"": 2024, ""team"": ""Oklahoma"", ""rec_yds"": 230.0, ""rec_tds"": 2, ""team_rec_yds"": 2000.0, ""team_rec_tds"": 14, ""team_recv_plays"": 199, ""dominator_pct"": 12.89, ""reliable"": true}, {""season"": 2025, ""team"": ""Mississippi State"", ""rec_yds"": 979.0, ""rec_tds"": 3, ""team_rec_yds"": 3057.0, ""team_rec_tds"": 14, ""team_recv_plays"": 235, ""dominator_pct"": 26.73, ""reliable"": true}]",2025.0,22.0,26.73,2025.0,breakout_found
Deion Burks,Oklahoma,2003-01-08,22,4,"[{""season"": 2022, ""team"": ""Purdue"", ""rec_yds"": 153.0, ""rec_tds"": 0, ""team_rec_yds"": 3568.0, ""team_rec_tds"": 23, ""team_recv_plays"": 326, ""dominator_pct"": 2.14, ""reliable"": true}, {""season"": 2023, ""team"": ""Purdue"", ""rec_yds"": 545.0, ""rec_tds"": 5, ""team_rec_yds"": 2510.0, ""team_rec_tds"": 14, ""team_recv_plays"": 231, ""dominator_pct"": 28.71, ""reliable"": true}, {""season"": 2024, ""team"": ""Oklahoma"", ""rec_yds"": 242.0, ""rec_tds"": 3, ""team_rec_yds"": 2000.0, ""team_rec_tds"": 14, ""team_recv_plays"": 199, ""dominator_pct"": 16.76, ""reliable"": true}, {""season"": 2025, ""team"": ""Oklahoma"", ""rec_yds"": 589.0, ""rec_tds"": 2, ""team_rec_yds"": 2902.0, ""team_rec_tds"": 13, ""team_recv_plays"": 257, ""dominator_pct"": 17.84, ""reliable"": true}]",2023.0,20.0,28.71,2023.0,breakout_found
Ted Hurst,Georgia State,MISSING,MISSING,2,"[{""season"": 2024, ""cfbd_name"": ""Ted Hurst"", ""player_rec_yards"": 961.0, ""player_rec_tds"": 9.0, ""team_rec_yards"": 3069.0, ""team_rec_tds"": 21.0, ""dominator"": 0.3708513708513709, ""dominator_pct"": 37.085137085137085, ""age_at_season"": null}, {""season"": 2025, ""cfbd_name"": ""Ted Hurst"", ""player_rec_yards"": 1004.0, ""player_rec_tds"": 6.0, ""team_rec_yards"": 3053.0, ""team_rec_tds"": 22.0, ""dominator"": 0.30079206741506115, ""dominator_pct"": 30.079206741506116, ""age_at_season"": null}]",2024.0,,37.085137085137085,2024.0,breakout_found
Bryce Lance,North Dakota State,2001-09-20,23,3,"[{""season"": 2023, ""cfbd_name"": ""Bryce Lance"", ""player_rec_yards"": 7.0, ""player_rec_tds"": 0.0, ""team_rec_yards"": 2964.0, ""team_rec_tds"": 22.0, ""dominator"": 0.0011808367071524967, ""dominator_pct"": 0.11808367071524967, ""age_at_season"": 21}, {""season"": 2024, ""cfbd_name"": ""Bryce Lance"", ""player_rec_yards"": 1054.0, ""player_rec_tds"": 17.0, ""team_rec_yards"": 3591.0, ""team_rec_tds"": 38.0, ""dominator"": 0.37043998886104146, ""dominator_pct"": 37.04399888610415, ""age_at_season"": 22}, {""season"": 2025, ""cfbd_name"": ""Bryce Lance"", ""player_rec_yards"": 1079.0, ""player_rec_tds"": 8.0, ""team_rec_yards"": 3104.0, ""team_rec_tds"": 20.0, ""dominator"": 0.37380798969072165, ""dominator_pct"": 37.38079896907217, ""age_at_season"": 23}]",2024.0,22.0,37.38079896907217,2025.0,breakout_found
Kevin Coleman Jr.,Missouri,2003-09-10,21,4,"[{""season"": 2022, ""team"": ""Jackson State"", ""rec_yds"": 188.0, ""rec_tds"": 2, ""team_rec_yds"": 1736.0, ""team_rec_tds"": 22, ""team_recv_plays"": 174, ""dominator_pct"": 9.96, ""reliable"": true}, {""season"": 2023, ""team"": ""Louisville"", ""rec_yds"": 310.0, ""rec_tds"": 2, ""team_rec_yds"": 3083.0, ""team_rec_tds"": 22, ""team_recv_plays"": 232, ""dominator_pct"": 9.57, ""reliable"": true}, {""season"": 2024, ""team"": ""Mississippi State"", ""rec_yds"": 784.0, ""rec_tds"": 3, ""team_rec_yds"": 2745.0, ""team_rec_tds"": 18, ""team_recv_plays"": 206, ""dominator_pct"": 22.61, ""reliable"": true}, {""season"": 2025, ""team"": ""Missouri"", ""rec_yds"": 736.0, ""rec_tds"": 1, ""team_rec_yds"": 2400.0, ""team_rec_tds"": 11, ""team_recv_plays"": 227, ""dominator_pct"": 19.88, ""reliable"": true}]",2024.0,21.0,22.61,2024.0,never_hit_20pct
Eric McAlister,TCU,MISSING,22,4,"[{""season"": 2022, ""team"": ""Boise State"", ""rec_yds"": 235.0, ""rec_tds"": 3, ""team_rec_yds"": 2501.0, ""team_rec_tds"": 18, ""team_recv_plays"": 203, ""dominator_pct"": 13.03, ""reliable"": true}, {""season"": 2023, ""team"": ""Boise State"", ""rec_yds"": 818.0, ""rec_tds"": 3, ""team_rec_yds"": 2948.0, ""team_rec_tds"": 18, ""team_recv_plays"": 202, ""dominator_pct"": 22.21, ""reliable"": true}, {""season"": 2024, ""team"": ""TCU"", ""rec_yds"": 675.0, ""rec_tds"": 4, ""team_rec_yds"": 3764.0, ""team_rec_tds"": 26, ""team_recv_plays"": 294, ""dominator_pct"": 16.66, ""reliable"": true}, {""season"": 2025, ""team"": ""TCU"", ""rec_yds"": 1097.0, ""rec_tds"": 7, ""team_rec_yds"": 3624.0, ""team_rec_tds"": 23, ""team_recv_plays"": 296, ""dominator_pct"": 30.35, ""reliable"": true}]",2023.0,19.0,30.35,2025.0,breakout_found
Eric Rivers,Georgia Tech,MISSING,22,3,"[{""season"": 2023, ""team"": ""Florida International"", ""rec_yds"": 343.0, ""rec_tds"": 2, ""team_rec_yds"": 2622.0, ""team_rec_tds"": 10, ""team_recv_plays"": 211, ""dominator_pct"": 16.54, ""reliable"": true}, {""season"": 2024, ""team"": ""Florida International"", ""rec_yds"": 1167.0, ""rec_tds"": 12, ""team_rec_yds"": 2704.0, ""team_rec_tds"": 24, ""team_recv_plays"": 202, ""dominator_pct"": 46.58, ""reliable"": true}, {""season"": 2025, ""team"": ""Georgia Tech"", ""rec_yds"": 631.0, ""rec_tds"": 1, ""team_rec_yds"": 2907.0, ""team_rec_tds"": 5, ""team_recv_plays"": 243, ""dominator_pct"": 20.85, ""reliable"": true}]",2024.0,20.0,46.58,2024.0,never_hit_20pct
Lewis Bond,Boston College,MISSING,22,5,"[{""season"": 2021, ""cfbd_name"": ""Lewis Bond"", ""player_rec_yards"": 6.0, ""player_rec_tds"": 0.0, ""team_rec_yards"": 2217.0, ""team_rec_tds"": 13.0, ""dominator"": 0.0013531799729364006, ""dominator_pct"": 0.13531799729364005, ""age_at_season"": null}, {""season"": 2022, ""cfbd_name"": ""Lewis Bond"", ""player_rec_yards"": 51.0, ""player_rec_tds"": 0.0, ""team_rec_yards"": 2965.0, ""team_rec_tds"": 21.0, ""dominator"": 0.008600337268128162, ""dominator_pct"": 0.8600337268128162, ""age_at_season"": null}, {""season"": 2023, ""cfbd_name"": ""Lewis Bond"", ""player_rec_yards"": 646.0, ""player_rec_tds"": 7.0, ""team_rec_yards"": 2394.0, ""team_rec_tds"": 15.0, ""dominator"": 0.3682539682539683, ""dominator_pct"": 36.82539682539683, ""age_at_season"": null}, {""season"": 2024, ""cfbd_name"": ""Lewis Bond"", ""player_rec_yards"": 689.0, ""player_rec_tds"": 3.0, ""team_rec_yards"": 2591.0, ""team_rec_tds"": 24.0, ""dominator"": 0.19546024700887688, ""dominator_pct"": 19.54602470088769, ""age_at_season"": null}, {""season"": 2025, ""cfbd_name"": ""Lewis Bond"", ""player_rec_yards"": 1010.0, ""player_rec_tds"": 1.0, ""team_rec_yards"": 3362.0, ""team_rec_tds"": 20.0, ""dominator"": 0.17520820939916715, ""dominator_pct"": 17.520820939916714, ""age_at_season"": null}]",2023.0,19.0,36.82539682539683,2023.0,breakout_found
De'Zhaun Stribling,Ole Miss,2002-12-18,22,4,"[{""season"": 2021, ""team"": ""Washington State"", ""rec_yds"": 101.0, ""rec_tds"": 1, ""team_rec_yds"": 378.0, ""team_rec_tds"": 5, ""team_recv_plays"": 42, ""dominator_pct"": 23.36, ""reliable"": false}, {""season"": 2022, ""team"": ""Washington State"", ""rec_yds"": 547.0, ""rec_tds"": 2, ""team_rec_yds"": 3096.0, ""team_rec_tds"": 24, ""team_recv_plays"": 294, ""dominator_pct"": 13.0, ""reliable"": true}, {""season"": 2023, ""team"": ""Oklahoma State"", ""rec_yds"": 201.0, ""rec_tds"": 1, ""team_rec_yds"": 3443.0, ""team_rec_tds"": 16, ""team_recv_plays"": 307, ""dominator_pct"": 6.04, ""reliable"": true}, {""season"": 2024, ""team"": ""Oklahoma State"", ""rec_yds"": 661.0, ""rec_tds"": 3, ""team_rec_yds"": 3006.0, ""team_rec_tds"": 22, ""team_recv_plays"": 254, ""dominator_pct"": 17.81, ""reliable"": true}, {""season"": 2025, ""team"": ""Ole Miss"", ""rec_yds"": 722.0, ""rec_tds"": 2, ""team_rec_yds"": 4393.0, ""team_rec_tds"": 15, ""team_recv_plays"": 327, ""dominator_pct"": 14.88, ""reliable"": true}]",,,17.81,2024.0,breakout_found
Keelan Marion,Miami,2002-06-22,24,5,"[{""season"": 2021, ""team"": ""UConn"", ""rec_yds"": 425.0, ""rec_tds"": 3, ""team_rec_yds"": 1928.0, ""team_rec_tds"": 11, ""team_recv_plays"": 198, ""dominator_pct"": 24.66, ""reliable"": true}, {""season"": 2022, ""team"": ""UConn"", ""rec_yds"": 20.0, ""rec_tds"": 1, ""team_rec_yds"": 1277.0, ""team_rec_tds"": 9, ""team_recv_plays"": 145, ""dominator_pct"": 6.34, ""reliable"": true}, {""season"": 2023, ""team"": ""BYU"", ""rec_yds"": 186.0, ""rec_tds"": 0, ""team_rec_yds"": 2245.0, ""team_rec_tds"": 17, ""team_recv_plays"": 189, ""dominator_pct"": 4.14, ""reliable"": true}, {""season"": 2024, ""team"": ""BYU"", ""rec_yds"": 268.0, ""rec_tds"": 1, ""team_rec_yds"": 2518.0, ""team_rec_tds"": 20, ""team_recv_plays"": 193, ""dominator_pct"": 7.82, ""reliable"": true}, {""season"": 2025, ""team"": ""Miami"", ""rec_yds"": 633.0, ""rec_tds"": 0, ""team_rec_yds"": 3717.0, ""team_rec_tds"": 15, ""team_recv_plays"": 334, ""dominator_pct"": 8.51, ""reliable"": true}]",2021.0,19.0,24.66,2021.0,never_hit_20pct
Josh Cameron,Baylor,2003-03-18,22,4,"[{""season"": 2022, ""cfbd_name"": ""Josh Cameron"", ""player_rec_yards"": 386.0, ""player_rec_tds"": 0.0, ""team_rec_yards"": 3009.0, ""team_rec_tds"": 19.0, ""dominator"": 0.06414091060152875, ""dominator_pct"": 6.414091060152876, ""age_at_season"": 19}, {""season"": 2023, ""cfbd_name"": ""Josh Cameron"", ""player_rec_yards"": 224.0, ""player_rec_tds"": 0.0, ""team_rec_yards"": 3156.0, ""team_rec_tds"": 15.0, ""dominator"": 0.035487959442332066, ""dominator_pct"": 3.5487959442332064, ""age_at_season"": 20}, {""season"": 2024, ""cfbd_name"": ""Josh Cameron"", ""player_rec_yards"": 754.0, ""player_rec_tds"": 10.0, ""team_rec_yards"": 3397.0, ""team_rec_tds"": 31.0, ""dominator"": 0.27227059929539343, ""dominator_pct"": 27.227059929539344, ""age_at_season"": 21}, {""season"": 2025, ""cfbd_name"": ""Josh Cameron"", ""player_rec_yards"": 872.0, ""player_rec_tds"": 9.0, ""team_rec_yards"": 3715.0, ""team_rec_tds"": 31.0, ""dominator"": 0.26252333608301137, ""dominator_pct"": 26.252333608301136, ""age_at_season"": 22}]",2024.0,21.0,27.227059929539344,2024.0,breakout_found
Noah Thomas,Georgia,2004-01-13,21,4,"[{""season"": 2022, ""team"": ""Texas A&M"", ""rec_yds"": 51.0, ""rec_tds"": 2, ""team_rec_yds"": 2523.0, ""team_rec_tds"": 18, ""team_recv_plays"": 216, ""dominator_pct"": 6.57, ""reliable"": true}, {""season"": 2023, ""team"": ""Texas A&M"", ""rec_yds"": 359.0, ""rec_tds"": 5, ""team_rec_yds"": 3083.0, ""team_rec_tds"": 24, ""team_recv_plays"": 251, ""dominator_pct"": 16.24, ""reliable"": true}, {""season"": 2024, ""team"": ""Texas A&M"", ""rec_yds"": 543.0, ""rec_tds"": 6, ""team_rec_yds"": 2413.0, ""team_rec_tds"": 16, ""team_recv_plays"": 186, ""dominator_pct"": 30.0, ""reliable"": true}, {""season"": 2025, ""team"": ""Georgia"", ""rec_yds"": 147.0, ""rec_tds"": 0, ""team_rec_yds"": 2984.0, ""team_rec_tds"": 13, ""team_recv_plays"": 277, ""dominator_pct"": 2.46, ""reliable"": true}]",2024.0,20.0,30.0,2024.0,never_hit_20pct
Aaron Anderson,LSU,2002-12-02,22,3,"[{""season"": 2023, ""team"": ""LSU"", ""rec_yds"": 66.0, ""rec_tds"": 0, ""team_rec_yds"": 3903.0, ""team_rec_tds"": 37, ""team_recv_plays"": 247, ""dominator_pct"": 0.85, ""reliable"": true}, {""season"": 2024, ""team"": ""LSU"", ""rec_yds"": 680.0, ""rec_tds"": 3, ""team_rec_yds"": 3797.0, ""team_rec_tds"": 26, ""team_recv_plays"": 321, ""dominator_pct"": 14.72, ""reliable"": true}, {""season"": 2025, ""team"": ""LSU"", ""rec_yds"": 403.0, ""rec_tds"": 0, ""team_rec_yds"": 2163.0, ""team_rec_tds"": 16, ""team_recv_plays"": 210, ""dominator_pct"": 9.32, ""reliable"": true}]",,,14.72,2024.0,never_hit_20pct
Dane Key,Nebraska,2003-07-01,22,4,"[{""season"": 2022, ""team"": ""Kentucky"", ""rec_yds"": 471.0, ""rec_tds"": 5, ""team_rec_yds"": 2618.0, ""team_rec_tds"": 20, ""team_recv_plays"": 203, ""dominator_pct"": 21.5, ""reliable"": true}, {""season"": 2023, ""team"": ""Kentucky"", ""rec_yds"": 530.0, ""rec_tds"": 3, ""team_rec_yds"": 2275.0, ""team_rec_tds"": 22, ""team_recv_plays"": 186, ""dominator_pct"": 18.47, ""reliable"": true}, {""season"": 2024, ""team"": ""Kentucky"", ""rec_yds"": 700.0, ""rec_tds"": 1, ""team_rec_yds"": 2208.0, ""team_rec_tds"": 15, ""team_recv_plays"": 166, ""dominator_pct"": 19.18, ""reliable"": true}, {""season"": 2025, ""team"": ""Nebraska"", ""rec_yds"": 478.0, ""rec_tds"": 4, ""team_rec_yds"": 2892.0, ""team_rec_tds"": 17, ""team_recv_plays"": 252, ""dominator_pct"": 20.03, ""reliable"": true}]",2022.0,19.0,21.5,2022.0,never_hit_20pct
Jordan Hudson,SMU,2003-11-22,22,3,"[{""season"": 2023, ""cfbd_name"": ""Jordan Hudson"", ""player_rec_yards"": 425.0, ""player_rec_tds"": 7.0, ""team_rec_yards"": 3897.0, ""team_rec_tds"": 33.0, ""dominator"": 0.1605897310285301, ""dominator_pct"": 16.05897310285301, ""age_at_season"": 19}, {""season"": 2024, ""cfbd_name"": ""Jordan Hudson"", ""player_rec_yards"": 422.0, ""player_rec_tds"": 5.0, ""team_rec_yards"": 3610.0, ""team_rec_tds"": 28.0, ""dominator"": 0.14773446774831817, ""dominator_pct"": 14.773446774831816, ""age_at_season"": 20}, {""season"": 2025, ""cfbd_name"": ""Jordan Hudson"", ""player_rec_yards"": 766.0, ""player_rec_tds"": 6.0, ""team_rec_yards"": 3680.0, ""team_rec_tds"": 26.0, ""dominator"": 0.21946070234113713, ""dominator_pct"": 21.946070234113712, ""age_at_season"": 21}]",2025.0,21.0,21.946070234113712,2025.0,breakout_found
Caleb Douglas,Texas Tech,2003-09-09,21,5,"[{""season"": 2022, ""team"": ""Florida"", ""rec_yds"": 150.0, ""rec_tds"": 2, ""team_rec_yds"": 2814.0, ""team_rec_tds"": 18, ""team_recv_plays"": 190, ""dominator_pct"": 8.22, ""reliable"": true}, {""season"": 2023, ""team"": ""Charlotte"", ""rec_yds"": 3.0, ""rec_tds"": 0, ""team_rec_yds"": 2016.0, ""team_rec_tds"": 7, ""team_recv_plays"": 185, ""dominator_pct"": 0.07, ""reliable"": true}, {""season"": 2023, ""team"": ""Florida"", ""rec_yds"": 111.0, ""rec_tds"": 0, ""team_rec_yds"": 2994.0, ""team_rec_tds"": 19, ""team_recv_plays"": 275, ""dominator_pct"": 1.85, ""reliable"": true}, {""season"": 2024, ""team"": ""Texas Tech"", ""rec_yds"": 751.0, ""rec_tds"": 5, ""team_rec_yds"": 3498.0, ""team_rec_tds"": 30, ""team_recv_plays"": 307, ""dominator_pct"": 19.07, ""reliable"": true}, {""season"": 2025, ""team"": ""Texas Tech"", ""rec_yds"": 731.0, ""rec_tds"": 1, ""team_rec_yds"": 3618.0, ""team_rec_tds"": 21, ""team_recv_plays"": 301, ""dominator_pct"": 12.48, ""reliable"": true}]",,,19.07,2024.0,breakout_found
Reggie Virgil,Texas Tech,2004-05-14,21,1,"[{""season"": 2025, ""cfbd_name"": ""Reginald Virgil"", ""player_rec_yards"": 705.0, ""player_rec_tds"": 6.0, ""team_rec_yards"": 3887.0, ""team_rec_tds"": 33.0, ""dominator"": 0.1815959959772669, ""dominator_pct"": 18.15959959772669, ""age_at_season"": 21}]",,,18.15959959772669,2025.0,never_hit_20pct
Vinny Anthony II,Wisconsin,MISSING,MISSING,3,"[{""season"": 2023, ""cfbd_name"": ""Vinny Anthony"", ""player_rec_yards"": 99.0, ""player_rec_tds"": 0.0, ""team_rec_yards"": 2862.0, ""team_rec_tds"": 14.0, ""dominator"": 0.01729559748427673, ""dominator_pct"": 1.729559748427673, ""age_at_season"": null}, {""season"": 2024, ""cfbd_name"": ""Vinny Anthony"", ""player_rec_yards"": 672.0, ""player_rec_tds"": 4.0, ""team_rec_yards"": 2360.0, ""team_rec_tds"": 14.0, ""dominator"": 0.2852300242130751, ""dominator_pct"": 28.52300242130751, ""age_at_season"": null}, {""season"": 2025, ""cfbd_name"": ""Vinny Anthony"", ""player_rec_yards"": 391.0, ""player_rec_tds"": 1.0, ""team_rec_yards"": 1637.0, ""team_rec_tds"": 9.0, ""dominator"": 0.17498133441933075, ""dominator_pct"": 17.498133441933074, ""age_at_season"": null}]",2024.0,,28.52300242130751,2024.0,breakout_found
Caullin Lacy,Louisville,2001-12-22,23,6,"[{""season"": 2020, ""team"": ""South Alabama"", ""rec_yds"": 98.0, ""rec_tds"": 0, ""team_rec_yds"": 2706.0, ""team_rec_tds"": 18, ""team_recv_plays"": 218, ""dominator_pct"": 1.81, ""reliable"": true}, {""season"": 2021, ""team"": ""South Alabama"", ""rec_yds"": 178.0, ""rec_tds"": 0, ""team_rec_yds"": 2777.0, ""team_rec_tds"": 21, ""team_recv_plays"": 226, ""dominator_pct"": 3.2, ""reliable"": true}, {""season"": 2022, ""team"": ""South Alabama"", ""rec_yds"": 767.0, ""rec_tds"": 6, ""team_rec_yds"": 3020.0, ""team_rec_tds"": 24, ""team_recv_plays"": 239, ""dominator_pct"": 25.2, ""reliable"": true}, {""season"": 2023, ""team"": ""South Alabama"", ""rec_yds"": 1317.0, ""rec_tds"": 7, ""team_rec_yds"": 3193.0, ""team_rec_tds"": 24, ""team_recv_plays"": 264, ""dominator_pct"": 35.21, ""reliable"": true}, {""season"": 2024, ""team"": ""Louisville"", ""rec_yds"": 179.0, ""rec_tds"": 0, ""team_rec_yds"": 3234.0, ""team_rec_tds"": 23, ""team_recv_plays"": 253, ""dominator_pct"": 2.77, ""reliable"": true}, {""season"": 2025, ""team"": ""Louisville"", ""rec_yds"": 592.0, ""rec_tds"": 0, ""team_rec_yds"": 2755.0, ""team_rec_tds"": 10, ""team_recv_plays"": 256, ""dominator_pct"": 10.74, ""reliable"": true}]",2022.0,21.0,35.21,2023.0,never_hit_20pct
Kendrick Law,Kentucky,2003-06-13,22,4,"[{""season"": 2022, ""team"": ""Alabama"", ""rec_yds"": 103.0, ""rec_tds"": 0, ""team_rec_yds"": 3324.0, ""team_rec_tds"": 32, ""team_recv_plays"": 264, ""dominator_pct"": 1.55, ""reliable"": true}, {""season"": 2023, ""team"": ""Alabama"", ""rec_yds"": 103.0, ""rec_tds"": 0, ""team_rec_yds"": 2962.0, ""team_rec_tds"": 23, ""team_recv_plays"": 193, ""dominator_pct"": 1.74, ""reliable"": true}, {""season"": 2024, ""team"": ""Alabama"", ""rec_yds"": 83.0, ""rec_tds"": 0, ""team_rec_yds"": 2884.0, ""team_rec_tds"": 16, ""team_recv_plays"": 214, ""dominator_pct"": 1.44, ""reliable"": true}, {""season"": 2025, ""team"": ""Kentucky"", ""rec_yds"": 569.0, ""rec_tds"": 1, ""team_rec_yds"": 2417.0, ""team_rec_tds"": 6, ""team_recv_plays"": 223, ""dominator_pct"": 20.1, ""reliable"": true}]",2025.0,22.0,20.1,2025.0,breakout_found
Colbie Young,Georgia,2002-07-24,23,5,"[{""season"": 2022, ""team"": ""Miami"", ""rec_yds"": 368.0, ""rec_tds"": 5, ""team_rec_yds"": 2894.0, ""team_rec_tds"": 18, ""team_recv_plays"": 252, ""dominator_pct"": 20.25, ""reliable"": true}, {""season"": 2023, ""team"": ""Bethune-Cookman"", ""rec_yds"": 13.0, ""rec_tds"": 0, ""team_rec_yds"": 1231.0, ""team_rec_tds"": 7, ""team_recv_plays"": 138, ""dominator_pct"": 0.53, ""reliable"": true}, {""season"": 2023, ""team"": ""Miami"", ""rec_yds"": 541.0, ""rec_tds"": 4, ""team_rec_yds"": 3148.0, ""team_rec_tds"": 22, ""team_recv_plays"": 260, ""dominator_pct"": 17.68, ""reliable"": true}, {""season"": 2024, ""team"": ""Georgia"", ""rec_yds"": 149.0, ""rec_tds"": 2, ""team_rec_yds"": 3641.0, ""team_rec_tds"": 28, ""team_recv_plays"": 314, ""dominator_pct"": 5.62, ""reliable"": true}, {""season"": 2025, ""team"": ""Georgia"", ""rec_yds"": 382.0, ""rec_tds"": 1, ""team_rec_yds"": 2984.0, ""team_rec_tds"": 13, ""team_recv_plays"": 277, ""dominator_pct"": 10.25, ""reliable"": true}]",2022.0,20.0,20.25,2022.0,never_hit_20pct
Kaden Wetjen,Iowa,2002-03-09,23,2,"[{""season"": 2024, ""team"": ""Iowa"", ""rec_yds"": 33.0, ""rec_tds"": 0, ""team_rec_yds"": 1508.0, ""team_rec_tds"": 9, ""team_recv_plays"": 143, ""dominator_pct"": 1.09, ""reliable"": true}, {""season"": 2025, ""team"": ""Iowa"", ""rec_yds"": 157.0, ""rec_tds"": 1, ""team_rec_yds"": 1833.0, ""team_rec_tds"": 6, ""team_recv_plays"": 175, ""dominator_pct"": 12.62, ""reliable"": true}]",,,12.62,2025.0,never_hit_20pct
Chris Hilton,LSU,2002-10-11,22,4,"[{""season"": 2022, ""team"": ""LSU"", ""rec_yds"": 98.0, ""rec_tds"": 0, ""team_rec_yds"": 3418.0, ""team_rec_tds"": 19, ""team_recv_plays"": 297, ""dominator_pct"": 1.43, ""reliable"": true}, {""season"": 2023, ""team"": ""LSU"", ""rec_yds"": 144.0, ""rec_tds"": 1, ""team_rec_yds"": 3903.0, ""team_rec_tds"": 37, ""team_recv_plays"": 247, ""dominator_pct"": 3.2, ""reliable"": true}, {""season"": 2024, ""team"": ""LSU"", ""rec_yds"": 130.0, ""rec_tds"": 2, ""team_rec_yds"": 3797.0, ""team_rec_tds"": 26, ""team_recv_plays"": 321, ""dominator_pct"": 5.56, ""reliable"": true}, {""season"": 2025, ""team"": ""LSU"", ""rec_yds"": 38.0, ""rec_tds"": 0, ""team_rec_yds"": 2163.0, ""team_rec_tds"": 16, ""team_recv_plays"": 210, ""dominator_pct"": 0.88, ""reliable"": true}]",,,5.56,2024.0,never_hit_20pct
Malik Benson,Oregon,2002-10-17,22,3,"[{""season"": 2023, ""team"": ""Alabama"", ""rec_yds"": 162.0, ""rec_tds"": 1, ""team_rec_yds"": 2962.0, ""team_rec_tds"": 23, ""team_recv_plays"": 193, ""dominator_pct"": 4.91, ""reliable"": true}, {""season"": 2024, ""team"": ""Florida State"", ""rec_yds"": 311.0, ""rec_tds"": 1, ""team_rec_yds"": 2177.0, ""team_rec_tds"": 11, ""team_recv_plays"": 178, ""dominator_pct"": 11.69, ""reliable"": true}, {""season"": 2025, ""team"": ""Oregon"", ""rec_yds"": 534.0, ""rec_tds"": 3, ""team_rec_yds"": 3461.0, ""team_rec_tds"": 22, ""team_recv_plays"": 285, ""dominator_pct"": 14.53, ""reliable"": true}]",,,14.53,2025.0,never_hit_20pct
Jeff Caldwell,Cincinnati,MISSING,MISSING,1,"[{""season"": 2025, ""cfbd_name"": ""Jeff Caldwell"", ""player_rec_yards"": 478.0, ""player_rec_tds"": 6.0, ""team_rec_yards"": 2992.0, ""team_rec_tds"": 29.0, ""dominator"": 0.183327955006454, ""dominator_pct"": 18.3327955006454, ""age_at_season"": null}]",,,18.3327955006454,2025.0,never_hit_20pct
Hank Beatty,Illinois,2003-09-20,21,4,"[{""season"": 2022, ""cfbd_name"": ""Hank Beatty"", ""player_rec_yards"": 25.0, ""player_rec_tds"": 0.0, ""team_rec_yards"": 2722.0, ""team_rec_tds"": 15.0, ""dominator"": 0.004592211609110948, ""dominator_pct"": 0.4592211609110948, ""age_at_season"": 18}, {""season"": 2023, ""cfbd_name"": ""Hank Beatty"", ""player_rec_yards"": 65.0, ""player_rec_tds"": 0.0, ""team_rec_yards"": 3191.0, ""team_rec_tds"": 23.0, ""dominator"": 0.010184895017235976, ""dominator_pct"": 1.0184895017235975, ""age_at_season"": 19}, {""season"": 2024, ""cfbd_name"": ""Hank Beatty"", ""player_rec_yards"": 294.0, ""player_rec_tds"": 1.0, ""team_rec_yards"": 2746.0, ""team_rec_tds"": 22.0, ""dominator"": 0.0762596835065881, ""dominator_pct"": 7.62596835065881, ""age_at_season"": 20}, {""season"": 2025, ""cfbd_name"": ""Hank Beatty"", ""player_rec_yards"": 864.0, ""player_rec_tds"": 3.0, ""team_rec_yards"": 3065.0, ""team_rec_tds"": 23.0, ""dominator"": 0.2061635576991276, ""dominator_pct"": 20.616355769912758, ""age_at_season"": 21}]",2025.0,21.0,20.61635576991276,2025.0,breakout_found
Eli Heidenreich,Navy,2002-05-15,23,3,"[{""season"": 2023, ""cfbd_name"": ""Eli Heidenreich"", ""player_rec_yards"": 382.0, ""player_rec_tds"": 4.0, ""team_rec_yards"": 1268.0, ""team_rec_tds"": 10.0, ""dominator"": 0.35063091482649844, ""dominator_pct"": 35.063091482649845, ""age_at_season"": 21}, {""season"": 2024, ""cfbd_name"": ""Eli Heidenreich"", ""player_rec_yards"": 671.0, ""player_rec_tds"": 6.0, ""team_rec_yards"": 1609.0, ""team_rec_tds"": 15.0, ""dominator"": 0.4085146053449348, ""dominator_pct"": 40.85146053449348, ""age_at_season"": 22}, {""season"": 2025, ""cfbd_name"": ""Eli Heidenreich"", ""player_rec_yards"": 941.0, ""player_rec_tds"": 6.0, ""team_rec_yards"": 1690.0, ""team_rec_tds"": 12.0, ""dominator"": 0.5284023668639053, ""dominator_pct"": 52.840236686390526, ""age_at_season"": 23}]",2023.0,21.0,52.840236686390526,2025.0,breakout_found
Harrison Wallace III,Ole Miss,2003-04-23,22,4,"[{""season"": 2022, ""team"": ""Penn State"", ""rec_yds"": 226.0, ""rec_tds"": 1, ""team_rec_yds"": 2952.0, ""team_rec_tds"": 26, ""team_recv_plays"": 246, ""dominator_pct"": 5.75, ""reliable"": true}, {""season"": 2023, ""team"": ""Penn State"", ""rec_yds"": 150.0, ""rec_tds"": 0, ""team_rec_yds"": 2396.0, ""team_rec_tds"": 27, ""team_recv_plays"": 221, ""dominator_pct"": 3.13, ""reliable"": true}, {""season"": 2024, ""team"": ""Penn State"", ""rec_yds"": 650.0, ""rec_tds"": 4, ""team_rec_yds"": 3186.0, ""team_rec_tds"": 27, ""team_recv_plays"": 251, ""dominator_pct"": 17.61, ""reliable"": true}, {""season"": 2025, ""team"": ""Ole Miss"", ""rec_yds"": 910.0, ""rec_tds"": 3, ""team_rec_yds"": 4393.0, ""team_rec_tds"": 15, ""team_recv_plays"": 327, ""dominator_pct"": 20.36, ""reliable"": true}]",2025.0,22.0,20.36,2025.0,never_hit_20pct
Jaden Greathouse,Notre Dame,2004-10-29,20,3,"[{""season"": 2023, ""team"": ""Notre Dame"", ""rec_yds"": 239.0, ""rec_tds"": 4, ""team_rec_yds"": 2960.0, ""team_rec_tds"": 28, ""team_recv_plays"": 209, ""dominator_pct"": 11.18, ""reliable"": true}, {""season"": 2024, ""team"": ""Notre Dame"", ""rec_yds"": 345.0, ""rec_tds"": 1, ""team_rec_yds"": 2297.0, ""team_rec_tds"": 18, ""team_recv_plays"": 213, ""dominator_pct"": 10.29, ""reliable"": true}, {""season"": 2025, ""team"": ""Notre Dame"", ""rec_yds"": 73.0, ""rec_tds"": 0, ""team_rec_yds"": 2713.0, ""team_rec_tds"": 13, ""team_recv_plays"": 202, ""dominator_pct"": 1.35, ""reliable"": true}]",,,11.18,2023.0,never_hit_20pct
J.Michael Sturdivant,Florida,2002-09-06,22,4,"[{""season"": 2022, ""team"": ""California"", ""rec_yds"": 755.0, ""rec_tds"": 7, ""team_rec_yds"": 3260.0, ""team_rec_tds"": 23, ""team_recv_plays"": 291, ""dominator_pct"": 26.8, ""reliable"": true}, {""season"": 2023, ""team"": ""UCLA"", ""rec_yds"": 393.0, ""rec_tds"": 2, ""team_rec_yds"": 2774.0, ""team_rec_tds"": 21, ""team_recv_plays"": 221, ""dominator_pct"": 11.85, ""reliable"": true}, {""season"": 2024, ""team"": ""UCLA"", ""rec_yds"": 315.0, ""rec_tds"": 2, ""team_rec_yds"": 2572.0, ""team_rec_tds"": 16, ""team_recv_plays"": 220, ""dominator_pct"": 12.37, ""reliable"": true}, {""season"": 2025, ""team"": ""Florida"", ""rec_yds"": 349.0, ""rec_tds"": 1, ""team_rec_yds"": 2305.0, ""team_rec_tds"": 10, ""team_recv_plays"": 222, ""dominator_pct"": 12.57, ""reliable"": true}]",2022.0,20.0,26.8,2022.0,never_hit_20pct
Dillon Bell,Georgia,2003-11-06,22,4,"[{""season"": 2022, ""team"": ""Georgia"", ""rec_yds"": 169.0, ""rec_tds"": 3, ""team_rec_yds"": 3710.0, ""team_rec_tds"": 24, ""team_recv_plays"": 294, ""dominator_pct"": 8.53, ""reliable"": true}, {""season"": 2023, ""team"": ""Georgia"", ""rec_yds"": 269.0, ""rec_tds"": 2, ""team_rec_yds"": 3922.0, ""team_rec_tds"": 25, ""team_recv_plays"": 306, ""dominator_pct"": 7.43, ""reliable"": true}, {""season"": 2024, ""team"": ""Georgia"", ""rec_yds"": 366.0, ""rec_tds"": 3, ""team_rec_yds"": 3641.0, ""team_rec_tds"": 28, ""team_recv_plays"": 314, ""dominator_pct"": 10.38, ""reliable"": true}, {""season"": 2025, ""team"": ""Georgia"", ""rec_yds"": 282.0, ""rec_tds"": 0, ""team_rec_yds"": 2984.0, ""team_rec_tds"": 13, ""team_recv_plays"": 277, ""dominator_pct"": 4.73, ""reliable"": true}]",,,10.38,2024.0,never_hit_20pct
Barion Brown,LSU,2003-12-12,21,5,"[{""season"": 2022, ""team"": ""Kentucky"", ""rec_yds"": 586.0, ""rec_tds"": 3, ""team_rec_yds"": 2618.0, ""team_rec_tds"": 20, ""team_recv_plays"": 203, ""dominator_pct"": 18.69, ""reliable"": true}, {""season"": 2023, ""team"": ""Alabama"", ""rec_yds"": -2.0, ""rec_tds"": 0, ""team_rec_yds"": 2962.0, ""team_rec_tds"": 23, ""team_recv_plays"": 193, ""dominator_pct"": -0.03, ""reliable"": true}, {""season"": 2023, ""team"": ""Kentucky"", ""rec_yds"": 441.0, ""rec_tds"": 3, ""team_rec_yds"": 2275.0, ""team_rec_tds"": 22, ""team_recv_plays"": 186, ""dominator_pct"": 16.51, ""reliable"": true}, {""season"": 2024, ""team"": ""Kentucky"", ""rec_yds"": 361.0, ""rec_tds"": 3, ""team_rec_yds"": 2208.0, ""team_rec_tds"": 15, ""team_recv_plays"": 166, ""dominator_pct"": 18.17, ""reliable"": true}, {""season"": 2025, ""team"": ""LSU"", ""rec_yds"": 386.0, ""rec_tds"": 1, ""team_rec_yds"": 2163.0, ""team_rec_tds"": 16, ""team_recv_plays"": 210, ""dominator_pct"": 12.05, ""reliable"": true}]",,,18.69,2022.0,never_hit_20pct
Jordan Dwyer,TCU,MISSING,MISSING,1,"[{""season"": 2025, ""cfbd_name"": ""Jordan Dwyer"", ""player_rec_yards"": 730.0, ""player_rec_tds"": 7.0, ""team_rec_yards"": 3771.0, ""team_rec_tds"": 30.0, ""dominator"": 0.21345796870856537, ""dominator_pct"": 21.34579687085654, ""age_at_season"": null}]",2025.0,,21.34579687085654,2025.0,breakout_found
Griffin Wilde,Northwestern,MISSING,MISSING,1,"[{""season"": 2025, ""cfbd_name"": ""Griffin Wilde"", ""player_rec_yards"": 880.0, ""player_rec_tds"": 8.0, ""team_rec_yards"": 2417.0, ""team_rec_tds"": 17.0, ""dominator"": 0.41733797366691816, ""dominator_pct"": 41.73379736669182, ""age_at_season"": null}]",2025.0,,41.73379736669182,2025.0,breakout_found
Jalil Farooq,Maryland,2001-09-13,23,5,"[{""season"": 2021, ""team"": ""Oklahoma"", ""rec_yds"": 5.0, ""rec_tds"": 0, ""team_rec_yds"": 2910.0, ""team_rec_tds"": 29, ""team_recv_plays"": 238, ""dominator_pct"": 0.09, ""reliable"": true}, {""season"": 2022, ""team"": ""Oklahoma"", ""rec_yds"": 343.0, ""rec_tds"": 3, ""team_rec_yds"": 2733.0, ""team_rec_tds"": 21, ""team_recv_plays"": 213, ""dominator_pct"": 13.42, ""reliable"": true}, {""season"": 2023, ""team"": ""Oklahoma"", ""rec_yds"": 582.0, ""rec_tds"": 0, ""team_rec_yds"": 3791.0, ""team_rec_tds"": 31, ""team_recv_plays"": 273, ""dominator_pct"": 7.68, ""reliable"": true}, {""season"": 2024, ""team"": ""Oklahoma"", ""rec_yds"": 58.0, ""rec_tds"": 0, ""team_rec_yds"": 2000.0, ""team_rec_tds"": 14, ""team_recv_plays"": 199, ""dominator_pct"": 1.45, ""reliable"": true}, {""season"": 2025, ""team"": ""Maryland"", ""rec_yds"": 471.0, ""rec_tds"": 0, ""team_rec_yds"": 2957.0, ""team_rec_tds"": 16, ""team_recv_plays"": 275, ""dominator_pct"": 7.96, ""reliable"": true}]",,,13.42,2022.0,never_hit_20pct
Amare Thomas,Houston,2005-11-18,19,3,"[{""season"": 2023, ""team"": ""UAB"", ""rec_yds"": 448.0, ""rec_tds"": 3, ""team_rec_yds"": 3520.0, ""team_rec_tds"": 22, ""team_recv_plays"": 301, ""dominator_pct"": 13.18, ""reliable"": true}, {""season"": 2024, ""team"": ""UAB"", ""rec_yds"": 668.0, ""rec_tds"": 6, ""team_rec_yds"": 3099.0, ""team_rec_tds"": 24, ""team_recv_plays"": 286, ""dominator_pct"": 23.28, ""reliable"": true}, {""season"": 2025, ""team"": ""Houston"", ""rec_yds"": 758.0, ""rec_tds"": 2, ""team_rec_yds"": 2582.0, ""team_rec_tds"": 16, ""team_recv_plays"": 225, ""dominator_pct"": 20.93, ""reliable"": true}]",2024.0,19.0,23.28,2024.0,breakout_found
Romello Brinson,SMU,MISSING,22,5,"[{""season"": 2021, ""team"": ""Miami"", ""rec_yds"": 90.0, ""rec_tds"": 1, ""team_rec_yds"": 3296.0, ""team_rec_tds"": 25, ""team_recv_plays"": 251, ""dominator_pct"": 3.37, ""reliable"": true}, {""season"": 2022, ""team"": ""Miami"", ""rec_yds"": 100.0, ""rec_tds"": 0, ""team_rec_yds"": 2894.0, ""team_rec_tds"": 18, ""team_recv_plays"": 252, ""dominator_pct"": 1.73, ""reliable"": true}, {""season"": 2023, ""team"": ""SMU"", ""rec_yds"": 371.0, ""rec_tds"": 2, ""team_rec_yds"": 3558.0, ""team_rec_tds"": 32, ""team_recv_plays"": 236, ""dominator_pct"": 8.34, ""reliable"": true}, {""season"": 2024, ""team"": ""SMU"", ""rec_yds"": 143.0, ""rec_tds"": 0, ""team_rec_yds"": 3431.0, ""team_rec_tds"": 27, ""team_recv_plays"": 255, ""dominator_pct"": 2.08, ""reliable"": true}, {""season"": 2025, ""team"": ""SMU"", ""rec_yds"": 517.0, ""rec_tds"": 1, ""team_rec_yds"": 3562.0, ""team_rec_tds"": 17, ""team_recv_plays"": 293, ""dominator_pct"": 10.2, ""reliable"": true}]",,,10.2,2025.0,never_hit_20pct
Jalen Walthall,Incarnate Word,MISSING,MISSING,2,"[{""season"": 2024, ""cfbd_name"": ""Jalen Walthall"", ""player_rec_yards"": 1261.0, ""player_rec_tds"": 14.0, ""team_rec_yards"": 3096.0, ""team_rec_tds"": 34.0, ""dominator"": 0.40953222374221004, ""dominator_pct"": 40.953222374221006, ""age_at_season"": null}, {""season"": 2025, ""cfbd_name"": ""Jalen Walthall"", ""player_rec_yards"": 847.0, ""player_rec_tds"": 8.0, ""team_rec_yards"": 1687.0, ""team_rec_tds"": 13.0, ""dominator"": 0.558729652090648, ""dominator_pct"": 55.872965209064795, ""age_at_season"": null}]",2024.0,,55.8729652090648,2025.0,breakout_found
Chase Roberts,BYU,MISSING,MISSING,4,"[{""season"": 2022, ""cfbd_name"": ""Chase Roberts"", ""player_rec_yards"": 357.0, ""player_rec_tds"": 3.0, ""team_rec_yards"": 3246.0, ""team_rec_tds"": 32.0, ""dominator"": 0.10186575785582255, ""dominator_pct"": 10.186575785582255, ""age_at_season"": null}, {""season"": 2023, ""cfbd_name"": ""Chase Roberts"", ""player_rec_yards"": 573.0, ""player_rec_tds"": 5.0, ""team_rec_yards"": 2465.0, ""team_rec_tds"": 17.0, ""dominator"": 0.26328600405679514, ""dominator_pct"": 26.328600405679513, ""age_at_season"": null}, {""season"": 2024, ""cfbd_name"": ""Chase Roberts"", ""player_rec_yards"": 803.0, ""player_rec_tds"": 3.0, ""team_rec_yards"": 2956.0, ""team_rec_tds"": 20.0, ""dominator"": 0.21082543978349122, ""dominator_pct"": 21.082543978349122, ""age_at_season"": null}, {""season"": 2025, ""cfbd_name"": ""Chase Roberts"", ""player_rec_yards"": 802.0, ""player_rec_tds"": 6.0, ""team_rec_yards"": 3096.0, ""team_rec_tds"": 15.0, ""dominator"": 0.32952196382428944, ""dominator_pct"": 32.952196382428944, ""age_at_season"": null}]",2023.0,,32.952196382428944,2025.0,breakout_found
Emmanuel Henderson Jr.,Kansas,2003-03-21,22,3,"[{""season"": 2022, ""team"": ""Alabama"", ""rec_yds"": 14.0, ""rec_tds"": 0, ""team_rec_yds"": 3324.0, ""team_rec_tds"": 32, ""team_recv_plays"": 264, ""dominator_pct"": 0.21, ""reliable"": true}, {""season"": 2024, ""team"": ""Alabama"", ""rec_yds"": 82.0, ""rec_tds"": 0, ""team_rec_yds"": 2884.0, ""team_rec_tds"": 16, ""team_recv_plays"": 214, ""dominator_pct"": 1.42, ""reliable"": true}, {""season"": 2025, ""team"": ""Kansas"", ""rec_yds"": 746.0, ""rec_tds"": 4, ""team_rec_yds"": 2581.0, ""team_rec_tds"": 18, ""team_recv_plays"": 204, ""dominator_pct"": 25.56, ""reliable"": true}]",2025.0,22.0,25.56,2025.0,breakout_found
Zavion Thomas,LSU,2004-09-14,20,5,"[{""season"": 2021, ""cfbd_name"": ""Brian Thomas Jr."", ""player_rec_yards"": 359.0, ""player_rec_tds"": 2.0, ""team_rec_yards"": 3308.0, ""team_rec_tds"": 32.0, ""dominator"": 0.08551239419588876, ""dominator_pct"": 8.551239419588876, ""age_at_season"": 16}, {""season"": 2022, ""cfbd_name"": ""Brian Thomas Jr."", ""player_rec_yards"": 372.0, ""player_rec_tds"": 5.0, ""team_rec_yards"": 3770.0, ""team_rec_tds"": 23.0, ""dominator"": 0.15803252220043823, ""dominator_pct"": 15.803252220043824, ""age_at_season"": 17}, {""season"": 2023, ""cfbd_name"": ""Brian Thomas Jr."", ""player_rec_yards"": 1177.0, ""player_rec_tds"": 17.0, ""team_rec_yards"": 4407.0, ""team_rec_tds"": 44.0, ""dominator"": 0.32671937207335433, ""dominator_pct"": 32.67193720733543, ""age_at_season"": 18}, {""season"": 2024, ""cfbd_name"": ""Zavion Thomas"", ""player_rec_yards"": 218.0, ""player_rec_tds"": 2.0, ""team_rec_yards"": 4084.0, ""team_rec_tds"": 29.0, ""dominator"": 0.06117227869904421, ""dominator_pct"": 6.117227869904421, ""age_at_season"": 19}, {""season"": 2025, ""cfbd_name"": ""Zavion Thomas"", ""player_rec_yards"": 488.0, ""player_rec_tds"": 4.0, ""team_rec_yards"": 2984.0, ""team_rec_tds"": 20.0, ""dominator"": 0.18176943699731904, ""dominator_pct"": 18.176943699731904, ""age_at_season"": 20}]",2023.0,18.0,32.67193720733543,2023.0,breakout_found
Trebor Pena,Penn State,2002-02-21,23,5,"[{""season"": 2020, ""team"": ""Syracuse"", ""rec_yds"": -1.0, ""rec_tds"": 0, ""team_rec_yds"": 1906.0, ""team_rec_tds"": 15, ""team_recv_plays"": 173, ""dominator_pct"": -0.03, ""reliable"": true}, {""season"": 2021, ""team"": ""Syracuse"", ""rec_yds"": 69.0, ""rec_tds"": 1, ""team_rec_yds"": 1850.0, ""team_rec_tds"": 10, ""team_recv_plays"": 152, ""dominator_pct"": 6.86, ""reliable"": true}, {""season"": 2022, ""team"": ""Syracuse"", ""rec_yds"": 173.0, ""rec_tds"": 0, ""team_rec_yds"": 2527.0, ""team_rec_tds"": 17, ""team_recv_plays"": 189, ""dominator_pct"": 3.42, ""reliable"": true}, {""season"": 2024, ""team"": ""Syracuse"", ""rec_yds"": 885.0, ""rec_tds"": 7, ""team_rec_yds"": 4340.0, ""team_rec_tds"": 29, ""team_recv_plays"": 365, ""dominator_pct"": 22.26, ""reliable"": true}, {""season"": 2025, ""team"": ""Penn State"", ""rec_yds"": 419.0, ""rec_tds"": 0, ""team_rec_yds"": 2188.0, ""team_rec_tds"": 10, ""team_recv_plays"": 211, ""dominator_pct"": 9.57, ""reliable"": true}]",2024.0,22.0,22.26,2024.0,never_hit_20pct
Hykeem Williams,Colorado,2003-11-18,21,3,"[{""season"": 2023, ""team"": ""Florida State"", ""rec_yds"": 71.0, ""rec_tds"": 1, ""team_rec_yds"": 3425.0, ""team_rec_tds"": 25, ""team_recv_plays"": 249, ""dominator_pct"": 3.04, ""reliable"": true}, {""season"": 2024, ""team"": ""Florida State"", ""rec_yds"": 187.0, ""rec_tds"": 1, ""team_rec_yds"": 2177.0, ""team_rec_tds"": 11, ""team_recv_plays"": 178, ""dominator_pct"": 8.84, ""reliable"": true}, {""season"": 2025, ""team"": ""Colorado"", ""rec_yds"": 81.0, ""rec_tds"": 0, ""team_rec_yds"": 2406.0, ""team_rec_tds"": 14, ""team_recv_plays"": 202, ""dominator_pct"": 1.68, ""reliable"": true}]",,,8.84,2024.0,never_hit_20pct
Jaquaize Pettaway,East Carolina,MISSING,20,3,"[{""season"": 2023, ""team"": ""Oklahoma"", ""rec_yds"": 70.0, ""rec_tds"": 0, ""team_rec_yds"": 3791.0, ""team_rec_tds"": 31, ""team_recv_plays"": 273, ""dominator_pct"": 0.92, ""reliable"": true}, {""season"": 2024, ""team"": ""Oklahoma"", ""rec_yds"": 87.0, ""rec_tds"": 0, ""team_rec_yds"": 2000.0, ""team_rec_tds"": 14, ""team_recv_plays"": 199, ""dominator_pct"": 2.17, ""reliable"": true}, {""season"": 2025, ""team"": ""East Carolina"", ""rec_yds"": 46.0, ""rec_tds"": 0, ""team_rec_yds"": 3391.0, ""team_rec_tds"": 12, ""team_recv_plays"": 273, ""dominator_pct"": 0.68, ""reliable"": true}]",,,2.17,2024.0,never_hit_20pct
Shelton Sampson Jr.,Louisiana,2005-04-18,20,1,"[{""season"": 2025, ""cfbd_name"": ""Shelton Sampson Jr."", ""player_rec_yards"": 537.0, ""player_rec_tds"": 6.0, ""team_rec_yards"": 2095.0, ""team_rec_tds"": 12.0, ""dominator"": 0.3781622911694511, ""dominator_pct"": 37.81622911694511, ""age_at_season"": 20}]",2025.0,20.0,37.81622911694511,2025.0,breakout_found
Raymond Cottrell,Texas A&M,MISSING,20,1,"[{""season"": 2023, ""team"": ""Texas A&M"", ""rec_yds"": 13.0, ""rec_tds"": 1, ""team_rec_yds"": 3083.0, ""team_rec_tds"": 24, ""team_recv_plays"": 251, ""dominator_pct"": 2.29, ""reliable"": true}]",,,2.29,2023.0,never_hit_20pct
Nathan Leacock,North Carolina,2004-11-22,21,1,"[{""season"": 2025, ""team"": ""North Carolina"", ""rec_yds"": 35.0, ""rec_tds"": 0, ""team_rec_yds"": 2157.0, ""team_rec_tds"": 9, ""team_recv_plays"": 219, ""dominator_pct"": 0.81, ""reliable"": true}]",,,0.81,2025.0,never_hit_20pct
Anthony Evans III,Mississippi State,2005-06-20,20,3,"[{""season"": 2023, ""team"": ""Georgia"", ""rec_yds"": 21.0, ""rec_tds"": 0, ""team_rec_yds"": 3922.0, ""team_rec_tds"": 25, ""team_recv_plays"": 306, ""dominator_pct"": 0.27, ""reliable"": true}, {""season"": 2024, ""team"": ""Georgia"", ""rec_yds"": 88.0, ""rec_tds"": 0, ""team_rec_yds"": 3641.0, ""team_rec_tds"": 28, ""team_recv_plays"": 314, ""dominator_pct"": 1.21, ""reliable"": true}, {""season"": 2025, ""team"": ""Mississippi State"", ""rec_yds"": 785.0, ""rec_tds"": 2, ""team_rec_yds"": 3057.0, ""team_rec_tds"": 14, ""team_recv_plays"": 235, ""dominator_pct"": 19.98, ""reliable"": true}]",,,19.98,2025.0,breakout_found
Jalen Brown,Arkansas,MISSING,20,3,"[{""season"": 2023, ""team"": ""Bethune-Cookman"", ""rec_yds"": 67.0, ""rec_tds"": 1, ""team_rec_yds"": 1231.0, ""team_rec_tds"": 7, ""team_recv_plays"": 138, ""dominator_pct"": 9.86, ""reliable"": true}, {""season"": 2024, ""team"": ""Florida State"", ""rec_yds"": 75.0, ""rec_tds"": 0, ""team_rec_yds"": 2177.0, ""team_rec_tds"": 11, ""team_recv_plays"": 178, ""dominator_pct"": 1.72, ""reliable"": true}, {""season"": 2025, ""team"": ""Arkansas"", ""rec_yds"": 156.0, ""rec_tds"": 1, ""team_rec_yds"": 3079.0, ""team_rec_tds"": 17, ""team_recv_plays"": 224, ""dominator_pct"": 5.47, ""reliable"": true}]",,,9.86,2023.0,never_hit_20pct
Brandon Inniss,Ohio State,2004-10-07,20,3,"[{""season"": 2023, ""team"": ""Ohio State"", ""rec_yds"": 58.0, ""rec_tds"": 1, ""team_rec_yds"": 3456.0, ""team_rec_tds"": 26, ""team_recv_plays"": 245, ""dominator_pct"": 2.76, ""reliable"": true}, {""season"": 2024, ""team"": ""Ohio State"", ""rec_yds"": 151.0, ""rec_tds"": 1, ""team_rec_yds"": 2835.0, ""team_rec_tds"": 29, ""team_recv_plays"": 231, ""dominator_pct"": 4.39, ""reliable"": true}, {""season"": 2025, ""team"": ""Ohio State"", ""rec_yds"": 262.0, ""rec_tds"": 1, ""team_rec_yds"": 3612.0, ""team_rec_tds"": 22, ""team_recv_plays"": 301, ""dominator_pct"": 5.9, ""reliable"": true}]",,,5.9,2025.0,never_hit_20pct
Ryan Niblett,Texas,2004-11-17,20,2,"[{""season"": 2024, ""team"": ""Texas"", ""rec_yds"": 24.0, ""rec_tds"": 0, ""team_rec_yds"": 3614.0, ""team_rec_tds"": 34, ""team_recv_plays"": 294, ""dominator_pct"": 0.33, ""reliable"": true}, {""season"": 2025, ""team"": ""Texas"", ""rec_yds"": 61.0, ""rec_tds"": 0, ""team_rec_yds"": 2940.0, ""team_rec_tds"": 16, ""team_recv_plays"": 238, ""dominator_pct"": 1.04, ""reliable"": true}]",,,1.04,2025.0,never_hit_20pct
Cordale Russell,Colorado,MISSING,20,2,"[{""season"": 2021, ""cfbd_name"": ""Brady Russell"", ""player_rec_yards"": 307.0, ""player_rec_tds"": 0.0, ""team_rec_yards"": 1575.0, ""team_rec_tds"": 10.0, ""dominator"": 0.09746031746031746, ""dominator_pct"": 9.746031746031745, ""age_at_season"": null}, {""season"": 2022, ""cfbd_name"": ""Brady Russell"", ""player_rec_yards"": 153.0, ""player_rec_tds"": 0.0, ""team_rec_yards"": 2075.0, ""team_rec_tds"": 10.0, ""dominator"": 0.03686746987951807, ""dominator_pct"": 3.686746987951807, ""age_at_season"": null}]",,,9.746031746031743,2021.0,never_hit_20pct
Ayden Williams,Mississippi State,MISSING,20,3,"[{""season"": 2023, ""team"": ""Ole Miss"", ""rec_yds"": 80.0, ""rec_tds"": 0, ""team_rec_yds"": 3306.0, ""team_rec_tds"": 23, ""team_recv_plays"": 229, ""dominator_pct"": 1.21, ""reliable"": true}, {""season"": 2024, ""team"": ""Ole Miss"", ""rec_yds"": 39.0, ""rec_tds"": 0, ""team_rec_yds"": 4101.0, ""team_rec_tds"": 27, ""team_recv_plays"": 264, ""dominator_pct"": 0.48, ""reliable"": true}, {""season"": 2025, ""team"": ""Mississippi State"", ""rec_yds"": 254.0, ""rec_tds"": 0, ""team_rec_yds"": 3057.0, ""team_rec_tds"": 14, ""team_recv_plays"": 235, ""dominator_pct"": 4.15, ""reliable"": true}]",,,4.15,2025.0,never_hit_20pct
Braylon James,Notre Dame,MISSING,20,2,"[{""season"": 2023, ""team"": ""Notre Dame"", ""rec_yds"": 12.0, ""rec_tds"": 0, ""team_rec_yds"": 2960.0, ""team_rec_tds"": 28, ""team_recv_plays"": 209, ""dominator_pct"": 0.2, ""reliable"": true}, {""season"": 2024, ""team"": ""TCU"", ""rec_yds"": 6.0, ""rec_tds"": 0, ""team_rec_yds"": 3764.0, ""team_rec_tds"": 26, ""team_recv_plays"": 294, ""dominator_pct"": 0.08, ""reliable"": true}]",,,0.2,2023.0,never_hit_20pct
London Humphreys,Georgia,2005-05-13,20,3,"[{""season"": 2023, ""team"": ""Vanderbilt"", ""rec_yds"": 406.0, ""rec_tds"": 3, ""team_rec_yds"": 2655.0, ""team_rec_tds"": 22, ""team_recv_plays"": 212, ""dominator_pct"": 14.46, ""reliable"": true}, {""season"": 2024, ""team"": ""Georgia"", ""rec_yds"": 230.0, ""rec_tds"": 1, ""team_rec_yds"": 3641.0, ""team_rec_tds"": 28, ""team_recv_plays"": 314, ""dominator_pct"": 4.94, ""reliable"": true}, {""season"": 2025, ""team"": ""Georgia"", ""rec_yds"": 268.0, ""rec_tds"": 2, ""team_rec_yds"": 2984.0, ""team_rec_tds"": 13, ""team_recv_plays"": 277, ""dominator_pct"": 12.18, ""reliable"": true}]",,,14.46,2023.0,never_hit_20pct
Tyler Brown,Clemson,2005-06-14,20,4,"[{""season"": 2023, ""team"": ""Clemson"", ""rec_yds"": 529.0, ""rec_tds"": 4, ""team_rec_yds"": 2702.0, ""team_rec_tds"": 20, ""team_recv_plays"": 268, ""dominator_pct"": 19.79, ""reliable"": true}, {""season"": 2024, ""team"": ""Clemson"", ""rec_yds"": 32.0, ""rec_tds"": 0, ""team_rec_yds"": 3105.0, ""team_rec_tds"": 29, ""team_recv_plays"": 274, ""dominator_pct"": 0.52, ""reliable"": true}, {""season"": 2024, ""team"": ""Dayton"", ""rec_yds"": 22.0, ""rec_tds"": 0, ""team_rec_yds"": 2063.0, ""team_rec_tds"": 19, ""team_recv_plays"": 201, ""dominator_pct"": 0.53, ""reliable"": true}, {""season"": 2025, ""team"": ""Clemson"", ""rec_yds"": 191.0, ""rec_tds"": 0, ""team_rec_yds"": 3393.0, ""team_rec_tds"": 17, ""team_recv_plays"": 300, ""dominator_pct"": 2.81, ""reliable"": true}]",,,19.79,2023.0,never_hit_20pct
Mikey Matthews,UCLA,MISSING,20,3,"[{""season"": 2023, ""team"": ""Utah"", ""rec_yds"": 261.0, ""rec_tds"": 0, ""team_rec_yds"": 2036.0, ""team_rec_tds"": 15, ""team_recv_plays"": 176, ""dominator_pct"": 6.41, ""reliable"": true}, {""season"": 2024, ""team"": ""California"", ""rec_yds"": 259.0, ""rec_tds"": 1, ""team_rec_yds"": 2933.0, ""team_rec_tds"": 13, ""team_recv_plays"": 260, ""dominator_pct"": 8.26, ""reliable"": true}, {""season"": 2025, ""team"": ""UCLA"", ""rec_yds"": 292.0, ""rec_tds"": 0, ""team_rec_yds"": 2024.0, ""team_rec_tds"": 10, ""team_recv_plays"": 221, ""dominator_pct"": 7.21, ""reliable"": true}]",,,8.26,2024.0,never_hit_20pct
Antonio Gates Jr.,Michigan State,2003-10-06,21,2,"[{""season"": 2023, ""team"": ""Michigan State"", ""rec_yds"": 82.0, ""rec_tds"": 1, ""team_rec_yds"": 2319.0, ""team_rec_tds"": 14, ""team_recv_plays"": 216, ""dominator_pct"": 5.34, ""reliable"": true}, {""season"": 2024, ""team"": ""Michigan State"", ""rec_yds"": 49.0, ""rec_tds"": 0, ""team_rec_yds"": 2448.0, ""team_rec_tds"": 12, ""team_recv_plays"": 193, ""dominator_pct"": 1.0, ""reliable"": true}]",,,5.34,2023.0,never_hit_20pct
C.J. Williams,Stanford,MISSING,MISSING,1,"[{""season"": 2025, ""cfbd_name"": ""CJ Williams"", ""player_rec_yards"": 757.0, ""player_rec_tds"": 6.0, ""team_rec_yards"": 2664.0, ""team_rec_tds"": 14.0, ""dominator"": 0.35636529386529386, ""dominator_pct"": 35.63652938652939, ""age_at_season"": null}]",2025.0,,35.63652938652939,2025.0,breakout_found
Andre Greene Jr.,Virginia,MISSING,MISSING,2,"[{""season"": 2024, ""cfbd_name"": ""Andre Greene Jr."", ""player_rec_yards"": 74.0, ""player_rec_tds"": 0.0, ""team_rec_yards"": 2748.0, ""team_rec_tds"": 16.0, ""dominator"": 0.013464337700145561, ""dominator_pct"": 1.346433770014556, ""age_at_season"": null}, {""season"": 2025, ""cfbd_name"": ""Andre Greene Jr."", ""player_rec_yards"": 7.0, ""player_rec_tds"": 0.0, ""team_rec_yards"": 3348.0, ""team_rec_tds"": 18.0, ""dominator"": 0.001045400238948626, ""dominator_pct"": 0.1045400238948626, ""age_at_season"": null}]",,,1.346433770014556,2024.0,never_hit_20pct
Kobe Prentice,Baylor,2004-03-10,21,4,"[{""season"": 2022, ""team"": ""Alabama"", ""rec_yds"": 290.0, ""rec_tds"": 1, ""team_rec_yds"": 3324.0, ""team_rec_tds"": 32, ""team_recv_plays"": 264, ""dominator_pct"": 5.92, ""reliable"": true}, {""season"": 2023, ""team"": ""Alabama"", ""rec_yds"": 222.0, ""rec_tds"": 1, ""team_rec_yds"": 2962.0, ""team_rec_tds"": 23, ""team_recv_plays"": 193, ""dominator_pct"": 5.92, ""reliable"": true}, {""season"": 2024, ""team"": ""Alabama"", ""rec_yds"": 113.0, ""rec_tds"": 0, ""team_rec_yds"": 2884.0, ""team_rec_tds"": 16, ""team_recv_plays"": 214, ""dominator_pct"": 1.96, ""reliable"": true}, {""season"": 2025, ""team"": ""Baylor"", ""rec_yds"": 315.0, ""rec_tds"": 3, ""team_rec_yds"": 3525.0, ""team_rec_tds"": 20, ""team_recv_plays"": 292, ""dominator_pct"": 11.97, ""reliable"": true}]",,,11.97,2025.0,never_hit_20pct
Kyion Grayes,California,MISSING,MISSING,2,"[{""season"": 2024, ""cfbd_name"": ""Kyion Grayes"", ""player_rec_yards"": 22.0, ""player_rec_tds"": 0.0, ""team_rec_yards"": 3362.0, ""team_rec_tds"": 16.0, ""dominator"": 0.003271861986912552, ""dominator_pct"": 0.3271861986912552, ""age_at_season"": null}, {""season"": 2025, ""cfbd_name"": ""Kyion Grayes"", ""player_rec_yards"": 10.0, ""player_rec_tds"": 0.0, ""team_rec_yards"": 3579.0, ""team_rec_tds"": 20.0, ""dominator"": 0.0013970382788488405, ""dominator_pct"": 0.13970382788488406, ""age_at_season"": null}]",,,0.3271861986912552,2024.0,never_hit_20pct
Braylin Presley,Tulsa,2003-10-24,21,4,"[{""season"": 2022, ""team"": ""Oklahoma State"", ""rec_yds"": 17.0, ""rec_tds"": 0, ""team_rec_yds"": 3426.0, ""team_rec_tds"": 22, ""team_recv_plays"": 277, ""dominator_pct"": 0.25, ""reliable"": true}, {""season"": 2023, ""team"": ""Tulsa"", ""rec_yds"": 122.0, ""rec_tds"": 0, ""team_rec_yds"": 2412.0, ""team_rec_tds"": 18, ""team_recv_plays"": 183, ""dominator_pct"": 2.53, ""reliable"": true}, {""season"": 2024, ""team"": ""Tulsa"", ""rec_yds"": 32.0, ""rec_tds"": 0, ""team_rec_yds"": 2652.0, ""team_rec_tds"": 23, ""team_recv_plays"": 236, ""dominator_pct"": 0.6, ""reliable"": true}, {""season"": 2025, ""team"": ""Tulsa"", ""rec_yds"": 114.0, ""rec_tds"": 0, ""team_rec_yds"": 2613.0, ""team_rec_tds"": 9, ""team_recv_plays"": 229, ""dominator_pct"": 2.18, ""reliable"": true}]",,,2.53,2023.0,never_hit_20pct
Talyn Shettron,Oklahoma State,MISSING,MISSING,3,"[{""season"": 2022, ""cfbd_name"": ""Talyn Shettron"", ""player_rec_yards"": 31.0, ""player_rec_tds"": 1.0, ""team_rec_yards"": 3634.0, ""team_rec_tds"": 24.0, ""dominator"": 0.02509860576041093, ""dominator_pct"": 2.5098605760410932, ""age_at_season"": null}, {""season"": 2023, ""cfbd_name"": ""Talyn Shettron"", ""player_rec_yards"": 78.0, ""player_rec_tds"": 0.0, ""team_rec_yards"": 3871.0, ""team_rec_tds"": 18.0, ""dominator"": 0.010074916042366313, ""dominator_pct"": 1.0074916042366313, ""age_at_season"": null}, {""season"": 2024, ""cfbd_name"": ""Talyn Shettron"", ""player_rec_yards"": 245.0, ""player_rec_tds"": 1.0, ""team_rec_yards"": 3176.0, ""team_rec_tds"": 22.0, ""dominator"": 0.061297801694527136, ""dominator_pct"": 6.129780169452713, ""age_at_season"": null}]",,,6.129780169452713,2024.0,never_hit_20pct
Tobias Merriweather,Utah,MISSING,MISSING,1,"[{""season"": 2025, ""cfbd_name"": ""Tobias Merriweather"", ""player_rec_yards"": 130.0, ""player_rec_tds"": 0.0, ""team_rec_yards"": 2816.0, ""team_rec_tds"": 27.0, ""dominator"": 0.023082386363636364, ""dominator_pct"": 2.3082386363636362, ""age_at_season"": null}]",,,2.308238636363636,2025.0,never_hit_20pct
Kaleb Brown,UAB,2003-10-07,21,4,"[{""season"": 2022, ""team"": ""Ohio State"", ""rec_yds"": 5.0, ""rec_tds"": 0, ""team_rec_yds"": 3537.0, ""team_rec_tds"": 38, ""team_recv_plays"": 252, ""dominator_pct"": 0.07, ""reliable"": true}, {""season"": 2023, ""team"": ""Iowa"", ""rec_yds"": 178.0, ""rec_tds"": 1, ""team_rec_yds"": 1605.0, ""team_rec_tds"": 9, ""team_recv_plays"": 161, ""dominator_pct"": 11.1, ""reliable"": true}, {""season"": 2024, ""team"": ""Iowa"", ""rec_yds"": 18.0, ""rec_tds"": 0, ""team_rec_yds"": 1508.0, ""team_rec_tds"": 9, ""team_recv_plays"": 143, ""dominator_pct"": 0.6, ""reliable"": true}, {""season"": 2025, ""team"": ""UAB"", ""rec_yds"": 242.0, ""rec_tds"": 1, ""team_rec_yds"": 2960.0, ""team_rec_tds"": 14, ""team_recv_plays"": 272, ""dominator_pct"": 7.66, ""reliable"": true}]",,,11.1,2023.0,never_hit_20pct
Jayden McGowan,Charlotte,MISSING,MISSING,1,"[{""season"": 2025, ""cfbd_name"": ""Jayden McGowan"", ""player_rec_yards"": 7.0, ""player_rec_tds"": 0.0, ""team_rec_yards"": 2448.0, ""team_rec_tds"": 14.0, ""dominator"": 0.0014297385620915032, ""dominator_pct"": 0.14297385620915032, ""age_at_season"": null}]",,,0.1429738562091503,2025.0,never_hit_20pct
Squirrel White,Florida State,2004-05-05,21,4,"[{""season"": 2022, ""team"": ""Tennessee"", ""rec_yds"": 373.0, ""rec_tds"": 1, ""team_rec_yds"": 3976.0, ""team_rec_tds"": 35, ""team_recv_plays"": 270, ""dominator_pct"": 6.12, ""reliable"": true}, {""season"": 2023, ""team"": ""Tennessee"", ""rec_yds"": 761.0, ""rec_tds"": 2, ""team_rec_yds"": 2915.0, ""team_rec_tds"": 20, ""team_recv_plays"": 244, ""dominator_pct"": 18.05, ""reliable"": true}, {""season"": 2024, ""team"": ""Tennessee"", ""rec_yds"": 342.0, ""rec_tds"": 2, ""team_rec_yds"": 2425.0, ""team_rec_tds"": 21, ""team_recv_plays"": 211, ""dominator_pct"": 11.81, ""reliable"": true}, {""season"": 2025, ""team"": ""Florida State"", ""rec_yds"": 51.0, ""rec_tds"": 0, ""team_rec_yds"": 2957.0, ""team_rec_tds"": 14, ""team_recv_plays"": 191, ""dominator_pct"": 0.86, ""reliable"": true}]",,,18.05,2023.0,never_hit_20pct
Jaron Glover,Michigan State,MISSING,MISSING,3,"[{""season"": 2022, ""cfbd_name"": ""Jaron Glover"", ""player_rec_yards"": 2.0, ""player_rec_tds"": 0.0, ""team_rec_yards"": 2880.0, ""team_rec_tds"": 23.0, ""dominator"": 0.00034722222222222224, ""dominator_pct"": 0.034722222222222224, ""age_at_season"": null}, {""season"": 2023, ""cfbd_name"": ""Jaron Glover"", ""player_rec_yards"": 261.0, ""player_rec_tds"": 0.0, ""team_rec_yards"": 2366.0, ""team_rec_tds"": 14.0, ""dominator"": 0.055156382079459006, ""dominator_pct"": 5.5156382079459005, ""age_at_season"": null}, {""season"": 2024, ""cfbd_name"": ""Jaron Glover"", ""player_rec_yards"": 192.0, ""player_rec_tds"": 2.0, ""team_rec_yards"": 2617.0, ""team_rec_tds"": 13.0, ""dominator"": 0.1136063019899474, ""dominator_pct"": 11.36063019899474, ""age_at_season"": null}]",,,11.36063019899474,2024.0,never_hit_20pct
Justus Ross-Simmons,Syracuse,MISSING,MISSING,2,"[{""season"": 2024, ""cfbd_name"": ""Justus Ross-Simmons"", ""player_rec_yards"": 202.0, ""player_rec_tds"": 2.0, ""team_rec_yards"": 4810.0, ""team_rec_tds"": 34.0, ""dominator"": 0.05040968570380335, ""dominator_pct"": 5.040968570380335, ""age_at_season"": null}, {""season"": 2025, ""cfbd_name"": ""Justus Ross-Simmons"", ""player_rec_yards"": 312.0, ""player_rec_tds"": 5.0, ""team_rec_yards"": 2607.0, ""team_rec_tds"": 17.0, ""dominator"": 0.20689771881134503, ""dominator_pct"": 20.689771881134504, ""age_at_season"": null}]",2025.0,,20.689771881134504,2025.0,breakout_found
Jayden Ballard,Wisconsin,MISSING,22,4,"[{""season"": 2021, ""team"": ""Ohio State"", ""rec_yds"": 4.0, ""rec_tds"": 0, ""team_rec_yds"": 4379.0, ""team_rec_tds"": 40, ""team_recv_plays"": 312, ""dominator_pct"": 0.05, ""reliable"": true}, {""season"": 2022, ""team"": ""Ohio State"", ""rec_yds"": 155.0, ""rec_tds"": 1, ""team_rec_yds"": 3537.0, ""team_rec_tds"": 38, ""team_recv_plays"": 252, ""dominator_pct"": 3.51, ""reliable"": true}, {""season"": 2024, ""team"": ""Ohio State"", ""rec_yds"": 12.0, ""rec_tds"": 0, ""team_rec_yds"": 2835.0, ""team_rec_tds"": 29, ""team_recv_plays"": 231, ""dominator_pct"": 0.21, ""reliable"": true}, {""season"": 2025, ""team"": ""Wisconsin"", ""rec_yds"": 150.0, ""rec_tds"": 2, ""team_rec_yds"": 1589.0, ""team_rec_tds"": 6, ""team_recv_plays"": 150, ""dominator_pct"": 21.39, ""reliable"": true}]",2025.0,21.0,21.39,2025.0,never_hit_20pct
Christian Leary,Western Michigan,MISSING,22,5,"[{""season"": 2021, ""team"": ""Alabama"", ""rec_yds"": 4.0, ""rec_tds"": 1, ""team_rec_yds"": 4504.0, ""team_rec_tds"": 44, ""team_recv_plays"": 328, ""dominator_pct"": 1.18, ""reliable"": true}, {""season"": 2022, ""team"": ""Alabama"", ""rec_yds"": 6.0, ""rec_tds"": 0, ""team_rec_yds"": 3324.0, ""team_rec_tds"": 32, ""team_recv_plays"": 264, ""dominator_pct"": 0.09, ""reliable"": true}, {""season"": 2023, ""team"": ""Georgia Tech"", ""rec_yds"": 351.0, ""rec_tds"": 2, ""team_rec_yds"": 2841.0, ""team_rec_tds"": 25, ""team_recv_plays"": 217, ""dominator_pct"": 10.18, ""reliable"": true}, {""season"": 2024, ""team"": ""Georgia Tech"", ""rec_yds"": 27.0, ""rec_tds"": 0, ""team_rec_yds"": 2858.0, ""team_rec_tds"": 14, ""team_recv_plays"": 242, ""dominator_pct"": 0.47, ""reliable"": true}, {""season"": 2025, ""team"": ""Western Michigan"", ""rec_yds"": 115.0, ""rec_tds"": 0, ""team_rec_yds"": 1876.0, ""team_rec_tds"": 6, ""team_recv_plays"": 177, ""dominator_pct"": 3.07, ""reliable"": true}]",,,10.18,2023.0,never_hit_20pct
JoJo Earle,UNLV,2003-04-05,22,5,"[{""season"": 2021, ""team"": ""Alabama"", ""rec_yds"": 148.0, ""rec_tds"": 0, ""team_rec_yds"": 4504.0, ""team_rec_tds"": 44, ""team_recv_plays"": 328, ""dominator_pct"": 1.64, ""reliable"": true}, {""season"": 2022, ""team"": ""Alabama"", ""rec_yds"": 155.0, ""rec_tds"": 2, ""team_rec_yds"": 3324.0, ""team_rec_tds"": 32, ""team_recv_plays"": 264, ""dominator_pct"": 5.46, ""reliable"": true}, {""season"": 2023, ""team"": ""TCU"", ""rec_yds"": 224.0, ""rec_tds"": 2, ""team_rec_yds"": 3452.0, ""team_rec_tds"": 24, ""team_recv_plays"": 293, ""dominator_pct"": 7.41, ""reliable"": true}, {""season"": 2024, ""team"": ""TCU"", ""rec_yds"": 37.0, ""rec_tds"": 1, ""team_rec_yds"": 3764.0, ""team_rec_tds"": 26, ""team_recv_plays"": 294, ""dominator_pct"": 2.41, ""reliable"": true}, {""season"": 2025, ""team"": ""UNLV"", ""rec_yds"": 260.0, ""rec_tds"": 0, ""team_rec_yds"": 3241.0, ""team_rec_tds"": 13, ""team_recv_plays"": 265, ""dominator_pct"": 4.01, ""reliable"": true}]",,,7.41,2023.0,never_hit_20pct
Dacari Collins,Louisville,2002-11-04,22,5,"[{""season"": 2021, ""team"": ""Clemson"", ""rec_yds"": 169.0, ""rec_tds"": 0, ""team_rec_yds"": 2300.0, ""team_rec_tds"": 11, ""team_recv_plays"": 206, ""dominator_pct"": 3.67, ""reliable"": true}, {""season"": 2022, ""team"": ""Clemson"", ""rec_yds"": 8.0, ""rec_tds"": 0, ""team_rec_yds"": 2941.0, ""team_rec_tds"": 23, ""team_recv_plays"": 268, ""dominator_pct"": 0.14, ""reliable"": true}, {""season"": 2023, ""team"": ""NC State"", ""rec_yds"": 143.0, ""rec_tds"": 1, ""team_rec_yds"": 2300.0, ""team_rec_tds"": 19, ""team_recv_plays"": 203, ""dominator_pct"": 5.74, ""reliable"": true}, {""season"": 2024, ""team"": ""NC State"", ""rec_yds"": 285.0, ""rec_tds"": 1, ""team_rec_yds"": 2521.0, ""team_rec_tds"": 18, ""team_recv_plays"": 224, ""dominator_pct"": 8.43, ""reliable"": true}, {""season"": 2025, ""team"": ""Louisville"", ""rec_yds"": 208.0, ""rec_tds"": 0, ""team_rec_yds"": 2755.0, ""team_rec_tds"": 10, ""team_recv_plays"": 256, ""dominator_pct"": 3.77, ""reliable"": true}]",,,8.43,2024.0,never_hit_20pct
Cody Jackson,Tarleton State,MISSING,22,2,"[{""season"": 2024, ""cfbd_name"": ""Cody Jackson"", ""player_rec_yards"": 490.0, ""player_rec_tds"": 8.0, ""team_rec_yards"": 1442.0, ""team_rec_tds"": 11.0, ""dominator"": 0.5335392762577229, ""dominator_pct"": 53.35392762577229, ""age_at_season"": null}, {""season"": 2025, ""cfbd_name"": ""Cody Jackson"", ""player_rec_yards"": 799.0, ""player_rec_tds"": 6.0, ""team_rec_yards"": 2684.0, ""team_rec_tds"": 26.0, ""dominator"": 0.26422962283618023, ""dominator_pct"": 26.422962283618023, ""age_at_season"": null}]",2024.0,20.0,53.35392762577229,2024.0,breakout_found
Kyron Ware-Hudson,Penn State,MISSING,MISSING,1,"[{""season"": 2025, ""cfbd_name"": ""Kyron Ware-Hudson"", ""player_rec_yards"": 288.0, ""player_rec_tds"": 2.0, ""team_rec_yards"": 2439.0, ""team_rec_tds"": 16.0, ""dominator"": 0.12154059040590406, ""dominator_pct"": 12.154059040590406, ""age_at_season"": null}]",,,12.154059040590406,2025.0,never_hit_20pct
Malik McClain,Arizona State,MISSING,22,5,"[{""season"": 2021, ""team"": ""Florida State"", ""rec_yds"": 152.0, ""rec_tds"": 0, ""team_rec_yds"": 2344.0, ""team_rec_tds"": 20, ""team_recv_plays"": 191, ""dominator_pct"": 3.24, ""reliable"": true}, {""season"": 2022, ""team"": ""Florida State"", ""rec_yds"": 171.0, ""rec_tds"": 2, ""team_rec_yds"": 3047.0, ""team_rec_tds"": 26, ""team_recv_plays"": 218, ""dominator_pct"": 6.65, ""reliable"": true}, {""season"": 2023, ""team"": ""Penn State"", ""rec_yds"": 71.0, ""rec_tds"": 1, ""team_rec_yds"": 2396.0, ""team_rec_tds"": 27, ""team_recv_plays"": 221, ""dominator_pct"": 3.33, ""reliable"": true}, {""season"": 2024, ""team"": ""Arizona State"", ""rec_yds"": 43.0, ""rec_tds"": 0, ""team_rec_yds"": 2621.0, ""team_rec_tds"": 24, ""team_recv_plays"": 195, ""dominator_pct"": 0.82, ""reliable"": true}, {""season"": 2025, ""team"": ""Arizona State"", ""rec_yds"": 425.0, ""rec_tds"": 0, ""team_rec_yds"": 2744.0, ""team_rec_tds"": 9, ""team_recv_plays"": 235, ""dominator_pct"": 7.74, ""reliable"": true}]",,,7.74,2025.0,never_hit_20pct
Deion Colzie,Miami (OH),2003-07-28,22,5,"[{""season"": 2021, ""team"": ""Notre Dame"", ""rec_yds"": 67.0, ""rec_tds"": 0, ""team_rec_yds"": 3150.0, ""team_rec_tds"": 25, ""team_recv_plays"": 251, ""dominator_pct"": 1.06, ""reliable"": true}, {""season"": 2022, ""team"": ""Notre Dame"", ""rec_yds"": 169.0, ""rec_tds"": 0, ""team_rec_yds"": 2370.0, ""team_rec_tds"": 19, ""team_recv_plays"": 190, ""dominator_pct"": 3.57, ""reliable"": true}, {""season"": 2023, ""team"": ""Notre Dame"", ""rec_yds"": 45.0, ""rec_tds"": 1, ""team_rec_yds"": 2960.0, ""team_rec_tds"": 28, ""team_recv_plays"": 209, ""dominator_pct"": 2.55, ""reliable"": true}, {""season"": 2024, ""team"": ""Notre Dame"", ""rec_yds"": 41.0, ""rec_tds"": 1, ""team_rec_yds"": 2297.0, ""team_rec_tds"": 18, ""team_recv_plays"": 213, ""dominator_pct"": 3.67, ""reliable"": true}, {""season"": 2025, ""team"": ""Miami (OH)"", ""rec_yds"": 178.0, ""rec_tds"": 1, ""team_rec_yds"": 2497.0, ""team_rec_tds"": 11, ""team_recv_plays"": 177, ""dominator_pct"": 8.11, ""reliable"": true}]",,,8.11,2025.0,never_hit_20pct
Jerand Bradley,Kansas State,2002-10-10,22,5,"[{""season"": 2021, ""team"": ""Texas Tech"", ""rec_yds"": 35.0, ""rec_tds"": 0, ""team_rec_yds"": 3029.0, ""team_rec_tds"": 17, ""team_recv_plays"": 224, ""dominator_pct"": 0.58, ""reliable"": true}, {""season"": 2022, ""team"": ""Texas Tech"", ""rec_yds"": 630.0, ""rec_tds"": 5, ""team_rec_yds"": 3118.0, ""team_rec_tds"": 21, ""team_recv_plays"": 279, ""dominator_pct"": 22.01, ""reliable"": true}, {""season"": 2023, ""team"": ""Texas Tech"", ""rec_yds"": 416.0, ""rec_tds"": 3, ""team_rec_yds"": 2626.0, ""team_rec_tds"": 21, ""team_recv_plays"": 254, ""dominator_pct"": 15.06, ""reliable"": true}, {""season"": 2024, ""team"": ""Boston College"", ""rec_yds"": 82.0, ""rec_tds"": 1, ""team_rec_yds"": 2308.0, ""team_rec_tds"": 24, ""team_recv_plays"": 182, ""dominator_pct"": 3.86, ""reliable"": true}, {""season"": 2025, ""team"": ""Kansas State"", ""rec_yds"": 119.0, ""rec_tds"": 1, ""team_rec_yds"": 2256.0, ""team_rec_tds"": 13, ""team_recv_plays"": 199, ""dominator_pct"": 6.48, ""reliable"": true}]",2022.0,20.0,22.01,2022.0,never_hit_20pct
Andrel Anthony,Duke,2002-01-07,23,4,"[{""season"": 2022, ""team"": ""Michigan"", ""rec_yds"": 80.0, ""rec_tds"": 0, ""team_rec_yds"": 2736.0, ""team_rec_tds"": 22, ""team_recv_plays"": 217, ""dominator_pct"": 1.46, ""reliable"": true}, {""season"": 2023, ""team"": ""Oklahoma"", ""rec_yds"": 394.0, ""rec_tds"": 1, ""team_rec_yds"": 3791.0, ""team_rec_tds"": 31, ""team_recv_plays"": 273, ""dominator_pct"": 6.81, ""reliable"": true}, {""season"": 2024, ""team"": ""Oklahoma"", ""rec_yds"": 4.0, ""rec_tds"": 0, ""team_rec_yds"": 2000.0, ""team_rec_tds"": 14, ""team_recv_plays"": 199, ""dominator_pct"": 0.1, ""reliable"": true}, {""season"": 2025, ""team"": ""Duke"", ""rec_yds"": 216.0, ""rec_tds"": 3, ""team_rec_yds"": 3807.0, ""team_rec_tds"": 22, ""team_recv_plays"": 322, ""dominator_pct"": 9.66, ""reliable"": true}]",,,9.66,2025.0,never_hit_20pct
Jayden Thomas,Virginia,2002-10-18,22,4,"[{""season"": 2022, ""team"": ""Notre Dame"", ""rec_yds"": 262.0, ""rec_tds"": 1, ""team_rec_yds"": 2370.0, ""team_rec_tds"": 19, ""team_recv_plays"": 190, ""dominator_pct"": 8.16, ""reliable"": true}, {""season"": 2023, ""team"": ""Notre Dame"", ""rec_yds"": 251.0, ""rec_tds"": 1, ""team_rec_yds"": 2960.0, ""team_rec_tds"": 28, ""team_recv_plays"": 209, ""dominator_pct"": 6.03, ""reliable"": true}, {""season"": 2024, ""team"": ""Notre Dame"", ""rec_yds"": 154.0, ""rec_tds"": 1, ""team_rec_yds"": 2297.0, ""team_rec_tds"": 18, ""team_recv_plays"": 213, ""dominator_pct"": 6.13, ""reliable"": true}, {""season"": 2025, ""team"": ""Virginia"", ""rec_yds"": 9.0, ""rec_tds"": 0, ""team_rec_yds"": 3294.0, ""team_rec_tds"": 13, ""team_recv_plays"": 305, ""dominator_pct"": 0.14, ""reliable"": true}]",,,8.16,2022.0,never_hit_20pct
Rara Thomas,Troy,2002-07-28,23,4,"[{""season"": 2021, ""team"": ""Mississippi State"", ""rec_yds"": 180.0, ""rec_tds"": 3, ""team_rec_yds"": 4146.0, ""team_rec_tds"": 33, ""team_recv_plays"": 439, ""dominator_pct"": 6.72, ""reliable"": true}, {""season"": 2022, ""team"": ""Mississippi State"", ""rec_yds"": 593.0, ""rec_tds"": 6, ""team_rec_yds"": 3715.0, ""team_rec_tds"": 35, ""team_recv_plays"": 392, ""dominator_pct"": 16.55, ""reliable"": true}, {""season"": 2023, ""team"": ""Georgia"", ""rec_yds"": 383.0, ""rec_tds"": 1, ""team_rec_yds"": 3922.0, ""team_rec_tds"": 25, ""team_recv_plays"": 306, ""dominator_pct"": 6.88, ""reliable"": true}, {""season"": 2025, ""team"": ""Troy"", ""rec_yds"": 413.0, ""rec_tds"": 1, ""team_rec_yds"": 2623.0, ""team_rec_tds"": 13, ""team_recv_plays"": 235, ""dominator_pct"": 11.72, ""reliable"": true}]",,,16.55,2022.0,breakout_found
Cyrus Allen,Cincinnati,MISSING,22,4,"[{""season"": 2022, ""team"": ""Louisiana Tech"", ""rec_yds"": 554.0, ""rec_tds"": 4, ""team_rec_yds"": 3363.0, ""team_rec_tds"": 25, ""team_recv_plays"": 261, ""dominator_pct"": 16.24, ""reliable"": true}, {""season"": 2023, ""team"": ""Louisiana Tech"", ""rec_yds"": 740.0, ""rec_tds"": 4, ""team_rec_yds"": 3041.0, ""team_rec_tds"": 16, ""team_recv_plays"": 259, ""dominator_pct"": 24.67, ""reliable"": true}, {""season"": 2024, ""team"": ""Texas A&M"", ""rec_yds"": 269.0, ""rec_tds"": 1, ""team_rec_yds"": 2413.0, ""team_rec_tds"": 16, ""team_recv_plays"": 186, ""dominator_pct"": 8.7, ""reliable"": true}, {""season"": 2025, ""team"": ""Cincinnati"", ""rec_yds"": 567.0, ""rec_tds"": 5, ""team_rec_yds"": 2881.0, ""team_rec_tds"": 20, ""team_recv_plays"": 215, ""dominator_pct"": 22.34, ""reliable"": true}]",2023.0,19.0,24.67,2023.0,breakout_found
Jared Brown,South Carolina,MISSING,22,5,"[{""season"": 2021, ""team"": ""Coastal Carolina"", ""rec_yds"": 5.0, ""rec_tds"": 1, ""team_rec_yds"": 2958.0, ""team_rec_tds"": 27, ""team_recv_plays"": 186, ""dominator_pct"": 1.94, ""reliable"": true}, {""season"": 2022, ""team"": ""Coastal Carolina"", ""rec_yds"": 762.0, ""rec_tds"": 6, ""team_rec_yds"": 2982.0, ""team_rec_tds"": 22, ""team_recv_plays"": 218, ""dominator_pct"": 26.41, ""reliable"": true}, {""season"": 2023, ""team"": ""Coastal Carolina"", ""rec_yds"": 740.0, ""rec_tds"": 4, ""team_rec_yds"": 3224.0, ""team_rec_tds"": 21, ""team_recv_plays"": 253, ""dominator_pct"": 21.0, ""reliable"": true}, {""season"": 2024, ""team"": ""South Carolina"", ""rec_yds"": 244.0, ""rec_tds"": 1, ""team_rec_yds"": 2417.0, ""team_rec_tds"": 19, ""team_recv_plays"": 184, ""dominator_pct"": 7.68, ""reliable"": true}, {""season"": 2025, ""team"": ""South Carolina"", ""rec_yds"": 70.0, ""rec_tds"": 0, ""team_rec_yds"": 2392.0, ""team_rec_tds"": 8, ""team_recv_plays"": 198, ""dominator_pct"": 1.46, ""reliable"": true}]",2022.0,18.0,26.41,2022.0,never_hit_20pct
Jaden Bray,West Virginia,2002-08-06,23,5,"[{""season"": 2021, ""team"": ""Oklahoma State"", ""rec_yds"": 241.0, ""rec_tds"": 1, ""team_rec_yds"": 1969.0, ""team_rec_tds"": 14, ""team_recv_plays"": 174, ""dominator_pct"": 9.69, ""reliable"": true}, {""season"": 2022, ""team"": ""Oklahoma State"", ""rec_yds"": 54.0, ""rec_tds"": 0, ""team_rec_yds"": 3426.0, ""team_rec_tds"": 22, ""team_recv_plays"": 277, ""dominator_pct"": 0.79, ""reliable"": true}, {""season"": 2023, ""team"": ""Oklahoma State"", ""rec_yds"": 377.0, ""rec_tds"": 2, ""team_rec_yds"": 3443.0, ""team_rec_tds"": 16, ""team_recv_plays"": 307, ""dominator_pct"": 11.72, ""reliable"": true}, {""season"": 2024, ""team"": ""West Virginia"", ""rec_yds"": 44.0, ""rec_tds"": 0, ""team_rec_yds"": 2352.0, ""team_rec_tds"": 18, ""team_recv_plays"": 194, ""dominator_pct"": 0.94, ""reliable"": true}, {""season"": 2025, ""team"": ""West Virginia"", ""rec_yds"": 95.0, ""rec_tds"": 0, ""team_rec_yds"": 2112.0, ""team_rec_tds"": 4, ""team_recv_plays"": 184, ""dominator_pct"": 2.25, ""reliable"": true}]",,,11.72,2023.0,never_hit_20pct
Joseph Manjack IV,TCU,MISSING,22,5,"[{""season"": 2021, ""team"": ""USC"", ""rec_yds"": 49.0, ""rec_tds"": 0, ""team_rec_yds"": 3039.0, ""team_rec_tds"": 18, ""team_recv_plays"": 261, ""dominator_pct"": 0.81, ""reliable"": true}, {""season"": 2022, ""team"": ""Houston"", ""rec_yds"": 93.0, ""rec_tds"": 0, ""team_rec_yds"": 3791.0, ""team_rec_tds"": 37, ""team_recv_plays"": 315, ""dominator_pct"": 1.23, ""reliable"": true}, {""season"": 2023, ""team"": ""Houston"", ""rec_yds"": 597.0, ""rec_tds"": 6, ""team_rec_yds"": 2929.0, ""team_rec_tds"": 24, ""team_recv_plays"": 261, ""dominator_pct"": 22.69, ""reliable"": true}, {""season"": 2024, ""team"": ""Houston"", ""rec_yds"": 323.0, ""rec_tds"": 2, ""team_rec_yds"": 1828.0, ""team_rec_tds"": 9, ""team_recv_plays"": 181, ""dominator_pct"": 19.95, ""reliable"": true}, {""season"": 2025, ""team"": ""TCU"", ""rec_yds"": 556.0, ""rec_tds"": 2, ""team_rec_yds"": 3624.0, ""team_rec_tds"": 23, ""team_recv_plays"": 296, ""dominator_pct"": 12.02, ""reliable"": true}]",2023.0,19.0,22.69,2023.0,never_hit_20pct
Max Tomzcak,Northern Illinois,MISSING,MISSING,0,[],,,,,no_cfbd_data
E.J. Williams,Indiana,MISSING,23,6,"[{""season"": 2020, ""team"": ""Clemson"", ""rec_yds"": 181.0, ""rec_tds"": 1, ""team_rec_yds"": 3342.0, ""team_rec_tds"": 27, ""team_recv_plays"": 260, ""dominator_pct"": 4.56, ""reliable"": true}, {""season"": 2021, ""team"": ""Clemson"", ""rec_yds"": 60.0, ""rec_tds"": 0, ""team_rec_yds"": 2300.0, ""team_rec_tds"": 11, ""team_recv_plays"": 206, ""dominator_pct"": 1.3, ""reliable"": true}, {""season"": 2022, ""team"": ""Clemson"", ""rec_yds"": 70.0, ""rec_tds"": 0, ""team_rec_yds"": 2941.0, ""team_rec_tds"": 23, ""team_recv_plays"": 268, ""dominator_pct"": 1.19, ""reliable"": true}, {""season"": 2023, ""team"": ""Indiana"", ""rec_yds"": 276.0, ""rec_tds"": 0, ""team_rec_yds"": 2545.0, ""team_rec_tds"": 17, ""team_recv_plays"": 214, ""dominator_pct"": 5.42, ""reliable"": true}, {""season"": 2024, ""team"": ""Indiana"", ""rec_yds"": 49.0, ""rec_tds"": 0, ""team_rec_yds"": 3176.0, ""team_rec_tds"": 31, ""team_recv_plays"": 225, ""dominator_pct"": 0.77, ""reliable"": true}, {""season"": 2025, ""team"": ""Indiana"", ""rec_yds"": 425.0, ""rec_tds"": 3, ""team_rec_yds"": 3610.0, ""team_rec_tds"": 28, ""team_recv_plays"": 278, ""dominator_pct"": 11.24, ""reliable"": true}]",,,11.24,2025.0,never_hit_20pct
Ja'Mori Maclin,Kentucky,MISSING,23,2,"[{""season"": 2024, ""cfbd_name"": ""Jay Maclin"", ""player_rec_yards"": 313.0, ""player_rec_tds"": 4.0, ""team_rec_yards"": 2218.0, ""team_rec_tds"": 15.0, ""dominator"": 0.20389239555154792, ""dominator_pct"": 20.38923955515479, ""age_at_season"": null}, {""season"": 2025, ""cfbd_name"": ""Jay Maclin"", ""player_rec_yards"": 189.0, ""player_rec_tds"": 0.0, ""team_rec_yards"": 2423.0, ""team_rec_tds"": 15.0, ""dominator"": 0.03900123813454395, ""dominator_pct"": 3.900123813454395, ""age_at_season"": null}]",2024.0,21.0,20.38923955515479,2024.0,breakout_found
Ja'Varrius Johnson,Auburn,2000-10-07,25,3,"[{""season"": 2021, ""cfbd_name"": ""Ja'Varrius Johnson"", ""player_rec_yards"": 274.0, ""player_rec_tds"": 2.0, ""team_rec_yards"": 3121.0, ""team_rec_tds"": 17.0, ""dominator"": 0.10271971653127768, ""dominator_pct"": 10.271971653127768, ""age_at_season"": 20}, {""season"": 2022, ""cfbd_name"": ""Ja'Varrius Johnson"", ""player_rec_yards"": 493.0, ""player_rec_tds"": 3.0, ""team_rec_yards"": 2072.0, ""team_rec_tds"": 9.0, ""dominator"": 0.2856338481338481, ""dominator_pct"": 28.56338481338481, ""age_at_season"": 21}, {""season"": 2023, ""cfbd_name"": ""Ja'Varrius Johnson"", ""player_rec_yards"": 347.0, ""player_rec_tds"": 3.0, ""team_rec_yards"": 2109.0, ""team_rec_tds"": 18.0, ""dominator"": 0.16559981033665244, ""dominator_pct"": 16.559981033665245, ""age_at_season"": 22}]",2022.0,21.0,28.56338481338481,2022.0,breakout_found
Donavon Greene,Virginia Tech,MISSING,MISSING,3,"[{""season"": 2023, ""cfbd_name"": ""Ayden Greene"", ""player_rec_yards"": 56.0, ""player_rec_tds"": 0.0, ""team_rec_yards"": 2619.0, ""team_rec_tds"": 23.0, ""dominator"": 0.010691103474608629, ""dominator_pct"": 1.069110347460863, ""age_at_season"": null}, {""season"": 2024, ""cfbd_name"": ""Ayden Greene"", ""player_rec_yards"": 268.0, ""player_rec_tds"": 2.0, ""team_rec_yards"": 2462.0, ""team_rec_tds"": 15.0, ""dominator"": 0.12109396154887625, ""dominator_pct"": 12.109396154887625, ""age_at_season"": null}, {""season"": 2025, ""cfbd_name"": ""Donavon Greene"", ""player_rec_yards"": 267.0, ""player_rec_tds"": 2.0, ""team_rec_yards"": 1996.0, ""team_rec_tds"": 17.0, ""dominator"": 0.12570729694683486, ""dominator_pct"": 12.570729694683486, ""age_at_season"": null}]",,,12.570729694683486,2025.0,never_hit_20pct
Michael Wortham,Montana,,,3,"[{""season"": 2023, ""team"": ""Eastern Washington"", ""rec_yds"": 33.0, ""rec_tds"": 0, ""team_rec_yds"": 2277.0, ""team_rec_tds"": 18, ""team_recv_plays"": 214, ""dominator_pct"": 0.72, ""reliable"": true}, {""season"": 2024, ""team"": ""Eastern Washington"", ""rec_yds"": 147.0, ""rec_tds"": 0, ""team_rec_yds"": 1932.0, ""team_rec_tds"": 21, ""team_recv_plays"": 191, ""dominator_pct"": 3.8, ""reliable"": true}, {""season"": 2025, ""team"": ""Montana"", ""rec_yds"": 1003.0, ""rec_tds"": 4, ""team_rec_yds"": 3663.0, ""team_rec_tds"": 13, ""team_recv_plays"": 306, ""dominator_pct"": 29.08, ""reliable"": true}]",2025.0,21.0,29.08,2025.0,pbp_only
Devin Voisin,South Alabama,,,4,"[{""season"": 2022, ""team"": ""South Alabama"", ""rec_yds"": 754.0, ""rec_tds"": 4, ""team_rec_yds"": 3020.0, ""team_rec_tds"": 24, ""team_recv_plays"": 239, ""dominator_pct"": 20.82, ""reliable"": true}, {""season"": 2023, ""team"": ""South Alabama"", ""rec_yds"": 77.0, ""rec_tds"": 1, ""team_rec_yds"": 3193.0, ""team_rec_tds"": 24, ""team_recv_plays"": 264, ""dominator_pct"": 3.29, ""reliable"": true}, {""season"": 2024, ""team"": ""South Alabama"", ""rec_yds"": 293.0, ""rec_tds"": 0, ""team_rec_yds"": 2487.0, ""team_rec_tds"": 18, ""team_recv_plays"": 226, ""dominator_pct"": 5.89, ""reliable"": true}, {""season"": 2025, ""team"": ""South Alabama"", ""rec_yds"": 799.0, ""rec_tds"": 4, ""team_rec_yds"": 2164.0, ""team_rec_tds"": 10, ""team_recv_plays"": 213, ""dominator_pct"": 38.46, ""reliable"": true}]",2022.0,18.0,38.46,2025.0,pbp_only
