player_name,draft_year,college,pick,season_used,player_rec_yards,player_rec_tds,team_rec_yards,team_rec_tds,yards_market_share,td_market_share,dominator_rating,dominator_pct,status
Amari Cooper,2015,Alabama,4,2014,1727.0,16.0,3890.0,32.0,0.4439588688946015,0.5,0.4719794344473008,47.19794344473008,calculated
Kevin White,2015,West Virginia,7,2014,1447.0,10.0,4121.0,26.0,0.3511283669012375,0.3846153846153846,0.3678718757583111,36.78718757583111,calculated
DeVante Parker,2015,Louisville,14,2014,855.0,5.0,3317.0,21.0,0.2577630388905638,0.238095238095238,0.2479291384929009,24.79291384929009,calculated
Nelson Agholor,2015,USC,20,2014,1313.0,12.0,3856.0,39.0,0.3405082987551867,0.3076923076923077,0.3241003032237472,32.41003032237472,calculated
Breshad Perriman,2015,Central Florida,26,2014,1044.0,9.0,3059.0,23.0,0.3412880026152337,0.391304347826087,0.3662961752206604,36.62961752206604,calculated
Phillip Dorsett,2015,Miami (FL),29,2014,871.0,10.0,2828.0,23.0,0.307991513437058,0.4347826086956521,0.3713870610663551,37.13870610663551,calculated
Devin Smith,2015,Ohio St.,37,2014,931.0,12.0,3707.0,42.0,0.2511464796331265,0.2857142857142857,0.2684303826737061,26.843038267370613,calculated
Dorial Green-Beckham,2015,Oklahoma,40,2013,883.0,12.0,3540.0,31.0,0.24943502824858757,0.3870967741935484,0.31826590122106796,31.826590122106797,fixed_manual
Devin Funchess,2015,Michigan,41,2014,733.0,4.0,2042.0,10.0,0.3589618021547502,0.4,0.3794809010773751,37.94809010773752,calculated
Tyler Lockett,2015,Kansas St.,69,2014,1515.0,11.0,3736.0,23.0,0.4055139186295503,0.4782608695652174,0.4418873940973838,44.18873940973839,calculated
Jaelen Strong,2015,Arizona St.,70,2014,1165.0,10.0,3556.0,34.0,0.327615298087739,0.2941176470588235,0.3108664725732812,31.086647257328124,calculated
Chris Conley,2015,Georgia,76,2014,657.0,8.0,2542.0,24.0,0.2584579071597168,0.3333333333333333,0.295895620246525,29.589562024652505,calculated
Sammie Coates,2015,Auburn,87,2014,741.0,4.0,2254.0,18.0,0.3287488908606921,0.2222222222222222,0.2754855565414571,27.548555654145712,calculated
Ty Montgomery,2015,Stanford,94,2014,604.0,3.0,2988.0,20.0,0.2021419009370816,0.15,0.1760709504685408,17.60709504685408,calculated
Jamison Crowder,2015,Duke,105,2014,1044.0,6.0,2814.0,23.0,0.371002132196162,0.2608695652173913,0.3159358487067767,31.59358487067767,calculated
Justin Hardy,2015,East Carolina,107,2014,1494.0,10.0,4835.0,31.0,0.3089968976215098,0.3225806451612903,0.3157887713914,31.578877139140005,calculated
Vince Mayle,2015,Washington St.,123,2014,1483.0,9.0,5732.0,45.0,0.2587229588276343,0.2,0.2293614794138171,22.93614794138172,calculated
DeAndre Smelter,2015,Georgia Tech,132,2014,715.0,7.0,1837.0,19.0,0.3892215568862275,0.3684210526315789,0.3788213047589032,37.88213047589032,calculated
Rashad Greene,2015,Florida St.,139,2014,,,2736.0,19.0,,,,,player_not_found
Stefon Diggs,2015,Maryland,146,2014,792.0,5.0,2863.0,19.0,0.2766329025497729,0.2631578947368421,0.2698953986433075,26.98953986433075,calculated
Tony Lippett,2015,Michigan St.,156,2014,1198.0,11.0,3427.0,26.0,0.3495768894076452,0.4230769230769231,0.3863269062422841,38.63269062422842,calculated
JJ Nelson,2015,Ala-Birmingham,159,2014,655.0,4.0,2637.0,17.0,0.248388320060675,0.2352941176470588,0.2418412188538669,24.18412188538669,calculated
Kenny Bell,2015,Nebraska,162,2014,788.0,6.0,2757.0,24.0,0.2858179180268407,0.25,0.2679089590134204,26.79089590134204,calculated
Keith Mumphery,2015,Michigan St.,175,2014,495.0,3.0,3427.0,26.0,0.1444412022176831,0.1153846153846153,0.1299129088011492,12.991290880114924,calculated
Kaelin Clay,2015,Utah,184,2014,523.0,4.0,2570.0,20.0,0.2035019455252918,0.2,0.2017509727626459,20.17509727626459,calculated
Geremy Davis,2015,Connecticut,186,2014,,,0.0,0.0,,,,,player_not_found
Evan Spencer,2015,Ohio St.,187,2014,149.0,3.0,3707.0,42.0,0.0401942271378473,0.0714285714285714,0.0558113992832093,5.581139928320937,calculated
Bud Sasser,2015,Missouri,201,2014,1003.0,12.0,2648.0,25.0,0.3787764350453172,0.48,0.4293882175226586,42.93882175226586,calculated
Darren Waller,2015,Georgia Tech,204,2014,442.0,6.0,1837.0,19.0,0.2406096897114861,0.3157894736842105,0.2781995816978483,27.81995816978483,calculated
Neal Sterling,2015,Monmouth,220,2014,,,,,,,,,fcs_school
Andre Debose,2015,Florida,221,2014,-3.0,0.0,2159.0,18.0,-0.001389532190829,0.0,-0.0006947660954145,-0.0694766095414543,calculated
Da'Ron Brown,2015,Northern Illinois,233,2014,1065.0,6.0,2689.0,19.0,0.3960580141316474,0.3157894736842105,0.3559237439079289,35.5923743907929,calculated
Dezmin Lewis,2015,Central Arkansas,234,2014,,,,,,,,,fcs_school
Mario Alford,2015,West Virginia,238,2014,945.0,11.0,4121.0,26.0,0.2293132734773113,0.4230769230769231,0.3261950982771172,32.619509827711724,calculated
Tre McBride,2015,William & Mary,245,2014,,,,,,,,,fcs_school
Corey Coleman,2016,Baylor,15,2015,1363.0,20.0,3764.0,44.0,0.3621147715196599,0.4545454545454545,0.4083301130325572,40.83301130325573,calculated
Will Fuller,2016,Notre Dame,21,2015,,,2106.0,11.0,,,,,player_not_found
Josh Doctson,2016,TCU,22,2015,1327.0,14.0,4517.0,39.0,0.29377905689617,0.358974358974359,0.3263767079352645,32.63767079352645,calculated
Laquon Treadwell,2016,Mississippi,23,2015,1153.0,11.0,4351.0,35.0,0.2649965525166628,0.3142857142857143,0.2896411334011886,28.964113340118857,calculated
Sterling Shepard,2016,Oklahoma,40,2015,1288.0,11.0,4006.0,38.0,0.3215177234148776,0.2894736842105263,0.3054957038127019,30.5495703812702,calculated
Michael Thomas,2016,Ohio St.,47,2015,781.0,9.0,2455.0,19.0,0.3181262729124236,0.4736842105263157,0.3959052417193697,39.59052417193697,calculated
Tyler Boyd,2016,Pittsburgh,55,2015,926.0,6.0,2478.0,21.0,0.3736884584342211,0.2857142857142857,0.3297013720742534,32.970137207425346,calculated
Braxton Miller,2016,Ohio St.,85,2015,341.0,3.0,2455.0,19.0,0.1389002036659878,0.1578947368421052,0.1483974702540465,14.839747025404654,calculated
Leonte Carroo,2016,Rutgers,86,2015,809.0,10.0,2485.0,19.0,0.3255533199195171,0.5263157894736842,0.4259345546966006,42.593455469660064,calculated
Chris Moore,2016,Cincinnati,107,2015,870.0,7.0,4679.0,29.0,0.1859371660611241,0.2413793103448276,0.2136582382029759,21.36582382029759,calculated
Malcolm Mitchell,2016,Georgia,112,2015,865.0,5.0,2406.0,14.0,0.3595178719866999,0.3571428571428571,0.3583303645647785,35.83303645647785,calculated
Ricardo Louis,2016,Auburn,114,2015,716.0,3.0,2113.0,10.0,0.3388547089446285,0.3,0.3194273544723142,31.942735447231424,calculated
Pharoh Cooper,2016,South Carolina,117,2015,973.0,8.0,2490.0,17.0,0.3907630522088353,0.4705882352941176,0.4306756437514765,43.06756437514765,calculated
Demarcus Robinson,2016,Florida,126,2015,522.0,2.0,2899.0,20.0,0.1800620903759917,0.1,0.1400310451879958,14.003104518799589,calculated
Tajae Sharpe,2016,Massachusetts,140,2015,1319.0,5.0,3090.0,18.0,0.4268608414239482,0.2777777777777778,0.352319309600863,35.2319309600863,calculated
Jordan Payton,2016,UCLA,154,2015,1106.0,5.0,3483.0,20.0,0.3175423485501005,0.25,0.2837711742750503,28.377117427505027,calculated
Trevor Davis,2016,California,163,2015,672.0,2.0,4233.0,37.0,0.1587526576895818,0.054054054054054,0.1064033558718179,10.640335587181797,calculated
Tyreek Hill,2016,West Alabama,165,2015,,,,,,,,,fcs_school
Rashard Higgins,2016,Colorado St.,172,2015,1062.0,8.0,2965.0,24.0,0.3581787521079258,0.3333333333333333,0.3457560427206295,34.575604272062954,calculated
Moritz Boehringer,2016,,180,2015,,,,,,,,,no_college
Jakeem Grant,2016,Texas Tech,186,2015,1268.0,10.0,5046.0,39.0,0.2512881490289338,0.2564102564102564,0.2538492027195951,25.38492027195951,calculated
Kolby Listenbee,2016,TCU,192,2015,597.0,5.0,4517.0,39.0,0.1321673677219393,0.1282051282051282,0.1301862479635337,13.01862479635338,calculated
Cody Core,2016,Mississippi,199,2015,644.0,4.0,4351.0,35.0,0.1480119512755688,0.1142857142857142,0.1311488327806415,13.114883278064156,calculated
Mike Thomas,2016,Southern Miss,206,2015,1391.0,14.0,4616.0,40.0,0.30134315424610053,0.35,0.3256715771230503,32.567157712305026,fixed_manual
Aaron Burbridge,2016,Michigan St.,213,2015,1258.0,7.0,3279.0,26.0,0.3836535529124733,0.2692307692307692,0.3264421610716213,32.64421610716213,calculated
Devin Lucien,2016,Arizona St.,225,2015,1074.0,8.0,3887.0,30.0,0.2763056341651659,0.2666666666666666,0.2714861504159163,27.14861504159163,calculated
Demarcus Ayers,2016,Houston,229,2015,1222.0,6.0,3477.0,22.0,0.3514524014955421,0.2727272727272727,0.3120898371114074,31.208983711140743,calculated
Daniel Braverman,2016,Western Michigan,230,2015,1367.0,13.0,3739.0,30.0,0.3656057769457074,0.4333333333333333,0.3994695551395203,39.946955513952034,calculated
Devin Fuller,2016,UCLA,238,2015,,,3483.0,20.0,,,,,player_not_found
Charone Peake,2016,Clemson,241,2015,716.0,5.0,4373.0,35.0,0.1637319917676652,0.1428571428571428,0.153294567312404,15.329456731240404,calculated
Kenny Lawler,2016,California,243,2015,658.0,13.0,4233.0,37.0,0.1554453106543822,0.3513513513513513,0.2533983310028668,25.33983310028668,calculated
Corey Davis,2017,Western Michigan,5,2016,1500.0,19.0,3533.0,33.0,0.4245683555052363,0.5757575757575758,0.500162965631406,50.01629656314061,calculated
Mike Williams,2017,Clemson,7,2016,1361.0,11.0,5009.0,45.0,0.2717109203433819,0.2444444444444444,0.2580776823939131,25.807768239391315,calculated
John Ross,2017,Washington,9,2016,1150.0,17.0,3623.0,47.0,0.3174165056582942,0.3617021276595745,0.3395593166589343,33.95593166589344,calculated
Zay Jones,2017,East Carolina,37,2016,1731.0,8.0,3998.0,26.0,0.4329664832416208,0.3076923076923077,0.3703293954669642,37.032939546696426,calculated
Curtis Samuel,2017,Ohio St.,40,2016,865.0,7.0,2781.0,26.0,0.3110391945343401,0.2692307692307692,0.2901349818825547,29.013498188255472,calculated
JuJu Smith-Schuster,2017,USC,62,2016,914.0,10.0,3593.0,33.0,0.2543835235179515,0.303030303030303,0.2787069132741273,27.87069132741273,calculated
Cooper Kupp,2017,Eastern Washington,69,2016,,,,,,,,,fcs_school
Taywan Taylor,2017,Western Kentucky,72,2016,1730.0,17.0,4717.0,42.0,0.3667585329658681,0.4047619047619047,0.3857602188638864,38.576021886388645,calculated
ArDarius Stewart,2017,Alabama,79,2016,864.0,8.0,3154.0,26.0,0.2739378566899175,0.3076923076923077,0.2908150821911126,29.081508219111264,calculated
Carlos Henderson,2017,Louisiana Tech,82,2016,1535.0,19.0,5087.0,43.0,0.3017495576960881,0.4418604651162791,0.3718050114061836,37.18050114061836,calculated
Chris Godwin,2017,Penn St.,84,2016,982.0,11.0,3650.0,29.0,0.269041095890411,0.3793103448275862,0.3241757203589985,32.41757203589985,calculated
Kenny Golladay,2017,Northern Illinois,96,2016,1164.0,8.0,2696.0,20.0,0.4317507418397626,0.4,0.4158753709198813,41.58753709198813,calculated
Chad Williams,2017,Grambling St.,98,2016,,,,,,,,,fcs_school
Amara Darboh,2017,Michigan,106,2016,862.0,7.0,2756.0,20.0,0.3127721335268505,0.35,0.3313860667634252,33.138606676342526,calculated
Dede Westbrook,2017,Oklahoma,110,2016,1524.0,17.0,4143.0,43.0,0.3678493845039826,0.3953488372093023,0.3815991108566424,38.15991108566424,calculated
Josh Reynolds,2017,Texas A&M,117,2016,1039.0,12.0,3317.0,25.0,0.3132348507687669,0.48,0.3966174253843835,39.66174253843835,calculated
Mack Hollins,2017,North Carolina,118,2016,309.0,4.0,3811.0,30.0,0.081081081081081,0.1333333333333333,0.1072072072072072,10.72072072072072,calculated
Josh Malone,2017,Tennessee,128,2016,972.0,11.0,3100.0,28.0,0.3135483870967742,0.3928571428571428,0.3532027649769585,35.32027649769585,calculated
Ryan Switzer,2017,North Carolina,133,2016,1112.0,6.0,3811.0,30.0,0.2917869325636316,0.2,0.2458934662818158,24.58934662818158,calculated
Jehu Chesson,2017,Michigan,139,2016,500.0,2.0,2756.0,20.0,0.1814223512336719,0.1,0.140711175616836,14.0711175616836,calculated
Chad Hansen,2017,California,141,2016,1249.0,11.0,3920.0,34.0,0.3186224489795918,0.3235294117647059,0.3210759303721489,32.10759303721489,calculated
Shelton Gibson,2017,West Virginia,166,2016,951.0,8.0,3343.0,26.0,0.2844750224349386,0.3076923076923077,0.2960836650636231,29.60836650636232,calculated
Rodney Adams,2017,South Florida,170,2016,822.0,5.0,3020.0,27.0,0.2721854304635762,0.1851851851851851,0.2286853078243806,22.868530782438068,calculated
Isaiah McKenzie,2017,Georgia,172,2016,633.0,7.0,2515.0,16.0,0.25168986083499,0.4375,0.344594930417495,34.459493041749504,calculated
DeAngelo Yancey,2017,Purdue,175,2016,951.0,10.0,3539.0,25.0,0.2687199773947443,0.4,0.3343599886973721,33.43599886973722,calculated
Trent Taylor,2017,Louisiana Tech,177,2016,1803.0,12.0,5087.0,43.0,0.3544328680951444,0.2790697674418604,0.3167513177685024,31.675131776850247,calculated
Robert Davis,2017,Georgia St.,209,2016,968.0,5.0,2955.0,17.0,0.327580372250423,0.2941176470588235,0.3108490096546232,31.084900965462325,calculated
Stacy Coley,2017,Miami (FL),219,2016,754.0,9.0,3564.0,27.0,0.2115600448933782,0.3333333333333333,0.2724466891133558,27.24466891133558,calculated
David Moore,2017,East Central (OK),226,2016,,,,,,,,,fcs_school
Isaiah Ford,2017,Virginia Tech,237,2016,1094.0,7.0,3666.0,31.0,0.298417894162575,0.2258064516129032,0.2621121728877391,26.211217288773916,calculated
Noah Brown,2017,Ohio St.,239,2016,402.0,7.0,2781.0,26.0,0.1445523193096008,0.2692307692307692,0.206891544270185,20.6891544270185,calculated
Malachi Dupre,2017,LSU,247,2016,593.0,3.0,2281.0,12.0,0.2599736957474792,0.25,0.2549868478737396,25.49868478737396,calculated
D.J. Moore,2018,Maryland,24,2017,1033.0,8.0,1940.0,15.0,0.5324742268041237,0.5333333333333333,0.5329037800687285,53.29037800687285,calculated
Calvin Ridley,2018,Alabama,26,2017,967.0,5.0,2708.0,28.0,0.3570901033973412,0.1785714285714285,0.2678307659843849,26.783076598438488,calculated
Courtland Sutton,2018,SMU,40,2017,1085.0,12.0,3823.0,35.0,0.283808527334554,0.3428571428571428,0.3133328350958484,31.33328350958484,calculated
Dante Pettis,2018,Washington,44,2017,761.0,7.0,2881.0,19.0,0.2641443943075321,0.3684210526315789,0.3162827234695555,31.628272346955555,calculated
Christian Kirk,2018,Texas A&M,47,2017,919.0,10.0,3266.0,22.0,0.2813839559093692,0.4545454545454545,0.3679647052274118,36.79647052274119,calculated
Anthony Miller,2018,Memphis,51,2017,1462.0,18.0,4355.0,39.0,0.3357060849598163,0.4615384615384615,0.3986222732491389,39.86222732491389,calculated
James Washington,2018,Oklahoma St.,60,2017,1549.0,13.0,5059.0,37.0,0.3061869934769717,0.3513513513513513,0.3287691724141616,32.87691724141616,calculated
DJ Chark,2018,LSU,61,2017,874.0,3.0,2645.0,17.0,0.3304347826086956,0.1764705882352941,0.2534526854219949,25.345268542199488,calculated
Michael Gallup,2018,Colorado St.,81,2017,1413.0,7.0,3799.0,29.0,0.3719399842063701,0.2413793103448276,0.3066596472755988,30.665964727559885,calculated
Tre'Quan Smith,2018,Central Florida,91,2017,1171.0,13.0,4313.0,38.0,0.2715047530721076,0.3421052631578947,0.3068050081150011,30.68050081150012,calculated
Keke Coutee,2018,Texas Tech,103,2017,1429.0,10.0,4338.0,35.0,0.3294144767173813,0.2857142857142857,0.3075643812158335,30.75643812158335,calculated
Antonio Callaway,2018,Florida,105,2016,721.0,3.0,2805.0,18.0,0.2570409982174688,0.16666666666666666,0.21185383244206774,21.185383244206772,fixed_manual
DaeSean Hamilton,2018,Penn St.,113,2017,857.0,9.0,3772.0,32.0,0.2272004241781548,0.28125,0.2542252120890774,25.422521208907742,calculated
Jaleel Scott,2018,New Mexico St.,132,2017,1079.0,9.0,4459.0,29.0,0.2419825072886297,0.3103448275862069,0.2761636674374183,27.616366743741832,calculated
J'Mon Moore,2018,Missouri,133,2017,1082.0,10.0,4012.0,44.0,0.269690927218345,0.2272727272727272,0.2484818272455361,24.848182724553613,calculated
Justin Watson,2018,Pennsylvania,144,2017,,,,,,,,,fcs_school
Daurice Fountain,2018,Northern Iowa,159,2017,,,,,,,,,fcs_school
Jordan Lasley,2018,UCLA,162,2017,1264.0,9.0,4439.0,31.0,0.2847488173011939,0.2903225806451613,0.2875356989731776,28.753569897317767,calculated
Marquez Valdes-Scantling,2018,South Florida,174,2017,879.0,6.0,2987.0,25.0,0.2942751925008369,0.24,0.2671375962504184,26.713759625041845,calculated
Damion Ratley,2018,Texas A&M,175,2017,694.0,6.0,3266.0,22.0,0.2124923453766074,0.2727272727272727,0.24260980905194,24.260980905194007,calculated
Deon Cain,2018,Clemson,185,2017,734.0,6.0,3297.0,17.0,0.2226266302699423,0.3529411764705882,0.2877839033702653,28.778390337026533,calculated
Ray-Ray McCloud,2018,Clemson,187,2017,503.0,1.0,3297.0,17.0,0.1525629360024264,0.0588235294117647,0.1056932327070955,10.569323270709557,calculated
Dylan Cantrell,2018,Texas Tech,191,2017,816.0,7.0,4338.0,35.0,0.1881051175656984,0.2,0.1940525587828492,19.40525587828493,calculated
Russell Gage,2018,LSU,194,2017,285.0,3.0,2645.0,17.0,0.107750472589792,0.1764705882352941,0.1421105304125431,14.21105304125431,calculated
Tremon Smith,2018,Central Arkansas,196,2017,,,,,,,,,fcs_school
Equanimeous St. Brown,2018,Notre Dame,207,2017,515.0,4.0,2327.0,20.0,0.2213149978513107,0.2,0.2106574989256553,21.06574989256553,calculated
Cedrick Wilson Jr.,2018,Boise St.,208,2017,1511.0,7.0,3677.0,26.0,0.4109328256731031,0.2692307692307692,0.3400817974519361,34.008179745193615,calculated
Braxton Berrios,2018,Miami (FL),210,2017,670.0,9.0,3144.0,26.0,0.2131043256997455,0.3461538461538461,0.2796290859267958,27.962908592679582,calculated
Javon Wims,2018,Georgia,224,2017,724.0,7.0,2653.0,24.0,0.2728986053524312,0.2916666666666667,0.2822826360095489,28.228263600954897,calculated
Marcell Ateman,2018,Oklahoma St.,228,2017,1156.0,8.0,5059.0,37.0,0.2285036568491796,0.2162162162162162,0.2223599365326979,22.235993653269794,calculated
Richie James,2018,Middle Tenn. St.,240,2017,290.0,3.0,3264.0,23.0,0.0888480392156862,0.1304347826086956,0.1096414109121909,10.964141091219096,calculated
Auden Tate,2018,Florida St.,253,2017,548.0,10.0,2551.0,21.0,0.2148177185417483,0.4761904761904761,0.3455040973661122,34.55040973661123,calculated
Austin Proehl,2018,North Carolina,255,2017,337.0,1.0,2705.0,20.0,0.1245841035120148,0.05,0.0872920517560074,8.72920517560074,calculated
Trey Quinn,2018,SMU,256,2017,1236.0,13.0,3823.0,35.0,0.3233063039497776,0.3714285714285714,0.3473674376891745,34.73674376891746,calculated
Marquise Brown,2019,Oklahoma,25,2018,1318.0,10.0,4523.0,43.0,0.29139951359717,0.2325581395348837,0.2619788265660269,26.19788265660269,calculated
N'Keal Harry,2019,Arizona St.,32,2018,1088.0,9.0,3027.0,20.0,0.3594317806408986,0.45,0.4047158903204493,40.47158903204493,calculated
Deebo Samuel,2019,South Carolina,36,2018,882.0,11.0,3555.0,32.0,0.2481012658227848,0.34375,0.2959256329113924,29.59256329113924,calculated
A.J. Brown,2019,Mississippi,51,2018,1355.0,6.0,4198.0,22.0,0.3227727489280609,0.2727272727272727,0.2977500108276668,29.77500108276668,calculated
Mecole Hardman,2019,Georgia,56,2018,532.0,7.0,3165.0,34.0,0.1680884676145339,0.2058823529411764,0.1869854102778552,18.69854102778552,calculated
JJ Arcega-Whiteside,2019,Stanford,57,2018,1040.0,14.0,3551.0,29.0,0.2928752464094621,0.4827586206896552,0.3878169335495586,38.78169335495586,calculated
Parris Campbell,2019,Ohio St.,59,2018,983.0,11.0,5030.0,50.0,0.1954274353876739,0.22,0.2077137176938369,20.7713717693837,calculated
Andy Isabella,2019,Massachusetts,62,2018,1697.0,13.0,3576.0,27.0,0.4745525727069351,0.4814814814814814,0.4780170270942083,47.80170270942083,calculated
D.K. Metcalf,2019,Mississippi,64,2018,569.0,5.0,4198.0,22.0,0.135540733682706,0.2272727272727272,0.1814067304777166,18.140673047771667,calculated
Diontae Johnson,2019,Toledo,66,2018,761.0,8.0,2977.0,32.0,0.2556264696002687,0.25,0.2528132348001344,25.28132348001344,calculated
Jalen Hurd,2019,Baylor,67,2018,946.0,4.0,3793.0,22.0,0.249406802003691,0.1818181818181818,0.2156124919109364,21.56124919109364,calculated
Terry McLaurin,2019,Ohio St.,76,2018,701.0,11.0,5030.0,50.0,0.1393638170974155,0.22,0.1796819085487077,17.968190854870773,calculated
Miles Boykin,2019,Notre Dame,93,2018,872.0,8.0,3338.0,23.0,0.2612342720191731,0.3478260869565217,0.3045301794878474,30.453017948784744,calculated
Hakeem Butler,2019,Iowa St.,103,2018,1318.0,9.0,3125.0,20.0,0.42176,0.45,0.43588,43.58800000000001,calculated
Gary Jennings Jr,2019,West Virginia,120,2018,917.0,13.0,4259.0,38.0,0.2153087579243954,0.3421052631578947,0.2787070105411451,27.870701054114512,calculated
Riley Ridley,2019,Georgia,126,2018,570.0,9.0,3165.0,34.0,0.1800947867298578,0.2647058823529412,0.2224003345413995,22.24003345413995,calculated
Hunter Renfrow,2019,Clemson,149,2018,544.0,1.0,4185.0,37.0,0.1299880525686977,0.027027027027027,0.0785075397978623,7.850753979786237,calculated
Darius Slayton,2019,Auburn,171,2018,670.0,5.0,2928.0,21.0,0.2288251366120218,0.238095238095238,0.2334601873536299,23.346018735363,calculated
KeeSean Johnson,2019,Fresno St.,174,2018,1340.0,8.0,3779.0,26.0,0.3545911616829849,0.3076923076923077,0.3311417346876463,33.114173468764626,calculated
Travis Fulgham,2019,Old Dominion,184,2018,1083.0,9.0,3573.0,21.0,0.3031066330814441,0.4285714285714285,0.3658390308264363,36.58390308264363,calculated
Juwann Winfree,2019,Colorado,187,2018,324.0,2.0,2955.0,19.0,0.1096446700507614,0.1052631578947368,0.1074539139727491,10.745391397274911,calculated
Marcus Green,2019,La-Monroe,203,2018,,,0.0,0.0,,,,,player_not_found
Kelvin Harmon,2019,North Carolina St.,206,2018,1086.0,6.0,3717.0,21.0,0.2921711057304277,0.2857142857142857,0.2889426957223567,28.894269572235675,calculated
Scott Miller,2019,Bowling Green,208,2018,1106.0,9.0,2816.0,29.0,0.3927556818181818,0.3103448275862069,0.3515502547021943,35.155025470219435,calculated
John Ursua,2019,Hawaii,236,2018,1343.0,16.0,4344.0,43.0,0.3091620626151012,0.3720930232558139,0.3406275429354576,34.06275429354576,calculated
Terry Godwin,2019,Georgia,237,2018,373.0,3.0,3165.0,34.0,0.1178515007898894,0.088235294117647,0.1030433974537682,10.304339745376824,calculated
Dillon Mitchell,2019,Oregon,239,2018,1184.0,10.0,3244.0,29.0,0.3649815043156597,0.3448275862068966,0.3549045452612781,35.49045452612781,calculated
Olabisi Johnson,2019,Colorado St.,247,2018,796.0,4.0,3680.0,26.0,0.2163043478260869,0.1538461538461538,0.1850752508361204,18.50752508361204,calculated
Henry Ruggs III,2020,Alabama,12,2019,746.0,7.0,4449.0,49.0,0.1676781299168352,0.1428571428571428,0.155267636386989,15.526763638698904,calculated
Jerry Jeudy,2020,Alabama,15,2019,1163.0,10.0,4449.0,49.0,0.26140705776579,0.2040816326530612,0.2327443452094256,23.274434520942563,calculated
CeeDee Lamb,2020,Oklahoma,17,2019,1327.0,14.0,4164.0,36.0,0.3186839577329491,0.3888888888888889,0.353786423310919,35.3786423310919,calculated
Jalen Reagor,2020,TCU,21,2019,611.0,5.0,2444.0,15.0,0.25,0.3333333333333333,0.2916666666666666,29.166666666666664,calculated
Justin Jefferson,2020,LSU,22,2019,1540.0,18.0,6024.0,61.0,0.2556440903054449,0.2950819672131147,0.2753630287592798,27.53630287592798,calculated
Brandon Aiyuk,2020,Arizona St.,25,2019,1192.0,8.0,3235.0,21.0,0.3684698608964451,0.3809523809523809,0.374711120924413,37.4711120924413,calculated
Tee Higgins,2020,Clemson,33,2019,1167.0,13.0,4325.0,40.0,0.2698265895953757,0.325,0.2974132947976878,29.741329479768787,calculated
Michael Pittman Jr.,2020,USC,34,2019,1275.0,11.0,4365.0,35.0,0.2920962199312715,0.3142857142857143,0.3031909671084929,30.31909671084929,calculated
Laviska Shenault Jr.,2020,Colorado,42,2019,764.0,4.0,2858.0,18.0,0.2673198040587823,0.2222222222222222,0.2447710131405022,24.477101314050227,calculated
KJ Hamler,2020,Penn St.,46,2019,904.0,8.0,2877.0,25.0,0.3142161974278762,0.32,0.3171080987139381,31.710809871393813,calculated
Chase Claypool,2020,Notre Dame,49,2019,1037.0,13.0,3278.0,37.0,0.3163514338010982,0.3513513513513513,0.3338513925762247,33.38513925762248,calculated
Van Jefferson,2020,Florida,57,2019,657.0,6.0,3910.0,33.0,0.1680306905370844,0.1818181818181818,0.1749244361776331,17.49244361776331,calculated
Denzel Mims,2020,Baylor,59,2019,1020.0,12.0,3571.0,24.0,0.2856342761131336,0.5,0.3928171380565668,39.28171380565668,calculated
Lynn Bowden Jr.,2020,Kentucky,80,2019,348.0,1.0,1478.0,9.0,0.2354533152909337,0.1111111111111111,0.1732822132010223,17.328221320102237,calculated
Bryan Edwards,2020,South Carolina,81,2019,816.0,6.0,2667.0,12.0,0.3059617547806524,0.5,0.4029808773903262,40.29808773903262,calculated
Devin Duvernay,2020,Texas,92,2019,1386.0,9.0,3761.0,32.0,0.368519010901356,0.28125,0.324884505450678,32.488450545067806,calculated
Gabriel Davis,2020,Central Florida,128,2019,1241.0,12.0,3434.0,30.0,0.3613861386138614,0.4,0.3806930693069307,38.06930693069307,calculated
Antonio Gandy-Golden,2020,Liberty,142,2019,1396.0,10.0,3731.0,29.0,0.3741624229429107,0.3448275862068966,0.3594950045749037,35.949500457490366,calculated
Joe Reed,2020,Virginia,151,2019,679.0,7.0,3748.0,23.0,0.1811632870864461,0.3043478260869565,0.2427555565867013,24.27555565867013,calculated
Tyler Johnson,2020,Minnesota,161,2019,1318.0,13.0,3293.0,31.0,0.4002429395687822,0.4193548387096774,0.4097988891392298,40.97988891392298,calculated
Collin Johnson,2020,Texas,165,2019,559.0,3.0,3761.0,32.0,0.1486306833289019,0.09375,0.1211903416644509,12.119034166445095,calculated
Quintez Cephus,2020,Wisconsin,166,2019,901.0,7.0,2802.0,18.0,0.3215560314061385,0.3888888888888889,0.3552224601475137,35.52224601475137,calculated
John Hightower,2020,Boise St.,168,2019,943.0,8.0,3664.0,31.0,0.2573689956331877,0.2580645161290322,0.25771675588111,25.771675588111,calculated
Isaiah Coulter,2020,Rhode Island,171,2019,,,,,,,,,fcs_school
Darnell Mooney,2020,Tulane,173,2019,713.0,5.0,2679.0,19.0,0.2661440836132885,0.2631578947368421,0.2646509891750653,26.46509891750653,calculated
K.J. Osborn,2020,Miami (FL),176,2019,547.0,5.0,3239.0,27.0,0.1688792837295461,0.1851851851851851,0.1770322344573656,17.703223445736565,calculated
Donovan Peoples-Jones,2020,Michigan,187,2019,438.0,6.0,3261.0,25.0,0.1343146274149034,0.24,0.1871573137074517,18.71573137074517,calculated
Quez Watkins,2020,Southern Miss,200,2019,,,0.0,0.0,,,,,player_not_found
James Proche,2020,SMU,201,2019,1225.0,15.0,4018.0,35.0,0.3048780487804878,0.4285714285714285,0.3667247386759582,36.67247386759582,calculated
Isaiah Hodgins,2020,Oregon St.,207,2019,1171.0,13.0,3061.0,30.0,0.3825547206795165,0.4333333333333333,0.4079440270064249,40.79440270064249,calculated
Dezmon Patmon,2020,Washington St.,212,2019,762.0,8.0,5679.0,50.0,0.1341785525620707,0.16,0.1470892762810354,14.708927628103542,calculated
Freddie Swain,2020,Florida,214,2019,517.0,7.0,3910.0,33.0,0.1322250639386189,0.2121212121212121,0.1721731380299155,17.21731380299155,calculated
Jauan Jennings,2020,Tennessee,217,2019,969.0,8.0,2878.0,19.0,0.3366921473245309,0.4210526315789473,0.3788723894517391,37.88723894517391,calculated
K.J. Hill,2020,Ohio St.,220,2019,636.0,10.0,3684.0,48.0,0.1726384364820846,0.2083333333333333,0.190485884907709,19.0485884907709,calculated
Tyrie Cleveland,2020,Florida,252,2019,351.0,1.0,3910.0,33.0,0.089769820971867,0.0303030303030303,0.0600364256374486,6.003642563744865,calculated
Ja'Marr Chase,2021,LSU,5,2019,1780.0,20.0,6024.0,61.0,0.2954847277556441,0.32786885245901637,0.31167679010733024,31.167679010733025,fixed_manual
Jaylen Waddle,2021,Alabama,6,2020,591.0,4.0,4656.0,42.0,0.1269329896907216,0.0952380952380952,0.1110855424644084,11.108554246440844,calculated
DeVonta Smith,2021,Alabama,10,2020,1856.0,23.0,4656.0,42.0,0.3986254295532646,0.5476190476190477,0.4731222385861561,47.31222385861562,calculated
Kadarius Toney,2021,Florida,20,2020,984.0,10.0,4543.0,46.0,0.2165969623596742,0.217391304347826,0.2169941333537501,21.699413335375013,calculated
Rashod Bateman,2021,Minnesota,27,2020,472.0,2.0,1394.0,7.0,0.3385939741750359,0.2857142857142857,0.3121541299446608,31.21541299446608,calculated
Elijah Moore,2021,Mississippi,34,2020,1193.0,8.0,3450.0,30.0,0.3457971014492753,0.2666666666666666,0.3062318840579709,30.623188405797094,calculated
Rondale Moore,2021,Purdue,49,2020,270.0,0.0,1854.0,15.0,0.145631067961165,0.0,0.0728155339805825,7.281553398058252,calculated
D'Wayne Eskridge,2021,Western Michigan,56,2020,768.0,8.0,1704.0,18.0,0.4507042253521127,0.4444444444444444,0.4475743348982786,44.75743348982786,calculated
Tutu Atwell,2021,Louisville,57,2020,625.0,7.0,2683.0,20.0,0.23294819232202757,0.35,0.2914740961610138,29.147409616101378,fixed_manual
Terrace Marshall Jr.,2021,LSU,59,2020,731.0,10.0,3063.0,24.0,0.2386549134835129,0.4166666666666667,0.3276607900750898,32.76607900750898,calculated
Josh Palmer,2021,Tennessee,77,2020,475.0,4.0,2047.0,14.0,0.2320468978993649,0.2857142857142857,0.2588805918068253,25.88805918068253,calculated
Dyami Brown,2021,North Carolina,82,2020,1084.0,8.0,3599.0,31.0,0.3011947763267574,0.2580645161290322,0.2796296462278949,27.96296462278949,calculated
Amari Rodgers,2021,Clemson,85,2020,1020.0,7.0,4182.0,31.0,0.2439024390243902,0.2258064516129032,0.2348544453186467,23.485444531864676,calculated
Nico Collins,2021,Michigan,89,2019,729.0,7.0,3261.0,25.0,0.22355105795768168,0.28,0.25177552897884087,25.177552897884087,fixed_manual
Anthony Schwartz,2021,Auburn,91,2020,652.0,3.0,2423.0,12.0,0.2690879075526207,0.25,0.2595439537763103,25.954395377631037,calculated
Dez Fitzpatrick,2021,Louisville,109,2020,833.0,3.0,2683.0,20.0,0.3104733507267984,0.15,0.2302366753633992,23.02366753633992,calculated
Amon-Ra St. Brown,2021,USC,112,2020,478.0,7.0,1916.0,17.0,0.2494780793319415,0.4117647058823529,0.3306213926071472,33.06213926071472,calculated
Jaelon Darden,2021,North Texas,129,2020,1190.0,19.0,2830.0,28.0,0.4204946996466431,0.6785714285714286,0.5495330641090359,54.95330641090359,calculated
Tylan Wallace,2021,Oklahoma St.,131,2020,917.0,6.0,2630.0,18.0,0.3486692015209126,0.3333333333333333,0.3410012674271229,34.10012674271229,calculated
Jacob Harris,2021,Central Florida,141,2020,539.0,8.0,3521.0,32.0,0.1530815109343936,0.25,0.2015407554671968,20.15407554671968,calculated
Ihmir Smith-Marsette,2021,Iowa,157,2020,345.0,4.0,1581.0,9.0,0.2182163187855787,0.4444444444444444,0.3313303816150116,33.13303816150116,calculated
Simi Fehoko,2021,Stanford,179,2020,584.0,3.0,1726.0,7.0,0.3383545770567787,0.4285714285714285,0.3834630028141036,38.346300281410365,calculated
Cornell Powell,2021,Clemson,181,2020,882.0,7.0,4182.0,31.0,0.2109038737446198,0.2258064516129032,0.2183551626787615,21.83551626787615,calculated
Frank Darby,2021,Arizona St.,187,2020,46.0,1.0,777.0,5.0,0.0592020592020592,0.2,0.1296010296010296,12.96010296010296,calculated
Marquez Stevenson,2021,Houston,203,2020,307.0,4.0,2126.0,15.0,0.1444026340545625,0.2666666666666666,0.2055346503606146,20.55346503606146,calculated
Shi Smith,2021,South Carolina,204,2020,621.0,4.0,1854.0,8.0,0.3349514563106796,0.5,0.4174757281553398,41.74757281553399,calculated
Racey McMath,2021,LSU,205,2020,195.0,1.0,3063.0,24.0,0.0636630754162585,0.0416666666666666,0.0526648710414626,5.266487104146261,calculated
Jalen Camp,2021,Georgia Tech,209,2020,392.0,4.0,1968.0,14.0,0.1991869918699187,0.2857142857142857,0.2424506387921022,24.24506387921022,calculated
Seth Williams,2021,Auburn,219,2020,744.0,4.0,2423.0,12.0,0.3070573669005365,0.3333333333333333,0.3201953501169349,32.01953501169349,calculated
Dazz Newsome,2021,North Carolina,221,2020,684.0,6.0,3599.0,31.0,0.1900527924423451,0.1935483870967742,0.1918005897695596,19.18005897695597,calculated
Mike Strachan,2021,Charleston (WV),229,2020,,,,,,,,,fcs_school
Tre Nixon,2021,Central Florida,242,2020,258.0,2.0,3521.0,32.0,0.0732746378869639,0.0625,0.0678873189434819,6.788731894348196,calculated
Ben Skowronek,2021,Notre Dame,249,2020,439.0,5.0,2849.0,15.0,0.154089154089154,0.3333333333333333,0.2437112437112437,24.37112437112437,calculated
Kawaan Baker,2021,South Alabama,255,2020,656.0,8.0,2718.0,18.0,0.2413539367181751,0.4444444444444444,0.3428991905813098,34.28991905813098,calculated
Dax Milne,2021,BYU,258,2020,1189.0,8.0,3984.0,33.0,0.2984437751004016,0.2424242424242424,0.270434008762322,27.043400876232205,calculated
Drake London,2022,USC,8,2021,1084.0,7.0,3580.0,21.0,0.3027932960893855,0.3333333333333333,0.3180633147113594,31.80633147113594,calculated
Garrett Wilson,2022,Ohio St.,10,2021,1058.0,12.0,4952.0,46.0,0.2136510500807754,0.2608695652173913,0.2372603076490833,23.726030764908337,calculated
Chris Olave,2022,Ohio St.,11,2021,936.0,13.0,4952.0,46.0,0.1890145395799677,0.2826086956521739,0.2358116176160707,23.58116176160708,calculated
Jameson Williams,2022,Alabama,12,2021,1572.0,15.0,5073.0,48.0,0.3098758131283264,0.3125,0.3111879065641632,31.118790656416323,calculated
Jahan Dotson,2022,Penn St.,16,2021,1182.0,12.0,3491.0,25.0,0.3385849326840446,0.48,0.4092924663420223,40.92924663420223,calculated
Treylon Burks,2022,Arkansas,18,2021,1104.0,11.0,2781.0,22.0,0.3969795037756203,0.5,0.4484897518878101,44.84897518878101,calculated
Christian Watson,2022,North Dakota St.,34,2021,,,0.0,0.0,,,,,player_not_found
Wan'Dale Robinson,2022,Kentucky,43,2021,1334.0,7.0,2933.0,24.0,0.4548244118649847,0.2916666666666667,0.3732455392658257,37.324553926582574,calculated
John Metchie,2022,Alabama,44,2021,1142.0,8.0,5073.0,48.0,0.2251133451606544,0.1666666666666666,0.1958900059136605,19.58900059136606,calculated
Tyquan Thornton,2022,Baylor,50,2021,948.0,10.0,2843.0,24.0,0.3334505803728456,0.4166666666666667,0.3750586235197561,37.505862351975615,calculated
George Pickens,2022,Georgia,52,2021,107.0,0.0,3778.0,39.0,0.0283218634197988,0.0,0.0141609317098994,1.4160931709899416,calculated
Alec Pierce,2022,Cincinnati,53,2021,884.0,8.0,3377.0,33.0,0.2617708024874148,0.2424242424242424,0.2520975224558286,25.209752245582862,calculated
Skyy Moore,2022,Western Michigan,54,2021,1292.0,10.0,3297.0,23.0,0.391871398240825,0.4347826086956521,0.4133270034682386,41.332700346823856,calculated
Velus Jones Jr.,2022,Tennessee,71,2021,807.0,7.0,3342.0,33.0,0.2414721723518851,0.2121212121212121,0.2267966922365486,22.679669223654862,calculated
Jalen Tolbert,2022,South Alabama,88,2021,1474.0,8.0,3072.0,22.0,0.4798177083333333,0.3636363636363636,0.4217270359848485,42.17270359848485,calculated
David Bell,2022,Purdue,99,2021,1286.0,6.0,4620.0,35.0,0.2783549783549783,0.1714285714285714,0.2248917748917749,22.48917748917749,calculated
Danny Gray,2022,SMU,105,2021,803.0,9.0,3654.0,39.0,0.2197591680350301,0.2307692307692307,0.2252641994021304,22.52641994021304,calculated
Erik Ezukanma,2022,Texas Tech,125,2021,705.0,4.0,3344.0,18.0,0.2108253588516746,0.2222222222222222,0.2165237905369484,21.652379053694844,calculated
Romeo Doubs,2022,Nevada,132,2021,1109.0,11.0,4511.0,38.0,0.2458434936821104,0.2894736842105263,0.2676585889463183,26.765858894631837,calculated
Calvin Austin III,2022,Memphis,138,2021,1149.0,8.0,3585.0,26.0,0.3205020920502092,0.3076923076923077,0.3140971998712584,31.409719987125843,calculated
Khalil Shakir,2022,Boise St.,148,2021,1117.0,7.0,3127.0,20.0,0.3572113847137831,0.35,0.3536056923568915,35.360569235689155,calculated
Montrell Washington,2022,Samford,162,2021,,,,,,,,,fcs_school
Kyle Philips,2022,UCLA,163,2021,739.0,10.0,2714.0,23.0,0.2722918201915991,0.4347826086956521,0.3535372144436256,35.35372144436256,calculated
Jalen Nailor,2022,Michigan St.,191,2021,695.0,6.0,3298.0,27.0,0.2107337780473014,0.2222222222222222,0.2164780001347618,21.647800013476186,calculated
Michael Woods II,2022,Oklahoma,202,2021,400.0,2.0,3425.0,32.0,0.1167883211678832,0.0625,0.0896441605839416,8.96441605839416,calculated
Bo Melton,2022,Rutgers,229,2021,618.0,3.0,2229.0,9.0,0.2772543741588156,0.3333333333333333,0.3052938537460744,30.529385374607443,calculated
Dareke Young,2022,Lenoir-Rhyne,233,2021,,,0.0,0.0,,,,,player_not_found
Samori Toure,2022,Nebraska,258,2021,898.0,5.0,3197.0,14.0,0.2808883328120112,0.3571428571428571,0.3190155949774342,31.90155949774342,calculated
Jaxon Smith-Njigba,2023,Ohio St.,20,2022,43.0,0.0,3878.0,42.0,0.0110881897885508,0.0,0.0055440948942754,0.55440948942754,calculated
Quentin Johnston,2023,TCU,21,2022,1069.0,6.0,3926.0,33.0,0.2722873153336729,0.1818181818181818,0.2270527485759274,22.705274857592737,calculated
Zay Flowers,2023,Boston Col.,22,2022,1077.0,12.0,2965.0,21.0,0.3632377740303541,0.5714285714285714,0.4673331727294627,46.73331727294627,calculated
Jordan Addison,2023,USC,23,2022,875.0,8.0,4694.0,43.0,0.1864081806561568,0.1860465116279069,0.1862273461420319,18.62273461420319,calculated
Jonathan Mingo,2023,Mississippi,39,2022,862.0,5.0,3118.0,22.0,0.2764592687620269,0.2272727272727272,0.2518659980173771,25.186599801737707,calculated
Jayden Reed,2023,Michigan St.,50,2022,636.0,5.0,2880.0,23.0,0.2208333333333333,0.217391304347826,0.2191123188405797,21.91123188405797,calculated
Rashee Rice,2023,SMU,55,2022,1355.0,10.0,4059.0,35.0,0.3338260655333826,0.2857142857142857,0.3097701756238341,30.977017562383413,calculated
Marvin Mims,2023,Oklahoma,63,2022,1083.0,6.0,3310.0,27.0,0.327190332326284,0.2222222222222222,0.2747062772742531,27.470627727425317,calculated
Tank Dell,2023,Houston,69,2022,1398.0,17.0,4082.0,40.0,0.34247917687408136,0.425,0.3837395884370407,38.373958843704074,fixed_manual
Jalin Hyatt,2023,Tennessee,73,2022,1267.0,15.0,4239.0,38.0,0.2988912479358339,0.3947368421052631,0.3468140450205486,34.68140450205486,calculated
Cedric Tillman,2023,Tennessee,74,2022,417.0,3.0,4239.0,38.0,0.0983722576079264,0.0789473684210526,0.0886598130144895,8.86598130144895,calculated
Josh Downs,2023,North Carolina,79,2022,1029.0,11.0,4330.0,38.0,0.2376443418013857,0.2894736842105263,0.263559013005956,26.3559013005956,calculated
Michael Wilson,2023,Stanford,94,2022,418.0,4.0,3051.0,15.0,0.1370042608980662,0.2666666666666666,0.2018354637823664,20.183546378236645,calculated
Tre Tucker,2023,Cincinnati,100,2022,672.0,3.0,3155.0,22.0,0.2129952456418383,0.1363636363636363,0.1746794410027373,17.467944100273737,calculated
Derius Davis,2023,TCU,125,2022,531.0,5.0,3926.0,33.0,0.1352521650534895,0.1515151515151515,0.1433836582843205,14.338365828432051,calculated
Charlie Jones,2023,Purdue,131,2022,1361.0,12.0,3871.0,26.0,0.351588736760527,0.4615384615384615,0.4065635991494942,40.65635991494943,calculated
Tyler Scott,2023,Cincinnati,133,2022,899.0,9.0,3155.0,22.0,0.2849445324881141,0.4090909090909091,0.3470177207895116,34.70177207895116,calculated
Justin Shorter,2023,Florida,150,2022,577.0,2.0,2910.0,18.0,0.1982817869415807,0.1111111111111111,0.1546964490263459,15.469644902634592,calculated
Dontayvion Wicks,2023,Virginia,159,2022,430.0,2.0,2210.0,7.0,0.1945701357466063,0.2857142857142857,0.240142210730446,24.0142210730446,calculated
Puka Nacua,2023,BYU,177,2022,625.0,5.0,3246.0,32.0,0.1925446703635243,0.15625,0.1743973351817621,17.43973351817622,calculated
Parker Washington,2023,Penn St.,185,2022,611.0,2.0,3283.0,29.0,0.186110265001523,0.0689655172413793,0.1275378911214511,12.753789112145114,calculated
Kayshon Boutte,2023,LSU,187,2022,538.0,2.0,3770.0,23.0,0.1427055702917772,0.0869565217391304,0.1148310460154538,11.48310460154538,calculated
Trey Palmer,2023,Nebraska,191,2022,1043.0,9.0,2650.0,17.0,0.3935849056603773,0.5294117647058824,0.4614983351831299,46.14983351831299,calculated
A.T. Perry,2023,Wake Forest,195,2022,1096.0,11.0,4055.0,43.0,0.2702836004932182,0.2558139534883721,0.2630487769907952,26.30487769907952,calculated
Elijah Higgins,2023,Stanford,197,2022,704.0,2.0,3051.0,15.0,0.2307440183546378,0.1333333333333333,0.1820386758439856,18.20386758439856,calculated
Xavier Hutchinson,2023,Iowa St.,205,2022,1171.0,6.0,3141.0,19.0,0.3728112066220949,0.3157894736842105,0.3443003401531527,34.43003401531527,calculated
Andrei Iosivas,2023,Princeton,206,2022,,,,,,,,,fcs_school
DeMario Douglas,2023,Liberty,210,2022,993.0,6.0,2815.0,21.0,0.352753108348135,0.2857142857142857,0.3192336970312103,31.92336970312104,calculated
Antoine Green,2023,North Carolina,219,2022,798.0,7.0,4330.0,38.0,0.1842956120092378,0.1842105263157894,0.1842530691625136,18.425306916251365,calculated
Colton Dowell,2023,UT Martin,228,2022,1032.0,6.0,2941.0,18.0,0.3509010540632438,0.3333333333333333,0.3421171936982885,34.211719369828856,calculated
Jalen Brooks,2023,South Carolina,244,2022,504.0,1.0,3379.0,23.0,0.1491565551938443,0.0434782608695652,0.0963174080317047,9.631740803170477,calculated
Ronnie Bell,2023,Michigan,253,2022,889.0,4.0,3078.0,23.0,0.2888239116309292,0.1739130434782608,0.231368477554595,23.136847755459502,calculated
Grant Dubose,2023,Charlotte,256,2022,792.0,9.0,3254.0,27.0,0.2433927473878303,0.3333333333333333,0.2883630403605818,28.836304036058184,calculated
Marvin Harrison Jr.,2024,Ohio St.,4,2023,1211.0,14.0,3498.0,26.0,0.3461978273299028,0.5384615384615384,0.4423296828957206,44.232968289572064,calculated
Malik Nabers,2024,LSU,6,2023,1569.0,14.0,4407.0,44.0,0.3560245064669843,0.3181818181818182,0.3371031623244013,33.71031623244013,calculated
Rome Odunze,2024,Washington,9,2023,1640.0,13.0,5155.0,38.0,0.3181377303588749,0.3421052631578947,0.3301214967583848,33.01214967583848,calculated
Brian Thomas,2024,LSU,23,2023,1177.0,17.0,4407.0,44.0,0.2670751077830723,0.3863636363636363,0.3267193720733543,32.67193720733543,calculated
Xavier Worthy,2024,Texas,28,2023,1014.0,5.0,4047.0,25.0,0.2505559673832468,0.2,0.2252779836916234,22.527798369162344,calculated
Ricky Pearsall,2024,Florida,31,2023,970.0,4.0,3086.0,20.0,0.3143227478937135,0.2,0.2571613739468568,25.71613739468568,calculated
Xavier Legette,2024,South Carolina,32,2023,1255.0,7.0,3336.0,21.0,0.3761990407673861,0.3333333333333333,0.3547661870503596,35.47661870503597,calculated
Keon Coleman,2024,Florida St.,33,2023,658.0,11.0,3508.0,25.0,0.1875712656784492,0.44,0.3137856328392246,31.37856328392246,calculated
Ladd McConkey,2024,Georgia,34,2023,478.0,2.0,4274.0,29.0,0.1118390266729059,0.0689655172413793,0.0904022719571426,9.040227195714262,calculated
Ja'Lynn Polk,2024,Washington,37,2023,1159.0,9.0,5155.0,38.0,0.2248302618816682,0.2368421052631578,0.2308361835724131,23.08361835724131,calculated
Adonai Mitchell,2024,Texas,52,2023,845.0,11.0,4047.0,25.0,0.208796639486039,0.44,0.3243983197430195,32.43983197430195,calculated
Malachi Corley,2024,Western Kentucky,65,2023,984.0,11.0,3837.0,38.0,0.2564503518373729,0.2894736842105263,0.2729620180239496,27.296201802394965,calculated
Jermaine Burton,2024,Alabama,80,2023,798.0,8.0,3086.0,23.0,0.2585871678548282,0.3478260869565217,0.303206627405675,30.3206627405675,calculated
Roman Wilson,2024,Michigan,84,2023,789.0,12.0,3205.0,24.0,0.2461778471138845,0.5,0.3730889235569423,37.30889235569423,calculated
Jalen McMillan,2024,Washington,92,2023,559.0,5.0,5155.0,38.0,0.1084384093113482,0.131578947368421,0.1200086783398846,12.000867833988464,calculated
Luke McCaffrey,2024,Rice,100,2023,992.0,13.0,3282.0,29.0,0.3022547227300426,0.4482758620689655,0.3752652923995041,37.52652923995041,calculated
Troy Franklin,2024,Oregon,102,2023,1383.0,14.0,4857.0,49.0,0.2847436689314391,0.2857142857142857,0.2852289773228624,28.522897732286246,calculated
Javon Baker,2024,Central Florida,110,2023,1139.0,7.0,3364.0,24.0,0.3385850178359096,0.2916666666666667,0.3151258422512881,31.512584225128816,calculated
Devontez Walker,2024,North Carolina,113,2023,699.0,7.0,3881.0,26.0,0.1801082195310487,0.2692307692307692,0.2246694943809089,22.466949438090893,calculated
Jacob Cowing,2024,Arizona,135,2023,839.0,13.0,4008.0,36.0,0.2093313373253493,0.3611111111111111,0.2852212242182302,28.52212242182302,calculated
Anthony Gould,2024,Oregon St.,142,2023,718.0,2.0,3148.0,26.0,0.2280813214739517,0.0769230769230769,0.1525021991985143,15.250219919851432,calculated
Ainias Smith,2024,Texas A&M,152,2023,795.0,2.0,3520.0,24.0,0.2258522727272727,0.0833333333333333,0.154592803030303,15.459280303030305,calculated
Jamari Thrash,2024,Louisville,156,2023,858.0,6.0,3283.0,22.0,0.2613463295766067,0.2727272727272727,0.2670368011519397,26.70368011519397,calculated
Bub Means,2024,Pittsburgh,170,2023,576.0,5.0,2592.0,17.0,0.2222222222222222,0.29411764705882354,0.25816993464052285,25.816993464052285,fixed_manual
Jha'Quan Jackson,2024,Tulane,182,2023,439.0,4.0,3010.0,25.0,0.1458471760797342,0.16,0.1529235880398671,15.29235880398671,calculated
Malik Washington,2024,Virginia,184,2023,1426.0,9.0,3010.0,19.0,0.4737541528239202,0.4736842105263157,0.473719181675118,47.3719181675118,calculated
Johnny Wilson,2024,Florida St.,185,2023,617.0,2.0,3508.0,25.0,0.1758836944127708,0.08,0.1279418472063854,12.79418472063854,calculated
Casey Washington,2024,Illinois,187,2023,670.0,4.0,3191.0,23.0,0.2099655280476339,0.1739130434782608,0.1919392857629474,19.19392857629474,calculated
Tejhaun Palmer,2024,Ala-Birmingham,191,2023,858.0,7.0,3467.0,22.0,0.2474762042111335,0.3181818181818182,0.2828290111964758,28.282901119647587,calculated
Jordan Whittington,2024,Texas,213,2023,505.0,1.0,4047.0,25.0,0.1247837904620706,0.04,0.0823918952310353,8.239189523103533,calculated
Ryan Flournoy,2024,SE Missouri St.,216,2023,,,,,,,,,fcs_school
Brenden Rice,2024,USC,225,2023,791.0,12.0,4329.0,37.0,0.1827211827211827,0.3243243243243243,0.2535227535227535,25.35227535227536,calculated
Devaughn Vele,2024,Utah,235,2023,593.0,3.0,2156.0,15.0,0.2750463821892393,0.2,0.2375231910946196,23.75231910946197,calculated
Tahj Washington,2024,USC,241,2023,1062.0,8.0,4329.0,37.0,0.2453222453222453,0.2162162162162162,0.2307692307692307,23.07692307692308,calculated
Cornelius Johnson,2024,Michigan,253,2023,604.0,1.0,3205.0,24.0,0.1884555382215288,0.0416666666666666,0.1150611024440977,11.506110244409776,calculated
Carnell Tate,2026,Ohio State,4,2025,875.0,9.0,3755.0,33.0,0.233022636484687,0.2727272727272727,0.2528749546059798,25.287495460597988,calculated
Jordyn Tyson,2026,Arizona State,7,2025,711.0,8.0,2908.0,20.0,0.2444979367262723,0.4,0.3222489683631362,32.22489683631362,calculated
Makai Lemon,2026,USC,16,2025,1156.0,11.0,3848.0,26.0,0.3004158004158004,0.4230769230769231,0.3617463617463617,36.17463617463618,calculated
Denzel Boston,2026,Washington,24,2025,881.0,11.0,3178.0,26.0,0.277218376337319,0.4230769230769231,0.3501476497071211,35.01476497071211,calculated
Kevin Concepcion,2026,Texas A&M,27,2025,919.0,9.0,3378.0,26.0,0.2720544701006512,0.3461538461538461,0.3091041581272487,30.910415812724867,calculated
Chris Bell,2026,Louisville,43,2025,917.0,6.0,2868.0,18.0,0.3197350069735007,0.3333333333333333,0.326534170153417,32.6534170153417,calculated
Elijah Sarratt,2026,Indiana,44,2025,806.0,15.0,3826.0,46.0,0.2106638787245164,0.3260869565217391,0.2683754176231278,26.837541762312775,calculated
Zachariah Branch,2026,Georgia,47,2025,811.0,6.0,3083.0,25.0,0.2630554654557249,0.24,0.2515277327278624,25.152773272786245,calculated
Germie Bernard,2026,Alabama,52,2025,862.0,7.0,3953.0,32.0,0.2180622312167973,0.21875,0.2184061156083986,21.840611560839868,calculated
Chris Brazzell,2026,Tennessee,53,2025,1017.0,9.0,3807.0,26.0,0.2671394799054373,0.3461538461538461,0.3066466630296417,30.66466630296417,calculated
Ja'Kobi Lane,2026,USC,65,2025,745.0,4.0,3848.0,26.0,0.1936070686070686,0.1538461538461538,0.1737266112266112,17.372661122661125,calculated
Omar Cooper Jr.,2026,Indiana,76,2025,961.0,13.0,3826.0,46.0,0.2511761630946157,0.2826086956521739,0.2668924293733948,26.68924293733949,calculated
Antonio Williams,2026,Clemson,85,2025,604.0,4.0,3481.0,22.0,0.1735133582303935,0.1818181818181818,0.1776657700242876,17.766577002428768,calculated
Skyler Bell,2026,UConn,88,2025,,,0.0,0.0,,,,,player_not_found
Malachi Fields,2026,Notre Dame,89,2025,630.0,5.0,3061.0,25.0,0.2058150931068278,0.2,0.2029075465534139,20.29075465534139,calculated
C.J. Daniels,2026,Miami,112,2025,557.0,7.0,4051.0,32.0,0.1374969143421377,0.21875,0.1781234571710688,17.812345717106886,calculated
Brenen Thompson,2026,Mississippi State,113,2025,1054.0,6.0,3138.0,20.0,0.3358827278521351,0.3,0.3179413639260675,31.794136392606752,calculated
Deion Burks,2026,Oklahoma,121,2025,620.0,4.0,3050.0,17.0,0.2032786885245901,0.2352941176470588,0.2192864030858244,21.928640308582448,calculated
Ted Hurst,2026,Georgia State,132,2025,1004.0,6.0,3053.0,22.0,0.3288568621028496,0.2727272727272727,0.3007920674150611,30.07920674150612,calculated
Bryce Lance,2026,North Dakota State,150,2025,1079.0,8.0,3104.0,20.0,0.3476159793814433,0.4,0.3738079896907216,37.38079896907217,calculated
Kevin Coleman Jr.,2026,Missouri,162,2025,732.0,1.0,2449.0,15.0,0.2988975091874234,0.0666666666666666,0.182782087927045,18.278208792704504,calculated
Eric McAlister,2026,TCU,171,2025,1190.0,10.0,3771.0,30.0,0.3155661628215327,0.3333333333333333,0.324449748077433,32.44497480774331,calculated
Eric Rivers,2026,Georgia Tech,178,2025,671.0,2.0,3413.0,16.0,0.1966012305889247,0.125,0.1608006152944623,16.080061529446237,calculated
Lewis Bond,2026,Boston College,185,2025,1010.0,1.0,3362.0,20.0,0.3004164187983343,0.05,0.1752082093991671,17.520820939916714,calculated
De'Zhaun Stribling,2026,Ole Miss,186,2025,811.0,6.0,4700.0,26.0,0.1725531914893617,0.2307692307692307,0.2016612111292962,20.166121112929623,calculated
Keelan Marion,2026,Miami,193,2025,746.0,2.0,4051.0,32.0,0.184152061219452,0.0625,0.123326030609726,12.3326030609726,calculated
Josh Cameron,2026,Baylor,194,2025,872.0,9.0,3715.0,31.0,0.2347240915208613,0.2903225806451613,0.2625233360830113,26.252333608301136,calculated
Noah Thomas,2026,Georgia,196,2025,254.0,4.0,3083.0,25.0,0.0823872851119039,0.16,0.121193642555952,12.1193642555952,calculated
Aaron Anderson,2026,LSU,199,2025,398.0,0.0,2984.0,20.0,0.1333780160857909,0.0,0.0666890080428954,6.668900804289544,calculated
Dane Key,2026,Nebraska,202,2025,452.0,5.0,2920.0,23.0,0.1547945205479452,0.217391304347826,0.1860929124478856,18.609291244788565,calculated
Jordan Hudson,2026,SMU,211,2025,766.0,6.0,3680.0,26.0,0.2081521739130434,0.2307692307692307,0.2194607023411371,21.946070234113712,calculated
Caleb Douglas,2026,Texas Tech,212,2025,830.0,7.0,3887.0,33.0,0.2135322871108824,0.2121212121212121,0.2128267496160472,21.282674961604727,calculated
Reggie Virgil,2026,Texas Tech,216,2025,,,3887.0,33.0,,,,,player_not_found
Vinny Anthony II,2026,Wisconsin,224,2025,391.0,1.0,1637.0,9.0,0.2388515577275504,0.1111111111111111,0.1749813344193307,17.498133441933074,calculated
Caullin Lacy,2026,Louisville,231,2025,635.0,2.0,2868.0,18.0,0.2214086471408647,0.1111111111111111,0.1662598791259879,16.62598791259879,calculated
Kendrick Law,2026,Kentucky,250,2025,540.0,3.0,2423.0,15.0,0.2228642179116797,0.2,0.2114321089558398,21.143210895583987,calculated
Colbie Young,2026,Georgia,250,2025,358.0,1.0,3083.0,25.0,0.116120661693156,0.04,0.078060330846578,7.806033084657801,calculated
Kaden Wetjen,2026,Iowa,250,2025,151.0,1.0,1861.0,12.0,0.0811391724879097,0.0833333333333333,0.0822362529106215,8.223625291062152,calculated
Chris Hilton,2026,LSU,250,2025,122.0,0.0,2984.0,20.0,0.0408847184986595,0.0,0.0204423592493297,2.044235924932976,calculated
Malik Benson,2026,Oregon,250,2025,719.0,6.0,3804.0,31.0,0.1890115667718191,0.1935483870967742,0.1912799769342966,19.127997693429663,calculated
Jeff Caldwell,2026,Cincinnati,250,2025,478.0,6.0,2992.0,29.0,0.15975935828877,0.2068965517241379,0.183327955006454,18.3327955006454,calculated
Hank Beatty,2026,Illinois,250,2025,864.0,3.0,3065.0,23.0,0.2818923327895595,0.1304347826086956,0.2061635576991276,20.61635576991276,calculated
Eli Heidenreich,2026,Navy,250,2025,941.0,6.0,1690.0,12.0,0.5568047337278107,0.5,0.5284023668639053,52.840236686390526,calculated
Harrison Wallace III,2026,Ole Miss,250,2025,934.0,4.0,4700.0,26.0,0.1987234042553191,0.1538461538461538,0.1762847790507365,17.62847790507365,calculated
Jaden Greathouse,2026,Notre Dame,250,2025,73.0,0.0,3061.0,25.0,0.0238484155504737,0.0,0.0119242077752368,1.192420777523685,calculated
J.Michael Sturdivant,2026,Florida,250,2025,406.0,3.0,2455.0,18.0,0.165376782077393,0.1666666666666666,0.1660217243720298,16.602172437202984,calculated
Dillon Bell,2026,Georgia,250,2025,268.0,2.0,3083.0,25.0,0.0869283165747648,0.08,0.0834641582873824,8.346415828738243,calculated
Barion Brown,2026,LSU,250,2025,532.0,1.0,2984.0,20.0,0.17828418230563,0.05,0.114142091152815,11.4142091152815,calculated
Jordan Dwyer,2026,TCU,250,2025,730.0,7.0,3771.0,30.0,0.1935826040837974,0.2333333333333333,0.2134579687085653,21.34579687085654,calculated
Griffin Wilde,2026,Northwestern,250,2025,880.0,8.0,2417.0,17.0,0.3640877120397187,0.4705882352941176,0.4173379736669181,41.73379736669182,calculated
Jalil Farooq,2026,Maryland,250,2025,545.0,4.0,3068.0,18.0,0.1776401564537157,0.2222222222222222,0.199931189337969,19.9931189337969,calculated
Amare Thomas,2026,Houston,250,2025,966.0,12.0,2813.0,26.0,0.3434056167792392,0.4615384615384615,0.4024720391588504,40.247203915885045,calculated
Romello Brinson,2026,SMU,250,2025,638.0,3.0,3680.0,26.0,0.1733695652173913,0.1153846153846153,0.1443770903010033,14.437709030100336,calculated
Jalen Walthall,2026,Incarnate Word,250,2025,847.0,8.0,1687.0,13.0,0.5020746887966805,0.6153846153846154,0.558729652090648,55.8729652090648,calculated
Chase Roberts,2026,BYU,250,2025,802.0,6.0,3096.0,15.0,0.2590439276485788,0.4,0.3295219638242894,32.952196382428944,calculated
Emmanuel Henderson,2026,Kansas,250,2025,766.0,5.0,2640.0,23.0,0.2901515151515151,0.217391304347826,0.2537714097496706,25.377140974967062,calculated
Zavion Thomas,2026,LSU,250,2025,488.0,4.0,2984.0,20.0,0.163538873994638,0.2,0.181769436997319,18.176943699731904,calculated
Trebor Pena,2026,Penn State,250,2025,552.0,2.0,2439.0,16.0,0.2263222632226322,0.125,0.1756611316113161,17.56611316113161,calculated
Hykeem Williams,2026,Colorado,250,2025,81.0,0.0,2433.0,17.0,0.033292231812577,0.0,0.0166461159062885,1.6646115906288532,calculated
Jaquaize Pettaway,2026,East Carolina,250,2025,32.0,0.0,3545.0,22.0,0.0090267983074753,0.0,0.0045133991537376,0.4513399153737658,calculated
Shelton Sampson Jr.,2026,Louisiana,250,2025,537.0,6.0,2095.0,12.0,0.2563245823389021,0.5,0.3781622911694511,37.81622911694511,calculated
Raymond Cottrell,2026,Texas A&M,250,2025,,,3378.0,26.0,,,,,player_not_found
Nathan Leacock,2026,North Carolina,250,2025,48.0,0.0,2207.0,13.0,0.0217489805165382,0.0,0.0108744902582691,1.0874490258269145,calculated
Anthony Evans III,2026,Mississippi State,250,2025,831.0,4.0,3138.0,20.0,0.2648183556405353,0.2,0.2324091778202676,23.240917782026767,calculated
Jalen Brown,2026,Arkansas,250,2025,167.0,2.0,3155.0,22.0,0.052931854199683,0.0909090909090909,0.0719204725543869,7.192047255438698,calculated
Brandon Inniss,2026,Ohio State,250,2025,271.0,3.0,3755.0,33.0,0.0721704394141145,0.0909090909090909,0.0815397651616027,8.153976516160272,calculated
Ryan Niblett,2026,Texas,250,2025,60.0,0.0,3259.0,28.0,0.0184105553850874,0.0,0.0092052776925437,0.9205277692543724,calculated
Cordale Russell,2026,Colorado,250,2025,,,2433.0,17.0,,,,,player_not_found
Ayden Williams,2026,Mississippi State,250,2025,252.0,0.0,3138.0,20.0,0.0803059273422562,0.0,0.0401529636711281,4.015296367112811,calculated
Braylon James,2026,Notre Dame,250,2025,,,3061.0,25.0,,,,,player_not_found
London Humphreys,2026,Georgia,250,2025,276.0,3.0,3083.0,25.0,0.0895231916963996,0.12,0.1047615958481998,10.47615958481998,calculated
Tyler Brown,2026,Clemson,250,2025,191.0,0.0,3481.0,22.0,0.0548692904337833,0.0,0.0274346452168916,2.743464521689169,calculated
Mikey Matthews,2026,UCLA,250,2025,348.0,2.0,2163.0,15.0,0.1608876560332871,0.1333333333333333,0.1471104946833102,14.711049468331025,calculated
Antonio Gates Jr.,2026,Michigan State,250,2024,49.0,0.0,2617.0,13.0,0.018723729461215134,0.0,0.009361864730607567,0.9361864730607566,fixed_manual
C.J. Williams,2026,Stanford,250,2025,757.0,6.0,2664.0,14.0,0.2841591591591592,0.4285714285714285,0.3563652938652938,35.63652938652939,calculated
Andre Greene Jr.,2026,Virginia,250,2025,7.0,0.0,3348.0,18.0,0.0020908004778972,0.0,0.0010454002389486,0.1045400238948626,calculated
Kobe Prentice,2026,Baylor,250,2025,380.0,6.0,3715.0,31.0,0.1022880215343203,0.1935483870967742,0.1479182043155472,14.791820431554726,calculated
Kyion Grayes,2026,California,250,2025,10.0,0.0,3579.0,20.0,0.0027940765576976,0.0,0.0013970382788488,0.139703827884884,calculated
Braylin Presley,2026,Tulsa,250,2025,115.0,1.0,2670.0,15.0,0.0430711610486891,0.0666666666666666,0.0548689138576779,5.486891385767791,calculated
Talyn Shettron,2026,Oklahoma State,250,2024,245.0,1.0,3176.0,22.0,0.07714105793450882,0.045454545454545456,0.061297801694527136,6.129780169452713,fixed_manual
Tobias Merriweather,2026,Utah,250,2025,130.0,0.0,2816.0,27.0,0.0461647727272727,0.0,0.0230823863636363,2.308238636363636,calculated
Kaleb Brown,2026,UAB,250,2025,255.0,2.0,3187.0,20.0,0.0800125509883903,0.1,0.0900062754941951,9.000627549419518,calculated
Jayden McGowan,2026,Charlotte,250,2025,7.0,0.0,2448.0,14.0,0.002859477124183,0.0,0.0014297385620915,0.1429738562091503,calculated
Squirrel White,2026,Florida State,250,2025,52.0,0.0,3041.0,20.0,0.0170996382768826,0.0,0.0085498191384413,0.8549819138441302,calculated
Jaron Glover,2026,Michigan State,250,2024,192.0,2.0,2617.0,13.0,0.07336645013374092,0.15384615384615385,0.1136063019899474,11.36063019899474,fixed_manual
Justus Ross-Simmons,2026,Syracuse,250,2025,312.0,5.0,2607.0,17.0,0.1196777905638665,0.2941176470588235,0.206897718811345,20.689771881134504,calculated
Jayden Ballard,2026,Wisconsin,250,2025,150.0,2.0,1637.0,9.0,0.0916310323762981,0.2222222222222222,0.1569266272992601,15.692662729926017,calculated
Christian Leary,2026,Western Michigan,250,2025,115.0,0.0,1939.0,10.0,0.0593089221248066,0.0,0.0296544610624033,2.9654461062403303,calculated
JoJo Earle,2026,UNLV,250,2025,258.0,0.0,3512.0,24.0,0.0734624145785877,0.0,0.0367312072892938,3.673120728929385,calculated
Dacari Collins,2026,Louisville,250,2025,219.0,1.0,2868.0,18.0,0.0763598326359832,0.0555555555555555,0.0659576940957694,6.59576940957694,calculated
Cody Jackson,2026,Tarleton State,250,2025,799.0,6.0,2684.0,26.0,0.2976900149031297,0.2307692307692307,0.2642296228361802,26.422962283618023,calculated
Kyron Ware-Hudson,2026,Penn State,250,2025,288.0,2.0,2439.0,16.0,0.1180811808118081,0.125,0.121540590405904,12.154059040590406,calculated
Malik McClain,2026,Arizona State,250,2025,441.0,1.0,2908.0,20.0,0.1516506189821183,0.05,0.1008253094910591,10.082530949105914,calculated
Deion Colzie,2026,Miami (OH),250,2025,178.0,1.0,2622.0,17.0,0.0678871090770404,0.0588235294117647,0.0633553192444025,6.335531924440257,calculated
Jerand Bradley,2026,Kansas State,250,2025,184.0,2.0,2380.0,18.0,0.0773109243697479,0.1111111111111111,0.0942110177404295,9.42110177404295,calculated
Andrel Anthony,2026,Duke,250,2025,246.0,5.0,3995.0,34.0,0.0615769712140175,0.1470588235294117,0.1043178973717146,10.431789737171464,calculated
Jayden Thomas,2026,Virginia,250,2025,9.0,0.0,3348.0,18.0,0.0026881720430107,0.0,0.0013440860215053,0.1344086021505376,calculated
Rara Thomas,2026,Troy,250,2025,629.0,5.0,2929.0,20.0,0.2147490611130078,0.25,0.2323745305565039,23.23745305565039,calculated
Cyrus Allen,2026,Cincinnati,250,2025,660.0,12.0,2992.0,29.0,0.2205882352941176,0.4137931034482758,0.3171906693711968,31.71906693711968,calculated
Jared Brown,2026,South Carolina,250,2025,102.0,0.0,2703.0,13.0,0.0377358490566037,0.0,0.0188679245283018,1.8867924528301887,calculated
Jaden Bray,2026,West Virginia,250,2025,95.0,0.0,2266.0,10.0,0.0419240953221535,0.0,0.0209620476610767,2.096204766107679,calculated
Joseph Manjack IV,2026,TCU,250,2025,579.0,3.0,3771.0,30.0,0.1535401750198886,0.1,0.1267700875099443,12.677008750994432,calculated
Max Tomzcak,2026,Northern Illinois,250,2025,,,1186.0,8.0,,,,,player_not_found
E.J. Williams,2026,Indiana,250,2025,438.0,6.0,3826.0,46.0,0.1144798745426032,0.1304347826086956,0.1224573285756494,12.245732857564946,calculated
Ja'Mori Maclin,2026,Kentucky,250,2024,313.0,4.0,2218.0,15.0,0.1411181244364292,0.26666666666666666,0.20389239555154792,20.38923955515479,fixed_fuzzy_match
Ja'Varrius Johnson,2026,Auburn,250,2025,,,2365.0,11.0,,,,,player_not_found
Donavon Greene,2026,Virginia Tech,250,2025,267.0,2.0,1996.0,17.0,0.1337675350701402,0.1176470588235294,0.1257072969468348,12.570729694683486,calculated
